number,value,datetime_start,datetime_complete,duration,params_batch_size,params_bidirectional,params_dropout,params_hidden_size,params_lr,params_n_epochs,params_num_layers,params_seq_len,state
0,0.0,2025-11-24 22:17:12.069292,2025-11-24 22:19:25.088923,0 days 00:02:13.019631,32,True,0.3429789855453941,60,0.0003849295412527523,200,1.0,63,COMPLETE
1,0.5448773448773448,2025-11-24 22:17:14.017656,2025-11-24 22:21:19.812369,0 days 00:04:05.794713,16,True,0.258732836047799,52,0.009154047079497848,200,1.0,35,COMPLETE
2,0.5518136249715196,2025-11-24 22:17:17.898549,2025-11-24 22:18:06.175172,0 days 00:00:48.276623,48,False,0.10042357333400997,52,0.0014311929820341482,100,2.0,21,COMPLETE
3,0.4244614512471655,2025-11-24 22:18:06.237650,2025-11-24 22:19:56.410749,0 days 00:01:50.173099,32,False,0.17272309377055706,96,0.003463919904821047,200,1.0,42,COMPLETE
4,0.0,2025-11-24 22:19:25.137487,2025-11-24 22:23:05.455053,0 days 00:03:40.317566,16,False,0.31765674842083835,44,0.002231196339327231,200,1.0,63,COMPLETE
5,0.5027375307987552,2025-11-24 22:19:56.438940,2025-11-24 22:21:22.269286,0 days 00:01:25.830346,48,True,0.10039614524060735,12,0.001440850162227722,150,2.0,28,COMPLETE
6,0.4936230935005444,2025-11-24 22:21:19.853050,2025-11-24 22:21:37.870487,0 days 00:00:18.017437,48,False,0.25081889434779253,4,0.0003851979264969023,50,1.0,7,PRUNED
7,0.48920315099244865,2025-11-24 22:21:22.300494,2025-11-24 22:22:56.251522,0 days 00:01:33.951028,48,True,0.46126396975280526,52,0.0043919498106163215,150,1.0,14,PRUNED
8,0.5294372294372295,2025-11-24 22:21:37.897107,2025-11-24 22:25:42.661825,0 days 00:04:04.764718,16,False,0.48421015322689853,92,0.0015824829680029086,200,1.0,35,COMPLETE
9,0.4833333333333334,2025-11-24 22:22:56.299093,2025-11-24 22:25:23.318394,0 days 00:02:27.019301,16,True,0.2511890918431308,24,0.0029756215035924767,100,2.0,35,PRUNED
10,0.5099802536644641,2025-11-24 22:23:05.504305,2025-11-24 22:24:40.693333,0 days 00:01:35.189028,32,True,0.11666683729495841,56,0.001862884403507898,100,2.0,21,COMPLETE
11,0.3333333333333333,2025-11-24 22:24:40.729478,2025-11-24 22:25:51.256022,0 days 00:01:10.526544,32,False,0.10593156181655808,76,0.006946273112290644,150,1.0,49,PRUNED
12,0.7,2025-11-24 22:25:23.346068,2025-11-24 22:25:42.187896,0 days 00:00:18.841828,64,False,0.40694003781865873,80,0.00012171033500378537,50,2.0,49,COMPLETE
13,0.6,2025-11-24 22:25:42.237162,2025-11-24 22:26:00.865808,0 days 00:00:18.628646,64,False,0.43933775024954236,84,0.0001227441529227764,50,2.0,49,COMPLETE
14,0.6,2025-11-24 22:25:42.693947,2025-11-24 22:26:01.466639,0 days 00:00:18.772692,64,False,0.4064509489366729,80,0.00012501011161373477,50,2.0,49,COMPLETE
15,0.0,2025-11-24 22:25:51.283894,2025-11-24 22:26:09.835244,0 days 00:00:18.551350,64,False,0.4067748479982065,76,0.00012871628357719072,50,2.0,56,COMPLETE
16,0.6,2025-11-24 22:26:00.901636,2025-11-24 22:26:19.790978,0 days 00:00:18.889342,64,False,0.4069324104743597,76,0.00010214540165018993,50,2.0,49,COMPLETE
17,0.6,2025-11-24 22:26:01.496399,2025-11-24 22:26:20.314507,0 days 00:00:18.818108,64,False,0.40939700157966047,72,0.0001031110807470092,50,2.0,49,COMPLETE
18,0.6666666666666666,2025-11-24 22:26:09.866948,2025-11-24 22:26:28.891532,0 days 00:00:19.024584,64,False,0.3961360669807932,68,0.000244228055852366,50,2.0,49,COMPLETE
19,0.0,2025-11-24 22:26:19.824381,2025-11-24 22:26:56.653360,0 days 00:00:36.828979,64,False,0.4536429495945228,88,0.0002853066793109117,100,2.0,56,COMPLETE
20,0.0,2025-11-24 22:26:20.345147,2025-11-24 22:26:57.305941,0 days 00:00:36.960794,64,False,0.359076555286135,36,0.000264469865672762,100,2.0,56,COMPLETE
21,0.0,2025-11-24 22:26:28.921908,2025-11-24 22:27:06.202982,0 days 00:00:37.281074,64,False,0.35067852150163636,36,0.0003688045940806495,100,2.0,56,COMPLETE
22,0.5335648148148149,2025-11-24 22:26:56.687567,2025-11-24 22:27:37.147903,0 days 00:00:40.460336,48,False,0.36248335581812036,64,0.0007409276908288178,100,2.0,42,PRUNED
23,0.49553571428571425,2025-11-24 22:26:57.338527,2025-11-24 22:27:14.070566,0 days 00:00:16.732039,64,False,0.4993513848508511,68,0.00019527767687504714,50,2.0,42,PRUNED
24,0.47966269841269843,2025-11-24 22:27:06.232341,2025-11-24 22:27:26.918870,0 days 00:00:20.686529,48,False,0.4970844981014767,64,0.00021107930752303552,50,2.0,42,PRUNED
25,0.4897486772486772,2025-11-24 22:27:14.103973,2025-11-24 22:27:34.296020,0 days 00:00:20.192047,48,False,0.4416929835580805,84,0.0006916455501954866,50,2.0,42,PRUNED
26,0.5514219576719577,2025-11-24 22:27:26.940210,2025-11-24 22:27:47.176030,0 days 00:00:20.235820,48,False,0.4360621499403646,80,0.0006566370606448767,50,2.0,42,PRUNED
27,0.0,2025-11-24 22:27:34.324655,2025-11-24 22:27:53.313032,0 days 00:00:18.988377,64,False,0.37719337511993667,88,0.0006760695263628823,50,2.0,63,COMPLETE
28,0.0,2025-11-24 22:27:37.170099,2025-11-24 22:27:56.065168,0 days 00:00:18.895069,64,False,0.38202555726206433,84,0.00018969455300110394,50,2.0,63,COMPLETE
29,0.0,2025-11-24 22:27:47.196966,2025-11-24 22:28:05.786384,0 days 00:00:18.589418,64,False,0.38357181703373655,88,0.00016008379814663967,50,2.0,63,COMPLETE
30,0.48427786939691697,2025-11-24 22:27:53.338608,2025-11-24 22:28:09.694003,0 days 00:00:16.355395,64,False,0.29706922561391513,96,0.00016502339550971985,50,2.0,28,PRUNED
31,0.5821480107194394,2025-11-24 22:27:56.095502,2025-11-24 22:28:41.718805,0 days 00:00:45.623303,64,True,0.31060197096054254,96,0.00015628471650937166,100,2.0,28,COMPLETE
32,0.5205350394125904,2025-11-24 22:28:05.822250,2025-11-24 22:28:52.208362,0 days 00:00:46.386112,64,True,0.31497265246502293,60,0.00044000076523049726,100,2.0,28,COMPLETE
33,0.6,2025-11-24 22:28:09.728382,2025-11-24 22:28:28.147937,0 days 00:00:18.419555,64,False,0.3257157903489403,72,0.00012903326340790359,50,2.0,49,COMPLETE
34,0.6,2025-11-24 22:28:28.172681,2025-11-24 22:28:51.452809,0 days 00:00:23.280128,64,True,0.4203564492539366,60,0.0004436395797780444,50,2.0,49,COMPLETE
35,0.6666666666666666,2025-11-24 22:28:41.747442,2025-11-24 22:29:00.687749,0 days 00:00:18.940307,64,False,0.4210320273538993,60,0.0002652412549327222,50,2.0,49,COMPLETE
36,0.0,2025-11-24 22:28:51.484274,2025-11-24 22:29:09.778216,0 days 00:00:18.293942,64,False,0.46966175719756287,80,0.000262125838134354,50,2.0,56,COMPLETE
37,0.0,2025-11-24 22:28:52.234957,2025-11-24 22:29:14.598791,0 days 00:00:22.363834,48,False,0.4649347227382986,80,0.0002621976356203585,50,2.0,56,COMPLETE
38,0.0,2025-11-24 22:29:00.723173,2025-11-24 22:29:23.421615,0 days 00:00:22.698442,48,False,0.46836624404177885,48,0.00029007212796850146,50,2.0,56,COMPLETE
39,0.4887205387205387,2025-11-24 22:29:09.808428,2025-11-24 22:30:08.015076,0 days 00:00:58.206648,48,False,0.27789756489506223,44,0.0003140979047306981,150,2.0,35,PRUNED
40,0.6666666666666666,2025-11-24 22:29:14.630262,2025-11-24 22:30:15.237649,0 days 00:01:00.607387,48,False,0.2833408325385379,48,0.0003254043111938742,150,1.0,49,COMPLETE
41,0.6668470418470418,2025-11-24 22:29:23.447443,2025-11-24 22:30:45.405204,0 days 00:01:21.957761,32,False,0.21082740518214144,68,0.0010306077326457657,150,1.0,35,COMPLETE
42,0.5333333333333334,2025-11-24 22:30:08.034074,2025-11-24 22:30:35.558963,0 days 00:00:27.524889,64,False,0.22030676310358602,72,0.0011207092084429297,100,1.0,49,PRUNED
43,0.4,2025-11-24 22:30:15.273380,2025-11-24 22:31:36.689811,0 days 00:01:21.416431,32,False,0.21818095176932772,68,0.0010747076989238318,150,1.0,49,COMPLETE
44,0.5065192743764173,2025-11-24 22:30:35.580924,2025-11-24 22:31:57.134241,0 days 00:01:21.553317,32,False,0.20330848208646374,56,0.00021443243523432384,150,1.0,42,COMPLETE
45,0.5260521885521886,2025-11-24 22:30:45.442274,2025-11-24 22:31:55.412300,0 days 00:01:09.970026,32,False,0.20160420729370448,56,0.0010689240858911884,150,1.0,35,PRUNED
46,0.555050505050505,2025-11-24 22:31:36.720033,2025-11-24 22:32:53.396808,0 days 00:01:16.676775,32,False,0.16414568036880517,48,0.0005097841047355971,150,1.0,35,PRUNED
47,0.4251725217411492,2025-11-24 22:31:55.435130,2025-11-24 22:33:14.451330,0 days 00:01:19.016200,48,False,0.1745871537787557,52,0.0004874504151259003,200,1.0,7,PRUNED
48,0.5981294144452038,2025-11-24 22:31:57.164088,2025-11-24 22:34:19.098677,0 days 00:02:21.934589,32,True,0.27215531509040547,36,0.0005356313686290216,200,1.0,21,COMPLETE
49,0.6158601048074732,2025-11-24 22:32:53.429576,2025-11-24 22:37:04.662364,0 days 00:04:11.232788,16,True,0.2683238824600803,40,0.0005423113473193351,200,1.0,21,COMPLETE
50,0.4903296119085592,2025-11-24 22:33:14.481350,2025-11-24 22:35:07.723654,0 days 00:01:53.242304,32,True,0.2789163596322603,64,0.0008951939057501611,200,1.0,21,PRUNED
51,0.4580026455026455,2025-11-24 22:34:19.128138,2025-11-24 22:35:30.129950,0 days 00:01:11.001812,32,False,0.14239084414438322,64,0.000823372711417786,150,1.0,42,PRUNED
52,0.5357684208520329,2025-11-24 22:35:07.747373,2025-11-24 22:37:26.783029,0 days 00:02:19.035656,16,False,0.3412790800974068,44,0.0021384562486738605,150,1.0,14,PRUNED
53,0.5666666666666667,2025-11-24 22:35:30.167119,2025-11-24 22:36:13.243080,0 days 00:00:43.075961,64,False,0.4290363350185583,44,0.00012978168299365613,150,1.0,49,PRUNED
54,0.7333333333333334,2025-11-24 22:36:13.269018,2025-11-24 22:38:45.450906,0 days 00:02:32.181888,16,False,0.3911204979582769,68,0.0003655039003999615,150,1.0,49,COMPLETE
55,0.5075244047108596,2025-11-24 22:37:04.694717,2025-11-24 22:40:51.215251,0 days 00:03:46.520534,16,True,0.23957614780627323,24,0.0003486654449239871,200,1.0,14,PRUNED
56,0.49801972863009647,2025-11-24 22:37:26.811349,2025-11-24 22:41:14.854653,0 days 00:03:48.043304,16,True,0.237033353418169,28,0.00034284170571058565,200,1.0,14,PRUNED
57,0.0,2025-11-24 22:38:45.500961,2025-11-24 22:41:22.043565,0 days 00:02:36.542604,16,False,0.3934092432261659,68,0.0015057327022033272,150,1.0,56,COMPLETE
58,0.0,2025-11-24 22:40:51.240711,2025-11-24 22:41:53.313242,0 days 00:01:02.072531,48,False,0.39777684401872354,68,0.00023076806662995024,150,1.0,56,COMPLETE
59,0.6,2025-11-24 22:41:14.881415,2025-11-24 22:43:39.370788,0 days 00:02:24.489373,16,False,0.39143147013187124,68,0.001481435004910207,150,1.0,49,COMPLETE
60,0.5333333333333333,2025-11-24 22:41:22.081772,2025-11-24 22:42:20.148873,0 days 00:00:58.067101,48,False,0.3676263760213949,60,0.00023253188557899906,150,1.0,49,COMPLETE
61,0.5060941043083901,2025-11-24 22:41:53.344744,2025-11-24 22:42:50.534449,0 days 00:00:57.189705,48,False,0.372543876875138,60,0.00039624451596160403,150,1.0,42,COMPLETE
62,0.47685185185185186,2025-11-24 22:42:20.180349,2025-11-24 22:44:26.499617,0 days 00:02:06.319268,16,False,0.33848044335260397,76,0.0012780196609169304,150,1.0,42,PRUNED
63,0.4619708994708995,2025-11-24 22:42:50.564821,2025-11-24 22:46:20.961776,0 days 00:03:30.396955,16,True,0.34589229822638806,40,0.0005409414803955881,200,1.0,42,PRUNED
64,0.4817176870748299,2025-11-24 22:43:39.402505,2025-11-24 22:47:49.330966,0 days 00:04:09.928461,16,True,0.33231988639655696,40,0.00018143215211988262,200,1.0,42,COMPLETE
65,0.6666666666666666,2025-11-24 22:44:26.521051,2025-11-24 22:48:32.880155,0 days 00:04:06.359104,16,True,0.2933166652469436,40,0.0006138243564631686,200,1.0,49,COMPLETE
66,0.7333333333333334,2025-11-24 22:46:20.991576,2025-11-24 22:48:25.733550,0 days 00:02:04.741974,16,True,0.29807828148942583,32,0.0005929673335207691,100,1.0,49,COMPLETE
67,0.4666666666666666,2025-11-24 22:47:49.358982,2025-11-24 22:49:32.731983,0 days 00:01:43.373001,16,False,0.29588711485501534,52,0.0006296512941373228,100,1.0,49,COMPLETE
68,0.6666666666666666,2025-11-24 22:48:25.765736,2025-11-24 22:50:07.500759,0 days 00:01:41.735023,16,False,0.29552158426107356,72,0.000428052442181178,100,1.0,49,COMPLETE
69,0.4,2025-11-24 22:48:32.916734,2025-11-24 22:49:05.789334,0 days 00:00:32.872600,64,False,0.4170521901185234,12,0.008647632673852934,100,2.0,49,PRUNED
70,0.0,2025-11-24 22:49:05.812549,2025-11-24 22:49:39.901604,0 days 00:00:34.089055,64,False,0.4428534906278517,56,0.0008225885165438258,100,1.0,56,COMPLETE
71,0.0,2025-11-24 22:49:32.766941,2025-11-24 22:49:52.348489,0 days 00:00:19.581548,64,False,0.4459112093363154,16,0.0004381629921566751,50,2.0,56,COMPLETE
72,0.0,2025-11-24 22:49:39.958396,2025-11-24 22:50:11.308293,0 days 00:00:31.349897,32,False,0.3558050380684098,28,0.0004226824310662431,50,2.0,63,COMPLETE
73,0.6,2025-11-24 22:49:52.382021,2025-11-24 22:50:51.725413,0 days 00:00:59.343392,16,True,0.301949743117134,28,0.0005973515850923873,50,1.0,49,COMPLETE
74,0.6,2025-11-24 22:50:07.526946,2025-11-24 22:51:08.189563,0 days 00:01:00.662617,16,True,0.3066532088129935,32,0.0006080961217597976,50,1.0,49,COMPLETE
75,0.6,2025-11-24 22:50:11.335774,2025-11-24 22:51:12.039693,0 days 00:01:00.703919,16,True,0.3099145636790286,28,0.0006047770422649022,50,1.0,49,COMPLETE
76,0.6,2025-11-24 22:50:51.750813,2025-11-24 22:51:53.488628,0 days 00:01:01.737815,16,True,0.25785613594697543,32,0.0003092526589593207,50,1.0,49,COMPLETE
77,0.4631283068783069,2025-11-24 22:51:08.229317,2025-11-24 22:53:48.180974,0 days 00:02:39.951657,16,True,0.3239808466466646,76,0.00031454688917728315,150,1.0,42,PRUNED
78,0.6561791383219955,2025-11-24 22:51:12.069445,2025-11-24 22:53:18.314776,0 days 00:02:06.245331,16,True,0.25804035050520324,48,0.00029235568075058004,100,1.0,42,COMPLETE
79,0.5667989417989419,2025-11-24 22:51:53.514625,2025-11-24 22:52:33.312137,0 days 00:00:39.797512,64,True,0.4253357461491088,48,0.00014926093774314783,100,2.0,42,PRUNED
80,0.3942340067340068,2025-11-24 22:52:33.343672,2025-11-24 22:53:54.341765,0 days 00:01:20.998093,32,False,0.47823810692219265,76,0.001796162390026983,150,2.0,35,PRUNED
81,0.5537037037037037,2025-11-24 22:53:18.349035,2025-11-24 22:54:36.155162,0 days 00:01:17.806127,32,False,0.28815335050359675,76,0.0007309239540431693,150,2.0,35,PRUNED
82,0.5528619528619528,2025-11-24 22:53:48.211747,2025-11-24 22:55:07.258000,0 days 00:01:19.046253,32,False,0.28767884213604655,64,0.0009399831168750431,150,2.0,35,PRUNED
83,0.7333333333333334,2025-11-24 22:53:54.363666,2025-11-24 22:55:32.401956,0 days 00:01:38.038290,16,False,0.2935731569777584,72,0.0003834071228759975,100,1.0,49,COMPLETE
84,0.6,2025-11-24 22:54:36.181909,2025-11-24 22:56:13.896531,0 days 00:01:37.714622,16,False,0.2924417497419352,72,0.00037384462268436324,100,1.0,49,COMPLETE
85,0.0,2025-11-24 22:55:07.285183,2025-11-24 22:56:43.029095,0 days 00:01:35.743912,16,False,0.4096240840627149,72,0.00024609134590043475,100,1.0,56,COMPLETE
86,0.0,2025-11-24 22:55:32.428164,2025-11-24 22:57:08.336522,0 days 00:01:35.908358,16,False,0.45515861649255723,84,0.0003707747664255876,100,1.0,56,COMPLETE
87,0.0,2025-11-24 22:56:13.923306,2025-11-24 22:57:51.705031,0 days 00:01:37.781725,16,False,0.41213654156498086,84,0.0002476529938357771,100,1.0,56,COMPLETE
88,0.6666666666666666,2025-11-24 22:56:43.057973,2025-11-24 22:56:59.920652,0 days 00:00:16.862679,64,False,0.45352115233942236,80,0.0003349684944748733,50,1.0,49,COMPLETE
89,0.0,2025-11-24 22:56:59.954490,2025-11-24 22:58:35.986816,0 days 00:01:36.032326,16,False,0.2421090514284602,84,0.00048298909967034497,100,1.0,56,COMPLETE
90,0.5333333333333334,2025-11-24 22:57:08.371063,2025-11-24 22:57:22.630294,0 days 00:00:14.259231,64,False,0.24458131711973108,64,0.00020918445160858796,50,1.0,49,PRUNED
91,0.6666666666666666,2025-11-24 22:57:22.661138,2025-11-24 22:58:02.360242,0 days 00:00:39.699104,48,False,0.26741296230848166,60,0.00047513584310425835,100,1.0,49,COMPLETE
92,0.4,2025-11-24 22:57:51.740116,2025-11-24 22:58:08.749077,0 days 00:00:17.008961,48,False,0.3876558605337582,56,0.003179490095639905,50,1.0,49,PRUNED
93,0.2666666666666667,2025-11-24 22:58:02.391667,2025-11-24 22:59:24.869577,0 days 00:01:22.477910,16,False,0.31948667650800106,68,0.0037992929624159387,100,1.0,49,PRUNED
94,0.6666666666666666,2025-11-24 22:58:08.778354,2025-11-24 22:59:46.293719,0 days 00:01:37.515365,16,False,0.2811362773102215,68,0.0004189678750257827,100,1.0,49,COMPLETE
95,0.5333333333333334,2025-11-24 22:58:36.018075,2025-11-24 23:00:00.182150,0 days 00:01:24.164075,16,False,0.3249291027641785,72,0.0004063623921310515,100,1.0,49,PRUNED
96,0.6,2025-11-24 22:59:24.897685,2025-11-24 23:01:04.787786,0 days 00:01:39.890101,16,False,0.2812159582097703,68,0.00011211311368692015,100,1.0,49,COMPLETE
97,0.6903344671201814,2025-11-24 22:59:46.328131,2025-11-24 23:02:21.541950,0 days 00:02:35.213819,16,False,0.40056735184864956,72,0.00027759734763147426,150,1.0,42,COMPLETE
98,0.5778688242973956,2025-11-24 23:00:00.208987,2025-11-24 23:02:36.734222,0 days 00:02:36.525235,16,False,0.401902416790701,72,0.0007307582392571914,150,1.0,28,COMPLETE
99,0.5337466010935399,2025-11-24 23:01:04.820154,2025-11-24 23:02:01.882517,0 days 00:00:57.062363,64,False,0.39911508641263027,72,0.00014225829323013275,150,2.0,28,COMPLETE
100,0.621031746031746,2025-11-24 23:02:01.914490,2025-11-24 23:05:05.052831,0 days 00:03:03.138341,16,True,0.30092417532203575,64,0.00027687884802090853,150,1.0,42,COMPLETE
101,0.5912698412698412,2025-11-24 23:02:21.575927,2025-11-24 23:03:20.677259,0 days 00:00:59.101332,64,True,0.4277142341422947,80,0.0013050262790120326,150,1.0,42,COMPLETE
102,0.5092592592592593,2025-11-24 23:02:36.765179,2025-11-24 23:03:36.808976,0 days 00:01:00.043797,64,True,0.43022154268783896,92,0.0001915667534304464,150,2.0,42,PRUNED
103,0.4583333333333333,2025-11-24 23:03:20.708073,2025-11-24 23:05:30.777086,0 days 00:02:10.069013,16,False,0.37499167728894495,64,0.00017603831165148419,150,1.0,42,PRUNED
104,0.5333333333333334,2025-11-24 23:03:36.870195,2025-11-24 23:05:43.148508,0 days 00:02:06.278313,16,False,0.37874677695305786,64,0.00026954732014005344,150,1.0,49,PRUNED
105,0.6666666666666666,2025-11-24 23:05:05.083474,2025-11-24 23:08:21.673792,0 days 00:03:16.590318,16,False,0.36793090639094655,36,0.000334607688884431,200,1.0,49,COMPLETE
106,0.6333333333333333,2025-11-24 23:05:30.807241,2025-11-24 23:08:46.907710,0 days 00:03:16.100469,16,False,0.2311173553029919,80,0.0008176859442326331,200,1.0,49,COMPLETE
107,0.5333333333333334,2025-11-24 23:05:43.181877,2025-11-24 23:08:31.919573,0 days 00:02:48.737696,16,False,0.12579633943888122,80,0.0003653650797447647,200,1.0,49,PRUNED
108,0.6,2025-11-24 23:08:21.707755,2025-11-24 23:09:10.173869,0 days 00:00:48.466114,16,False,0.227272848050743,80,0.00022089828658245958,50,1.0,49,COMPLETE
109,0.0,2025-11-24 23:08:31.943728,2025-11-24 23:09:19.575383,0 days 00:00:47.631655,16,False,0.26982382791122067,68,0.0005500056380131249,50,1.0,56,COMPLETE
110,0.0,2025-11-24 23:08:46.949690,2025-11-24 23:09:35.334914,0 days 00:00:48.385224,16,False,0.26680921072473035,68,0.00021861248389561257,50,1.0,56,COMPLETE
111,0.0,2025-11-24 23:09:10.206702,2025-11-24 23:10:06.525703,0 days 00:00:56.319001,16,False,0.3130676475573837,68,0.0005489303808345867,50,2.0,56,COMPLETE
112,0.0,2025-11-24 23:09:19.603211,2025-11-24 23:10:51.907112,0 days 00:01:32.303901,32,False,0.19600118845944015,76,0.00046143138576996696,150,2.0,56,COMPLETE
113,0.6666666666666666,2025-11-24 23:09:35.362047,2025-11-24 23:09:51.441548,0 days 00:00:16.079501,64,False,0.49104431699248363,76,0.0003293124856037699,50,1.0,49,COMPLETE
114,0.6666666666666666,2025-11-24 23:09:51.471379,2025-11-24 23:10:09.172632,0 days 00:00:17.701253,64,False,0.4498677117909746,72,0.0002965885203171371,50,1.0,49,COMPLETE
115,0.6666666666666666,2025-11-24 23:10:06.557929,2025-11-24 23:10:22.917829,0 days 00:00:16.359900,64,False,0.41599902352603396,88,0.00028383719719070864,50,1.0,49,COMPLETE
116,0.5666666666666667,2025-11-24 23:10:09.198202,2025-11-24 23:10:23.182331,0 days 00:00:13.984129,64,False,0.41585284599650435,40,0.0004732431146534214,50,1.0,49,PRUNED
117,0.4823082010582011,2025-11-24 23:10:22.950047,2025-11-24 23:10:37.309509,0 days 00:00:14.359462,64,False,0.3327333185861979,76,0.00039247179562060627,50,1.0,42,PRUNED
118,0.5269510582010583,2025-11-24 23:10:23.211558,2025-11-24 23:11:04.966777,0 days 00:00:41.755219,64,False,0.3339535959561442,60,0.000400832052075803,150,1.0,42,PRUNED
119,0.6666666666666666,2025-11-24 23:10:37.333824,2025-11-24 23:11:33.930650,0 days 00:00:56.596826,64,False,0.43858218019342654,44,0.00025050107728582475,150,2.0,49,COMPLETE
120,0.5333333333333333,2025-11-24 23:10:51.934256,2025-11-24 23:11:43.312355,0 days 00:00:51.378099,64,False,0.35625938719421296,60,0.00025078610812422346,150,1.0,49,COMPLETE
121,0.6,2025-11-24 23:11:04.994239,2025-11-24 23:11:45.155890,0 days 00:00:40.161651,64,True,0.43555136833836855,72,0.0002429002473977679,100,1.0,49,COMPLETE
122,0.6,2025-11-24 23:11:33.961494,2025-11-24 23:12:22.235280,0 days 00:00:48.273786,48,True,0.3506324349535247,32,0.0003425368160798559,100,1.0,49,COMPLETE
123,0.6,2025-11-24 23:11:43.343776,2025-11-24 23:12:24.826574,0 days 00:00:41.482798,48,False,0.2909177461573314,72,0.0003421369897872946,100,1.0,49,COMPLETE
124,0.6666666666666666,2025-11-24 23:11:45.187735,2025-11-24 23:12:26.614348,0 days 00:00:41.426613,48,False,0.28861503727422466,52,0.00033832486618634605,100,1.0,49,COMPLETE
125,0.5333333333333333,2025-11-24 23:12:22.264231,2025-11-24 23:13:04.380033,0 days 00:00:42.115802,48,False,0.29060607084383494,56,0.000504686912182919,100,1.0,49,COMPLETE
126,0.8,2025-11-24 23:12:24.858948,2025-11-24 23:13:06.978321,0 days 00:00:42.119373,48,False,0.2526127005719049,56,0.0004947612492838775,100,1.0,49,COMPLETE
127,0.6,2025-11-24 23:12:26.645925,2025-11-24 23:13:08.807580,0 days 00:00:42.161655,48,False,0.30165737792381614,52,0.0004978832726543772,100,1.0,49,COMPLETE
128,0.4714225589225589,2025-11-24 23:13:04.410752,2025-11-24 23:13:40.229779,0 days 00:00:35.819027,48,False,0.30464752103804377,52,0.0006504903762709874,100,1.0,35,PRUNED
129,0.4795875420875421,2025-11-24 23:13:07.025099,2025-11-24 23:13:42.929212,0 days 00:00:35.904113,48,False,0.18748208126167565,52,0.0010099084464973971,100,1.0,35,PRUNED
130,0.45446127946127945,2025-11-24 23:13:08.838857,2025-11-24 23:13:54.441217,0 days 00:00:45.602360,16,False,0.2135611244504621,56,0.0006719250798964364,50,1.0,35,PRUNED
131,0.49586640211640215,2025-11-24 23:13:40.257836,2025-11-24 23:14:04.801765,0 days 00:00:24.543929,32,False,0.2586021236265254,56,0.0004304841357585976,50,1.0,42,PRUNED
132,0.47999338624338633,2025-11-24 23:13:42.957820,2025-11-24 23:14:11.199784,0 days 00:00:28.241964,32,False,0.25398378322200793,56,0.0003046334782569839,50,2.0,42,PRUNED
133,0.5333333333333333,2025-11-24 23:13:54.470226,2025-11-24 23:14:36.386370,0 days 00:00:41.916144,48,False,0.2635472342175248,60,0.0056329419410053976,100,1.0,49,COMPLETE
134,0.6666666666666666,2025-11-24 23:14:04.828649,2025-11-24 23:14:46.199756,0 days 00:00:41.371107,48,False,0.25191879162968256,60,0.0005890593274994443,100,1.0,49,COMPLETE
135,0.6,2025-11-24 23:14:11.229112,2025-11-24 23:14:52.309194,0 days 00:00:41.080082,48,False,0.26710424377621017,60,0.0011790414228429042,100,1.0,49,COMPLETE
136,0.7333333333333333,2025-11-24 23:14:36.415910,2025-11-24 23:15:18.509580,0 days 00:00:42.093670,48,False,0.2795377995917142,64,0.00037827163862966793,100,1.0,49,COMPLETE
137,0.8,2025-11-24 23:14:46.227344,2025-11-24 23:15:28.244422,0 days 00:00:42.017078,48,False,0.2774131889280955,20,0.0012086198174452753,100,1.0,49,COMPLETE
138,0.5333333333333333,2025-11-24 23:14:52.340571,2025-11-24 23:16:31.050524,0 days 00:01:38.709953,16,False,0.40596543295083587,64,0.00044601851242697,100,1.0,49,COMPLETE
139,0.6,2025-11-24 23:15:18.544654,2025-11-24 23:17:15.496871,0 days 00:01:56.952217,16,True,0.3895033979428795,64,0.0003758779130438695,100,1.0,49,COMPLETE
140,0.5666666666666667,2025-11-24 23:15:28.279371,2025-11-24 23:16:13.931509,0 days 00:00:45.652138,48,True,0.276502200651511,20,0.0016701332466331148,100,1.0,49,COMPLETE
141,0.6,2025-11-24 23:16:13.963873,2025-11-24 23:16:58.919112,0 days 00:00:44.955239,48,False,0.2796380982831198,20,0.0012381145077293404,100,2.0,49,COMPLETE
142,0.0,2025-11-24 23:16:31.079516,2025-11-24 23:17:17.350711,0 days 00:00:46.271195,48,False,0.2812651129250024,20,0.0012338377746819447,100,2.0,56,COMPLETE
143,0.7333333333333333,2025-11-24 23:16:58.948547,2025-11-24 23:17:39.164346,0 days 00:00:40.215799,48,False,0.3913937337053519,64,0.00038147821603799173,100,1.0,49,COMPLETE
144,0.6666666666666666,2025-11-24 23:17:15.527313,2025-11-24 23:17:53.999689,0 days 00:00:38.472376,48,False,0.2957128819961041,24,0.0003737451335491975,100,1.0,49,COMPLETE
145,0.7333333333333333,2025-11-24 23:17:17.382516,2025-11-24 23:17:48.740036,0 days 00:00:31.357520,64,False,0.4582397692431324,68,0.0009448537338929941,100,1.0,49,COMPLETE
146,0.6,2025-11-24 23:17:39.192271,2025-11-24 23:18:18.120438,0 days 00:00:38.928167,48,False,0.29549470635971736,8,0.0009393675914686049,100,1.0,49,COMPLETE
147,0.6,2025-11-24 23:17:48.765164,2025-11-24 23:18:28.978785,0 days 00:00:40.213621,48,False,0.3923796751266599,8,0.0008744473649537935,100,1.0,49,COMPLETE
148,0.6666666666666666,2025-11-24 23:17:54.021210,2025-11-24 23:18:34.646662,0 days 00:00:40.625452,48,False,0.39650910400435574,12,0.0009632900536846964,100,1.0,49,COMPLETE
149,0.5582010582010583,2025-11-24 23:18:18.152017,2025-11-24 23:18:52.403041,0 days 00:00:34.251024,48,False,0.4221611887441527,64,0.0007865067231395092,100,1.0,42,PRUNED
150,0.49338624338624343,2025-11-24 23:18:29.008137,2025-11-24 23:19:02.433583,0 days 00:00:33.425446,48,False,0.47451670747165786,68,0.0007741756569128325,100,1.0,42,PRUNED
151,0.578798185941043,2025-11-24 23:18:34.680520,2025-11-24 23:19:36.085777,0 days 00:01:01.405257,48,False,0.4762288820700254,64,0.0014394025010115341,150,1.0,42,COMPLETE
152,0.0,2025-11-24 23:18:52.425359,2025-11-24 23:19:45.366603,0 days 00:00:52.941244,64,False,0.38189578036797994,68,0.0013764617971704933,150,1.0,56,COMPLETE
153,0.3666666666666667,2025-11-24 23:19:02.453306,2025-11-24 23:20:41.222560,0 days 00:01:38.769254,16,False,0.3143717521561711,72,0.0010729252276202618,100,1.0,49,PRUNED
154,0.7,2025-11-24 23:19:36.143705,2025-11-24 23:21:24.714218,0 days 00:01:48.570513,16,False,0.3862349631786866,68,0.00104241711099945,100,1.0,49,COMPLETE
155,0.7333333333333333,2025-11-24 23:19:45.406205,2025-11-24 23:21:31.152310,0 days 00:01:45.746105,16,False,0.3161360679520361,72,0.00040691056484554855,100,1.0,49,COMPLETE
156,0.7333333333333333,2025-11-24 23:20:41.256297,2025-11-24 23:22:18.720190,0 days 00:01:37.463893,16,False,0.4612279807605815,48,0.00031274499990004265,100,1.0,49,COMPLETE
157,0.6666666666666666,2025-11-24 23:21:24.741690,2025-11-24 23:23:02.877786,0 days 00:01:38.136096,16,False,0.40375266790334413,68,0.0010468961479091939,100,1.0,49,COMPLETE
158,0.7333333333333333,2025-11-24 23:21:31.183963,2025-11-24 23:22:03.737867,0 days 00:00:32.553904,64,False,0.40219047233176847,68,0.0011205400138574282,100,1.0,49,COMPLETE
159,0.6,2025-11-24 23:22:03.770131,2025-11-24 23:22:35.795798,0 days 00:00:32.025667,64,False,0.4068344179768003,68,0.001977313889005858,100,1.0,49,COMPLETE
160,0.4666666666666666,2025-11-24 23:22:18.750272,2025-11-24 23:23:58.234445,0 days 00:01:39.484173,16,False,0.3824366634089382,68,0.0010835932666037565,100,1.0,49,COMPLETE
161,0.6,2025-11-24 23:22:35.825823,2025-11-24 23:24:16.112808,0 days 00:01:40.286985,16,False,0.4610466197189085,68,0.001064239377704101,100,1.0,49,COMPLETE
162,0.6666666666666666,2025-11-24 23:23:02.915450,2025-11-24 23:24:42.804758,0 days 00:01:39.889308,16,False,0.45915949903000447,72,0.001167002884990641,100,1.0,49,COMPLETE
163,0.6666666666666666,2025-11-24 23:23:58.262623,2025-11-24 23:24:31.357280,0 days 00:00:33.094657,64,False,0.4665998447520253,64,0.00027547401076063587,100,1.0,49,COMPLETE
164,0.6,2025-11-24 23:24:16.150446,2025-11-24 23:24:47.972346,0 days 00:00:31.821900,64,False,0.37122540959559536,64,0.00010035699617621403,100,1.0,49,COMPLETE
165,0.5666666666666667,2025-11-24 23:24:31.383421,2025-11-24 23:24:59.488208,0 days 00:00:28.104787,64,False,0.3722783706591865,72,0.0001096324392691204,100,1.0,49,PRUNED
166,0.6666666666666666,2025-11-24 23:24:42.835084,2025-11-24 23:25:16.378242,0 days 00:00:33.543158,64,False,0.38563690320945737,64,0.00030750588158536186,100,1.0,49,COMPLETE
167,0.6,2025-11-24 23:24:47.998487,2025-11-24 23:25:22.009975,0 days 00:00:34.011488,64,False,0.4116939754300622,72,0.00031155533183430654,100,1.0,49,COMPLETE
168,0.0,2025-11-24 23:24:59.512403,2025-11-24 23:25:37.237038,0 days 00:00:37.724635,64,False,0.41041773485986255,64,0.0015845744744127348,100,2.0,56,COMPLETE
169,,2025-11-24 23:25:16.411972,,,16,False,0.39775620765542274,72,0.000893355817805029,100,2.0,56,RUNNING
170,,2025-11-24 23:25:22.042974,,,16,False,0.397098170166165,68,0.00042253290182099433,100,2.0,56,RUNNING
171,,2025-11-24 23:25:37.267306,,,16,False,0.4222513186040223,68,0.002601908254534036,100,1.0,49,RUNNING
172,0.49444444444444446,2025-11-24 23:31:43.682478,2025-11-24 23:32:14.585642,0 days 00:00:30.903164,16,False,0.06304863891000242,20,0.00041595087878587854,75,,91,COMPLETE
173,0.6796296296296296,2025-11-24 23:31:45.986786,2025-11-24 23:32:26.457969,0 days 00:00:40.471183,16,False,0.4275742380409419,36,0.00037306254754559324,100,,91,COMPLETE
174,0.617535903250189,2025-11-24 23:32:14.618236,2025-11-24 23:32:42.868897,0 days 00:00:28.250661,16,False,0.4870896505260895,24,0.002390187384180718,75,,77,COMPLETE
175,0.6023809523809524,2025-11-24 23:32:26.491846,2025-11-24 23:32:54.968218,0 days 00:00:28.476372,16,False,0.434532089263303,36,0.00036642801069814,75,,84,COMPLETE
176,0.0,2025-11-24 23:32:42.893584,2025-11-24 23:33:10.137263,0 days 00:00:27.243679,16,False,0.4320951975100168,36,0.00037044989104641484,75,,98,COMPLETE
177,0.0,2025-11-24 23:32:54.993503,2025-11-24 23:33:22.654018,0 days 00:00:27.660515,16,False,0.44769687717790435,32,0.000888641694580831,75,,98,COMPLETE
178,0.546031746031746,2025-11-24 23:33:10.169256,2025-11-24 23:33:39.021925,0 days 00:00:28.852669,16,False,0.42365064150325765,36,0.0002709948805010153,75,,84,COMPLETE
179,0.46481481481481485,2025-11-24 23:33:22.681843,2025-11-24 23:33:51.658722,0 days 00:00:28.976879,16,False,0.4238572384646752,20,0.00040507241972412793,75,,91,COMPLETE
180,0.5380952380952381,2025-11-24 23:33:39.044307,2025-11-24 23:34:09.500003,0 days 00:00:30.455696,16,False,0.3622317855575819,28,0.0004079410574648719,75,,84,COMPLETE
181,0.6990740740740741,2025-11-24 23:33:51.686812,2025-11-24 23:34:32.562240,0 days 00:00:40.875428,16,False,0.39274681660513944,28,0.00046241065907387904,100,,91,COMPLETE
182,0.6544492544492545,2025-11-24 23:34:09.532541,2025-11-24 23:34:52.699711,0 days 00:00:43.167170,16,False,0.3962551704916278,36,0.0013293194035542122,100,,70,COMPLETE
183,0.5046296296296297,2025-11-24 23:34:32.594149,2025-11-24 23:35:16.361760,0 days 00:00:43.767611,16,False,0.39300974763392493,32,0.00047643350951374967,100,,91,COMPLETE
184,0.412962962962963,2025-11-24 23:34:52.733330,2025-11-24 23:35:36.617036,0 days 00:00:43.883706,16,False,0.39622416213981526,16,0.000446415219077798,100,,91,COMPLETE
185,0.5240740740740741,2025-11-24 23:35:16.393278,2025-11-24 23:36:01.118872,0 days 00:00:44.725594,16,False,0.40363022827541606,16,0.00044196521258943423,100,,91,COMPLETE
186,0.6101851851851853,2025-11-24 23:35:36.662200,2025-11-24 23:36:21.788853,0 days 00:00:45.126653,16,False,0.4165573830140652,32,0.00032687913708655974,100,,91,COMPLETE
187,0.7212962962962962,2025-11-24 23:36:01.151719,2025-11-24 23:36:44.963608,0 days 00:00:43.811889,16,False,0.41529662197186457,28,0.0005226821073660464,100,,91,COMPLETE
188,0.7138888888888889,2025-11-24 23:36:21.822304,2025-11-24 23:36:35.973690,0 days 00:00:14.151386,64,False,0.4425949386737046,28,0.0005360878777039002,100,,91,COMPLETE
189,0.6250000000000001,2025-11-24 23:36:36.003059,2025-11-24 23:37:17.839475,0 days 00:00:41.836416,16,False,0.44850001094707154,28,0.0005536993926416707,100,,91,COMPLETE
190,0.7111111111111112,2025-11-24 23:36:45.000433,2025-11-24 23:37:27.915304,0 days 00:00:42.914871,16,False,0.4585427294010421,28,0.0005538041441251131,100,,91,COMPLETE
191,0.7138888888888889,2025-11-24 23:37:17.875873,2025-11-24 23:38:00.017519,0 days 00:00:42.141646,16,False,0.4464839246220799,28,0.0005464412774736267,100,,91,COMPLETE
192,0.6324074074074074,2025-11-24 23:37:27.951199,2025-11-24 23:38:09.574995,0 days 00:00:41.623796,16,False,0.43786920458225254,28,0.0005090210371121703,100,,91,COMPLETE
193,0.5518518518518519,2025-11-24 23:38:00.048972,2025-11-24 23:38:41.443185,0 days 00:00:41.394213,16,False,0.4411602188039718,28,0.000507548716313131,100,,91,COMPLETE
194,0.6842592592592593,2025-11-24 23:38:09.608644,2025-11-24 23:38:51.040705,0 days 00:00:41.432061,16,False,0.46878495748266913,28,0.0005823494204567082,100,,91,COMPLETE
195,0.6768518518518519,2025-11-24 23:38:41.473891,2025-11-24 23:39:23.288139,0 days 00:00:41.814248,16,False,0.46064341091775846,28,0.0005764560597045007,100,,91,COMPLETE
196,0.49722222222222223,2025-11-24 23:38:51.080889,2025-11-24 23:39:32.424352,0 days 00:00:41.343463,16,False,0.49793862588079874,28,0.000588832229810331,100,,91,COMPLETE
197,0.6027777777777777,2025-11-24 23:39:23.321187,2025-11-24 23:40:01.688820,0 days 00:00:38.367633,16,False,0.47365998725201913,28,0.0007074511679511097,100,,91,COMPLETE
198,0.5212962962962963,2025-11-24 23:39:32.455949,2025-11-24 23:40:11.068512,0 days 00:00:38.612563,16,False,0.47321298246547566,28,0.0005459925519705111,100,,91,COMPLETE
199,0.38055555555555554,2025-11-24 23:40:01.716516,2025-11-24 23:40:41.822386,0 days 00:00:40.105870,16,False,0.4535540156167156,24,0.0005196944269218357,100,,91,COMPLETE
200,0.6990740740740741,2025-11-24 23:40:11.095700,2025-11-24 23:40:51.394029,0 days 00:00:40.298329,16,False,0.4565077348745012,24,0.0006815301822265285,100,,91,COMPLETE
201,0.7731481481481483,2025-11-24 23:40:41.848103,2025-11-24 23:41:21.620558,0 days 00:00:39.772455,16,False,0.45943020438797233,28,0.0006423598454879179,100,,91,COMPLETE
202,0.6027777777777779,2025-11-24 23:40:51.429125,2025-11-24 23:41:30.348041,0 days 00:00:38.918916,16,False,0.007855248096852119,24,0.0006693988036955602,100,,91,COMPLETE
203,0.47962962962962963,2025-11-24 23:41:21.648188,2025-11-24 23:42:00.932179,0 days 00:00:39.283991,16,False,0.485335838342866,24,0.0006490463871119971,100,,91,COMPLETE
204,0.5092592592592593,2025-11-24 23:41:30.374873,2025-11-24 23:42:10.780882,0 days 00:00:40.406009,16,False,0.4550441730902813,28,0.0006301695396258715,100,,91,COMPLETE
205,0.5767195767195767,2025-11-24 23:42:00.963263,2025-11-24 23:42:42.629584,0 days 00:00:41.666321,16,False,0.45830969181803805,28,0.00047013594435971645,100,,77,COMPLETE
206,0.6462585034013605,2025-11-24 23:42:10.808372,2025-11-24 23:42:52.566745,0 days 00:00:41.758373,16,False,0.4451331514986114,28,0.00047162106487443317,100,,77,COMPLETE
207,0.5537037037037037,2025-11-24 23:42:42.663640,2025-11-24 23:43:23.426694,0 days 00:00:40.763054,16,False,0.4410456695893805,28,0.0007366095675207993,100,,91,COMPLETE
208,0.5287037037037037,2025-11-24 23:42:52.600775,2025-11-24 23:43:32.977201,0 days 00:00:40.376426,16,False,0.46604313759323956,32,0.000547569719827289,100,,91,COMPLETE
209,0.4324074074074074,2025-11-24 23:43:23.467066,2025-11-24 23:44:01.960375,0 days 00:00:38.493309,16,False,0.4642461775022991,32,0.0005267364027998865,100,,91,COMPLETE
210,0.6472222222222223,2025-11-24 23:43:33.003990,2025-11-24 23:44:11.569607,0 days 00:00:38.565617,16,False,0.37802619966962975,24,0.0006230557797889081,100,,91,COMPLETE
211,0.7583333333333333,2025-11-24 23:44:01.996468,2025-11-24 23:44:42.044927,0 days 00:00:40.048459,16,False,0.38148864063457316,24,0.0006251156179308093,100,,91,COMPLETE
212,0.6990740740740741,2025-11-24 23:44:11.595129,2025-11-24 23:44:51.443825,0 days 00:00:39.848696,16,False,0.38540767688750655,28,0.00044385341011485887,100,,91,COMPLETE
213,0.5212962962962964,2025-11-24 23:44:42.069131,2025-11-24 23:45:20.466252,0 days 00:00:38.397121,16,False,0.4495372693395596,24,0.0006968749309080213,100,,91,COMPLETE
214,0.6101851851851852,2025-11-24 23:44:51.469304,2025-11-24 23:45:30.964466,0 days 00:00:39.495162,16,False,0.4837649132860301,24,0.0008399236902276448,100,,91,COMPLETE
215,0.5509259259259259,2025-11-24 23:45:20.502688,2025-11-24 23:46:00.528144,0 days 00:00:40.025456,16,False,0.381627657826615,28,0.0004341070270472855,100,,91,COMPLETE
216,0.6555555555555556,2025-11-24 23:45:30.994496,2025-11-24 23:46:09.523812,0 days 00:00:38.529316,16,False,0.3857516838742947,28,0.0004535261118093278,100,,91,COMPLETE
217,0.513888888888889,2025-11-24 23:46:00.551156,2025-11-24 23:46:39.877555,0 days 00:00:39.326399,16,False,0.3882330898678812,28,0.0004934472256573584,100,,91,COMPLETE
218,0.6796296296296296,2025-11-24 23:46:09.551235,2025-11-24 23:46:49.958703,0 days 00:00:40.407468,16,False,0.4059265828594825,20,0.0004916686012674098,100,,91,COMPLETE
219,0.6472222222222223,2025-11-24 23:46:39.907683,2025-11-24 23:47:20.787596,0 days 00:00:40.879913,16,False,0.37435156482524273,20,0.0005790648788490418,100,,91,COMPLETE
220,0.7138888888888889,2025-11-24 23:46:49.992882,2025-11-24 23:47:31.502770,0 days 00:00:41.509888,16,False,0.3668040146805911,24,0.000589696603705367,100,,91,COMPLETE
221,0.7212962962962962,2025-11-24 23:47:20.818656,2025-11-24 23:48:04.644285,0 days 00:00:43.825629,16,False,0.4152321894110561,24,0.0006483321005267786,100,,91,COMPLETE
222,0.3907407407407408,2025-11-24 23:47:31.533408,2025-11-24 23:48:19.635828,0 days 00:00:48.102420,16,False,0.3633284451804214,24,0.0006303722936461981,100,,91,COMPLETE
223,0.0,2025-11-24 23:48:04.684691,2025-11-24 23:48:59.846164,0 days 00:00:55.161473,16,False,0.3440015005825868,24,0.0006179648577388532,100,,98,COMPLETE
224,0.5092592592592593,2025-11-24 23:48:19.681294,2025-11-24 23:49:15.945826,0 days 00:00:56.264532,16,False,0.4201696228612851,24,0.0007546051936068448,100,,91,COMPLETE
225,0.6324074074074074,2025-11-24 23:48:59.888935,2025-11-24 23:49:54.908032,0 days 00:00:55.019097,16,False,0.4112420773782138,24,0.0007638888064064314,100,,91,COMPLETE
226,0.5509259259259259,2025-11-24 23:49:15.994958,2025-11-24 23:50:10.739495,0 days 00:00:54.744537,16,False,0.399527192166476,24,0.00055095655564974,100,,91,COMPLETE
227,0.6324074074074074,2025-11-24 23:49:54.963291,2025-11-24 23:50:50.558597,0 days 00:00:55.595306,16,False,0.43337296553784327,24,0.0006786911817129077,100,,91,COMPLETE
228,0.4648148148148148,2025-11-24 23:50:10.792912,2025-11-24 23:51:06.382715,0 days 00:00:55.589803,16,False,0.4286854340428432,24,0.0007107593322080771,100,,91,COMPLETE
229,0.6027777777777777,2025-11-24 23:50:50.599314,2025-11-24 23:51:45.749434,0 days 00:00:55.150120,16,False,0.4152550350961677,24,0.0005277588063834936,100,,91,COMPLETE
230,0.6546296296296297,2025-11-24 23:51:06.427381,2025-11-24 23:51:23.685842,0 days 00:00:17.258461,64,False,0.4508613829371015,28,0.0005750912056362583,100,,91,COMPLETE
231,0.6027777777777779,2025-11-24 23:51:23.733589,2025-11-24 23:52:18.821789,0 days 00:00:55.088200,16,False,0.27224598113184517,24,0.0003903188152742839,100,,91,COMPLETE
232,0.6722222222222222,2025-11-24 23:51:45.795061,2025-11-24 23:52:07.023696,0 days 00:00:21.228635,48,False,0.2707468646665646,20,0.0011238820137724227,100,,91,COMPLETE
233,0.7583333333333334,2025-11-24 23:52:07.085685,2025-11-24 23:53:02.025188,0 days 00:00:54.939503,16,False,0.30754846315960055,28,0.00039675796144988853,100,,91,COMPLETE
234,0.5472222222222222,2025-11-24 23:52:18.870449,2025-11-24 23:53:14.388566,0 days 00:00:55.518117,16,False,0.3921797343855382,28,0.0005049967676972926,100,,91,COMPLETE
235,0.6546296296296297,2025-11-24 23:53:02.068924,2025-11-24 23:54:02.866036,0 days 00:01:00.797112,16,False,0.31061436519499414,28,0.0004111767025169134,100,,91,COMPLETE
236,0.6472222222222223,2025-11-24 23:53:14.440331,2025-11-24 23:54:15.921944,0 days 00:01:01.481613,16,False,0.28401440013565554,28,0.0004096138928458047,100,,91,COMPLETE
237,0.7064814814814815,2025-11-24 23:54:02.920333,2025-11-24 23:55:03.307591,0 days 00:01:00.387258,16,False,0.30116052372963154,28,0.0009961773606666962,100,,91,COMPLETE
238,0.7138888888888889,2025-11-24 23:54:15.977942,2025-11-24 23:55:16.287617,0 days 00:01:00.309675,16,False,0.31880692835376395,28,0.0009482481265679247,100,,91,COMPLETE
239,0.7333333333333334,2025-11-24 23:55:03.353367,2025-11-24 23:56:03.606295,0 days 00:01:00.252928,16,False,0.3007345011800175,28,0.0009647377990685893,100,,91,COMPLETE
240,0.4324074074074074,2025-11-24 23:55:16.340330,2025-11-24 23:56:19.227527,0 days 00:01:02.887197,16,True,0.30516713626848974,28,0.001002561558829325,100,,91,COMPLETE
241,0.6916666666666668,2025-11-24 23:56:03.662613,2025-11-24 23:56:18.964641,0 days 00:00:15.302028,64,True,0.3062256244134183,28,0.0009508129972702492,100,,91,COMPLETE
242,0.5462962962962964,2025-11-24 23:56:18.990642,2025-11-24 23:56:54.416379,0 days 00:00:35.425737,16,False,0.29661916494733376,28,0.0008574692002065554,100,,91,COMPLETE
243,0.7583333333333334,2025-11-24 23:56:19.254925,2025-11-24 23:56:54.680076,0 days 00:00:35.425151,16,False,0.31515133991925703,28,0.000871469652272913,100,,91,COMPLETE
244,0.6101851851851852,2025-11-24 23:56:54.448466,2025-11-24 23:57:08.718915,0 days 00:00:14.270449,48,False,0.32560343733498137,28,0.0012219696864846812,100,,91,COMPLETE
245,0.5509259259259259,2025-11-24 23:56:54.710690,2025-11-24 23:57:31.524966,0 days 00:00:36.814276,16,False,0.3201233484917879,28,0.0009147944579749533,100,,91,COMPLETE
246,0.6398148148148148,2025-11-24 23:57:08.745468,2025-11-24 23:57:44.879435,0 days 00:00:36.133967,16,False,0.31347476900785004,28,0.0009440656808829635,100,,91,COMPLETE
247,0.587962962962963,2025-11-24 23:57:31.553306,2025-11-24 23:58:07.243145,0 days 00:00:35.689839,16,False,0.31125439714338393,28,0.0009515500956360292,100,,91,COMPLETE
248,0.5259259259259259,2025-11-24 23:57:44.910148,2025-11-24 23:58:21.080845,0 days 00:00:36.170697,16,False,0.31687325020454155,32,0.001142949695918495,100,,91,COMPLETE
249,0.5583333333333335,2025-11-24 23:58:07.274977,2025-11-24 23:58:43.117675,0 days 00:00:35.842698,16,False,0.3292779902555843,28,0.0008305655425201129,100,,91,COMPLETE
250,0.6916666666666668,2025-11-24 23:58:21.109944,2025-11-24 23:58:47.978296,0 days 00:00:26.868352,16,False,0.3004226802650642,28,0.0008249530724980797,75,,91,COMPLETE
251,0.5537037037037037,2025-11-24 23:58:43.145066,2025-11-24 23:59:18.172165,0 days 00:00:35.027099,16,False,0.29833969906725843,28,0.0010339951287766894,100,,91,COMPLETE
252,0.5018518518518519,2025-11-24 23:58:48.004283,2025-11-24 23:58:59.399875,0 days 00:00:11.395592,64,False,0.2989061865444027,32,0.0003452701437918851,100,,91,COMPLETE
253,0.6250000000000001,2025-11-24 23:58:59.426768,2025-11-24 23:59:35.030950,0 days 00:00:35.604182,16,False,0.2809339613834427,28,0.0010164402068553152,100,,91,COMPLETE
254,0.7212962962962962,2025-11-24 23:59:18.201648,2025-11-24 23:59:54.736125,0 days 00:00:36.534477,16,False,0.3245718569095676,28,0.0005707268808832271,100,,91,COMPLETE
255,0.5537037037037037,2025-11-24 23:59:35.055782,2025-11-24 23:59:49.824496,0 days 00:00:14.768714,48,False,0.32282322546776643,16,0.0006446006390975164,100,,91,COMPLETE
256,0.6990740740740741,2025-11-24 23:59:49.851574,2025-11-25 00:00:26.475651,0 days 00:00:36.624077,16,False,0.28714056316603825,28,0.0005848319536824054,100,,91,COMPLETE
257,0.4916666666666667,2025-11-24 23:59:54.768773,2025-11-25 00:00:31.284977,0 days 00:00:36.516204,16,False,0.33276128316863124,28,0.0005817559406740958,100,,91,COMPLETE
258,0.5583333333333335,2025-11-25 00:00:26.504440,2025-11-25 00:01:03.376483,0 days 00:00:36.872043,16,False,0.33445902341551575,28,0.00035844120259981256,100,,91,COMPLETE
259,0.5685185185185185,2025-11-25 00:00:31.317408,2025-11-25 00:01:08.094532,0 days 00:00:36.777124,16,False,0.3122442032719175,28,0.00035078611910305274,100,,91,COMPLETE
260,0.6324074074074074,2025-11-25 00:01:03.404073,2025-11-25 00:01:40.061489,0 days 00:00:36.657416,16,False,0.31471670106549504,28,0.00038518514444321424,100,,91,COMPLETE
261,0.4916666666666667,2025-11-25 00:01:08.119611,2025-11-25 00:01:44.540203,0 days 00:00:36.420592,16,False,0.3518476241434929,28,0.0005340480235268494,100,,91,COMPLETE
262,0.6101851851851853,2025-11-25 00:01:40.091474,2025-11-25 00:02:16.513069,0 days 00:00:36.421595,16,False,0.2897948960580925,28,0.0005311370300677723,100,,91,COMPLETE
263,0.7253968253968255,2025-11-25 00:01:44.570543,2025-11-25 00:02:21.720458,0 days 00:00:37.149915,16,False,0.3040497098659808,32,0.0011679014723742149,100,,84,COMPLETE
264,0.6063492063492064,2025-11-25 00:02:16.552820,2025-11-25 00:02:36.677042,0 days 00:00:20.124222,32,False,0.30457733266519194,32,0.001180592201768874,100,,84,COMPLETE
265,0.6063492063492063,2025-11-25 00:02:21.748354,2025-11-25 00:02:58.968876,0 days 00:00:37.220522,16,False,0.24879921530992702,32,0.0012034097741412087,100,,84,COMPLETE
266,0.6103174603174604,2025-11-25 00:02:36.711089,2025-11-25 00:02:51.517359,0 days 00:00:14.806270,48,False,0.3222281438253775,32,0.0013684336119126157,100,,84,COMPLETE
267,0.0,2025-11-25 00:02:51.542745,2025-11-25 00:03:27.094035,0 days 00:00:35.551290,16,False,0.29098985208120826,36,0.00127981849688701,100,,98,COMPLETE
268,0.6472222222222223,2025-11-25 00:02:58.994853,2025-11-25 00:03:35.973741,0 days 00:00:36.978888,16,False,0.34202855468735843,20,0.0006250023025257121,100,,91,COMPLETE
269,0.4722222222222223,2025-11-25 00:03:27.138286,2025-11-25 00:04:10.731371,0 days 00:00:43.593085,16,True,0.3204442415852297,24,0.0006235809238829612,100,,91,COMPLETE
270,0.6515495086923658,2025-11-25 00:03:36.007270,2025-11-25 00:04:20.622526,0 days 00:00:44.615256,16,True,0.3217670989070577,24,0.00047820387100458667,100,,77,COMPLETE
271,0.6333333333333334,2025-11-25 00:04:10.763440,2025-11-25 00:04:48.143226,0 days 00:00:37.379786,16,False,0.26127745487252924,28,0.00047401788872489996,100,,84,COMPLETE
272,0.618291761148904,2025-11-25 00:04:20.649036,2025-11-25 00:04:57.800681,0 days 00:00:37.151645,16,False,0.3074104557399081,28,0.0007669487949543265,100,,77,COMPLETE
273,0.6190476190476191,2025-11-25 00:04:48.172388,2025-11-25 00:05:02.928327,0 days 00:00:14.755939,48,False,0.2834859004799132,32,0.0007925057882852592,100,,77,COMPLETE
274,0.5907407407407408,2025-11-25 00:04:57.824172,2025-11-25 00:05:12.661842,0 days 00:00:14.837670,48,False,0.4669858110278052,20,0.0006823039824130486,100,,91,COMPLETE
275,0.5685185185185185,2025-11-25 00:05:02.959112,2025-11-25 00:05:39.633202,0 days 00:00:36.674090,16,False,0.23529123539868388,20,0.0006897648547400898,100,,91,COMPLETE
276,0.6305555555555556,2025-11-25 00:05:12.694400,2025-11-25 00:05:49.730655,0 days 00:00:37.036255,16,False,0.27483997783591163,36,0.0004234752892295735,100,,91,COMPLETE
277,0.6324074074074074,2025-11-25 00:05:39.661824,2025-11-25 00:06:15.795403,0 days 00:00:36.133579,16,False,0.27335713901806774,36,0.0004113464468277546,100,,91,COMPLETE
278,0.5981481481481482,2025-11-25 00:05:49.756898,2025-11-25 00:06:26.746964,0 days 00:00:36.990066,16,False,0.44264585875736223,28,0.0005586646381493639,100,,91,COMPLETE
279,0.7166666666666668,2025-11-25 00:06:15.823183,2025-11-25 00:06:52.314895,0 days 00:00:36.491712,16,False,0.44495304677705894,28,0.0003276506463239969,100,,91,COMPLETE
280,0.6,2025-11-25 00:06:26.777635,2025-11-25 00:07:03.245575,0 days 00:00:36.467940,16,False,0.30619115687629406,28,0.0011242461463292607,100,,91,COMPLETE
281,0.5685185185185185,2025-11-25 00:06:52.347895,2025-11-25 00:07:28.070052,0 days 00:00:35.722157,16,False,0.2989419791375921,24,0.00031600335782265993,100,,91,COMPLETE
282,0.5794612794612793,2025-11-25 00:07:03.275432,2025-11-25 00:07:37.848221,0 days 00:00:34.572789,16,False,0.2935766310439261,24,0.00029656590627678473,100,,70,COMPLETE
283,0.0,2025-11-25 00:07:28.085306,2025-11-25 00:07:39.522171,0 days 00:00:11.436865,48,False,0.4412186943346044,28,0.0003468357318568476,100,,98,COMPLETE
284,0.0,2025-11-25 00:07:37.876537,2025-11-25 00:07:51.280715,0 days 00:00:13.404178,48,False,0.36635860126782377,32,0.00033889527451425917,100,,98,COMPLETE
285,0.44776334776334775,2025-11-25 00:07:39.555092,2025-11-25 00:08:05.247634,0 days 00:00:25.692542,16,False,0.36602306635095627,4,0.0003884868572886606,75,,70,COMPLETE
286,0.46445406445406445,2025-11-25 00:07:51.308336,2025-11-25 00:08:17.080266,0 days 00:00:25.771930,16,False,0.33218066522394646,8,0.00038669066982067606,75,,70,COMPLETE
287,0.5804713804713805,2025-11-25 00:08:05.275161,2025-11-25 00:08:39.377684,0 days 00:00:34.102523,16,False,0.43257483881214326,28,0.0003759577281653753,100,,70,COMPLETE
288,0.425,2025-11-25 00:08:17.105028,2025-11-25 00:08:50.831569,0 days 00:00:33.726541,16,False,0.4295912935960278,28,0.0008883465529973428,100,,91,COMPLETE
289,0.5509259259259259,2025-11-25 00:08:39.414447,2025-11-25 00:08:57.731757,0 days 00:00:18.317310,32,False,0.31469216405440903,28,0.00030957185213172333,100,,91,COMPLETE
290,0.7583333333333334,2025-11-25 00:08:50.857446,2025-11-25 00:09:24.216634,0 days 00:00:33.359188,16,False,0.31517454848895726,28,0.00032068450086459454,100,,91,COMPLETE
291,0.4856180856180856,2025-11-25 00:08:57.761194,2025-11-25 00:09:39.024148,0 days 00:00:41.262954,16,True,0.28647037748580517,28,0.0004361643741535074,100,,70,COMPLETE
292,0.54006734006734,2025-11-25 00:09:24.242438,2025-11-25 00:10:05.857112,0 days 00:00:41.614674,16,True,0.4790376502268072,24,0.00031946914932503434,100,,70,COMPLETE
293,0.5907166907166906,2025-11-25 00:09:39.047906,2025-11-25 00:10:14.343955,0 days 00:00:35.296049,16,False,0.47780853201394524,24,0.00032488100604889626,100,,70,COMPLETE
294,0.3981481481481482,2025-11-25 00:10:05.889317,2025-11-25 00:10:20.933613,0 days 00:00:15.044296,48,False,0.4506306600083405,32,0.0002856353342104862,100,,91,COMPLETE
295,0.65,2025-11-25 00:10:14.374604,2025-11-25 00:10:26.401213,0 days 00:00:12.026609,64,False,0.4518374157294423,32,0.0003639612384600722,100,,91,COMPLETE
296,0.5435185185185185,2025-11-25 00:10:20.965447,2025-11-25 00:10:55.759230,0 days 00:00:34.793783,16,False,0.40287604460252663,40,0.0005203926609601328,100,,91,COMPLETE
297,0.5657407407407408,2025-11-25 00:10:26.435737,2025-11-25 00:11:00.206688,0 days 00:00:33.770951,16,False,0.4029508456366185,40,0.0014799928163325164,100,,91,COMPLETE
298,0.6322270322270322,2025-11-25 00:10:55.783818,2025-11-25 00:11:30.068654,0 days 00:00:34.284836,16,False,0.4187703808978138,28,0.0006113014001721407,100,,70,COMPLETE
299,0.4443482443482443,2025-11-25 00:11:00.235493,2025-11-25 00:11:34.533260,0 days 00:00:34.297767,16,False,0.4204867533242911,28,0.0006088784065594344,100,,70,COMPLETE
300,0.5673881673881674,2025-11-25 00:11:30.091714,2025-11-25 00:11:41.224909,0 days 00:00:11.133195,64,False,0.302282533013125,28,0.00046983156337654543,100,,70,COMPLETE
301,0.6546296296296297,2025-11-25 00:11:34.563154,2025-11-25 00:11:44.962054,0 days 00:00:10.398900,64,False,0.30490140903563534,40,0.0004569493785576611,100,,91,COMPLETE
302,0.5240740740740741,2025-11-25 00:11:41.250449,2025-11-25 00:11:54.028565,0 days 00:00:12.778116,48,False,0.3389210102141087,20,0.00034217760796793857,100,,91,COMPLETE
303,0.44259259259259265,2025-11-25 00:11:44.988629,2025-11-25 00:11:57.718028,0 days 00:00:12.729399,48,False,0.3528690043898732,20,0.0003609294515296993,100,,91,COMPLETE
304,0.6889369889369891,2025-11-25 00:11:54.055032,2025-11-25 00:12:27.129046,0 days 00:00:33.074014,16,False,0.35468846583625135,40,0.009744843219455573,100,,70,COMPLETE
305,0.6130351130351132,2025-11-25 00:11:57.744544,2025-11-25 00:12:30.673433,0 days 00:00:32.928889,16,False,0.29377903369395825,40,0.0004059295178417718,100,,70,COMPLETE
306,0.5314814814814816,2025-11-25 00:12:27.155564,2025-11-25 00:12:59.204949,0 days 00:00:32.049385,16,False,0.29563523477955783,28,0.0004185110312701568,100,,91,COMPLETE
307,0.3981481481481482,2025-11-25 00:12:30.700481,2025-11-25 00:13:02.818442,0 days 00:00:32.117961,16,False,0.2599727467654836,28,0.001087894226532118,100,,91,COMPLETE
308,0.575925925925926,2025-11-25 00:12:59.231972,2025-11-25 00:13:30.926286,0 days 00:00:31.694314,16,False,0.22453030004945604,16,0.000495151322914187,100,,91,COMPLETE
309,0.5897546897546898,2025-11-25 00:13:02.845465,2025-11-25 00:13:20.621399,0 days 00:00:17.775934,32,False,0.46192449851933937,24,0.0005099304381822993,100,,70,COMPLETE
310,0.42037037037037034,2025-11-25 00:13:20.650230,2025-11-25 00:13:52.831491,0 days 00:00:32.181261,16,False,0.4411390646929098,16,0.0005773458804247941,100,,91,COMPLETE
311,0.5812890812890813,2025-11-25 00:13:30.958109,2025-11-25 00:14:04.212376,0 days 00:00:33.254267,16,False,0.32800960589157147,40,0.000708003485523969,100,,70,COMPLETE
312,0.718951418951419,2025-11-25 00:13:52.857889,2025-11-25 00:14:26.483207,0 days 00:00:33.625318,16,False,0.32718487664252116,24,0.0007112940658397832,100,,70,COMPLETE
313,0.5821067821067821,2025-11-25 00:14:04.237903,2025-11-25 00:14:37.959437,0 days 00:00:33.721534,16,False,0.27854909402603123,24,0.0013344644656079153,100,,70,COMPLETE
314,0.764928193499622,2025-11-25 00:14:26.509730,2025-11-25 00:15:05.503383,0 days 00:00:38.993653,16,True,0.3178645962129483,28,0.0007680201915423824,100,,77,COMPLETE
315,0.7165532879818595,2025-11-25 00:14:37.986770,2025-11-25 00:15:17.689467,0 days 00:00:39.702697,16,True,0.3248162079713339,28,0.0007641992499428718,100,,77,COMPLETE
316,0.673469387755102,2025-11-25 00:15:05.529060,2025-11-25 00:15:17.835435,0 days 00:00:12.306375,64,True,0.322592514007084,40,0.0008079125608550868,100,,77,COMPLETE
317,0.7014361300075586,2025-11-25 00:15:17.714923,2025-11-25 00:15:56.992321,0 days 00:00:39.277398,16,True,0.34128914076047046,40,0.0007703848889521987,100,,77,COMPLETE
318,0.6326530612244897,2025-11-25 00:15:17.862366,2025-11-25 00:15:56.882210,0 days 00:00:39.019844,16,True,0.3386933543945369,40,0.0007306058488699579,100,,77,COMPLETE
319,0.6500377928949357,2025-11-25 00:15:56.910892,2025-11-25 00:16:36.324187,0 days 00:00:39.413295,16,True,0.31297085037023187,32,0.0009075914251244971,100,,77,COMPLETE
320,0.6598639455782312,2025-11-25 00:15:57.071448,2025-11-25 00:16:36.448290,0 days 00:00:39.376842,16,True,0.3152671187490887,28,0.0008850675073015715,100,,77,COMPLETE
321,0.6182539682539683,2025-11-25 00:16:36.349641,2025-11-25 00:17:15.326132,0 days 00:00:38.976491,16,True,0.32528191750564023,28,0.0007930410368890557,100,,84,COMPLETE
322,0.7253968253968255,2025-11-25 00:16:36.489483,2025-11-25 00:17:15.727310,0 days 00:00:39.237827,16,True,0.3199516146195527,28,0.0007437254886894917,100,,84,COMPLETE
323,0.75,2025-11-25 00:17:15.353095,2025-11-25 00:17:44.812238,0 days 00:00:29.459143,16,True,0.32846587806156385,36,0.0007214320516853805,75,,84,COMPLETE
324,0.7087301587301588,2025-11-25 00:17:15.753207,2025-11-25 00:17:27.176609,0 days 00:00:11.423402,48,True,0.3121380433469437,40,0.0007055761979366696,75,,84,COMPLETE
325,0.7103174603174603,2025-11-25 00:17:27.203065,2025-11-25 00:18:06.303079,0 days 00:00:39.100014,16,True,0.30349727130076715,40,0.0008462144328724439,100,,84,COMPLETE
326,0.5818181818181818,2025-11-25 00:17:44.838070,2025-11-25 00:18:14.677765,0 days 00:00:29.839695,16,True,0.33568825161836446,36,0.0006550096943731016,75,,70,COMPLETE
327,0.7373015873015873,2025-11-25 00:18:06.331062,2025-11-25 00:18:17.649012,0 days 00:00:11.317950,48,True,0.3327142424847526,36,0.0006704687936111683,75,,84,COMPLETE
328,0.773015873015873,2025-11-25 00:18:14.703593,2025-11-25 00:18:26.037977,0 days 00:00:11.334384,48,True,0.32991291932045524,32,0.0007218818500649273,75,,84,COMPLETE
329,0.5579365079365078,2025-11-25 00:18:17.674608,2025-11-25 00:18:29.170294,0 days 00:00:11.495686,48,True,0.3175624719329876,36,0.0006734955545759184,75,,84,COMPLETE
330,0.7095238095238096,2025-11-25 00:18:26.068647,2025-11-25 00:18:37.405894,0 days 00:00:11.337247,48,True,0.34792943452681474,32,0.0008369003861576239,75,,84,COMPLETE
331,0.7087301587301588,2025-11-25 00:18:29.196651,2025-11-25 00:18:40.668597,0 days 00:00:11.471946,48,True,0.3480077532777025,32,0.0008052451496070991,75,,84,COMPLETE
332,0.6222222222222222,2025-11-25 00:18:37.435244,2025-11-25 00:18:48.680482,0 days 00:00:11.245238,48,True,0.3081937069916324,32,0.0007577135157833961,75,,84,COMPLETE
333,0.5579365079365078,2025-11-25 00:18:40.696596,2025-11-25 00:18:51.998283,0 days 00:00:11.301687,48,True,0.3106243239415834,32,0.0007330289837458009,75,,84,COMPLETE
334,0.5944444444444444,2025-11-25 00:18:48.706563,2025-11-25 00:19:00.078797,0 days 00:00:11.372234,48,True,0.28742961595184907,32,0.0009999289400479628,75,,84,COMPLETE
335,0.7253968253968255,2025-11-25 00:18:52.020541,2025-11-25 00:19:03.384904,0 days 00:00:11.364363,48,True,0.2864380074688029,36,0.0009867080038741688,75,,84,COMPLETE
336,0.6404761904761905,2025-11-25 00:19:00.110499,2025-11-25 00:19:11.460818,0 days 00:00:11.350319,48,True,0.33592527603919287,36,0.0009013892686098261,75,,84,COMPLETE
337,0.6309523809523809,2025-11-25 00:19:03.410964,2025-11-25 00:19:14.769014,0 days 00:00:11.358050,48,True,0.27868098916474876,36,0.0010956618146786877,75,,84,COMPLETE
338,0.6944444444444445,2025-11-25 00:19:11.487621,2025-11-25 00:19:22.897542,0 days 00:00:11.409921,48,True,0.278420325150892,36,0.0010164633476172304,75,,84,COMPLETE
339,0.7206349206349206,2025-11-25 00:19:14.794024,2025-11-25 00:19:26.341758,0 days 00:00:11.547734,48,True,0.2915893513090396,36,0.0012091573153525965,75,,84,COMPLETE
340,0.765079365079365,2025-11-25 00:19:22.921367,2025-11-25 00:19:34.435434,0 days 00:00:11.514067,48,True,0.29189538079504995,36,0.001154282923293075,75,,84,COMPLETE
341,0.65,2025-11-25 00:19:26.376915,2025-11-25 00:19:37.774801,0 days 00:00:11.397886,48,True,0.2998301545068514,36,0.0009279647306350158,75,,84,COMPLETE
342,0.6579365079365079,2025-11-25 00:19:34.461120,2025-11-25 00:19:45.773586,0 days 00:00:11.312466,48,True,0.2976493254086634,36,0.0011297927634998327,75,,84,COMPLETE
343,0.7611111111111111,2025-11-25 00:19:37.801122,2025-11-25 00:19:48.994949,0 days 00:00:11.193827,48,True,0.26835991228551825,36,0.001149245331242187,75,,84,COMPLETE
344,0.7738095238095238,2025-11-25 00:19:45.794363,2025-11-25 00:19:57.113128,0 days 00:00:11.318765,48,True,0.2625882616572889,36,0.0012950506317594187,75,,84,COMPLETE
345,0.6428571428571429,2025-11-25 00:19:49.039236,2025-11-25 00:20:00.440888,0 days 00:00:11.401652,48,True,0.24202745906483863,36,0.0013010420798865681,75,,84,COMPLETE
346,0.6404761904761905,2025-11-25 00:19:57.141657,2025-11-25 00:20:08.685614,0 days 00:00:11.543957,48,True,0.2450601201339347,36,0.0012954051075191719,75,,84,COMPLETE
347,0.5317460317460317,2025-11-25 00:20:00.470456,2025-11-25 00:20:11.962095,0 days 00:00:11.491639,48,True,0.25249239976996163,36,0.0014806063697087534,75,,84,COMPLETE
348,0.7396825396825397,2025-11-25 00:20:08.712210,2025-11-25 00:20:20.094804,0 days 00:00:11.382594,48,True,0.26360389461248723,36,0.0011957041452634464,75,,84,COMPLETE
349,0.7738095238095238,2025-11-25 00:20:11.988250,2025-11-25 00:20:23.393795,0 days 00:00:11.405545,48,True,0.2662374753822011,36,0.0011907771589018204,75,,84,COMPLETE
350,0.6015873015873017,2025-11-25 00:20:20.121249,2025-11-25 00:20:31.598660,0 days 00:00:11.477411,48,True,0.26771574523600195,36,0.0014303784609751877,75,,84,COMPLETE
351,0.6746031746031745,2025-11-25 00:20:23.422216,2025-11-25 00:20:34.929915,0 days 00:00:11.507699,48,True,0.26600730321261556,36,0.0013737702898778887,75,,84,COMPLETE
352,0.6142857142857143,2025-11-25 00:20:31.628301,2025-11-25 00:20:42.971950,0 days 00:00:11.343649,48,True,0.26144348582526045,36,0.0012924278931792696,75,,84,COMPLETE
353,0.576984126984127,2025-11-25 00:20:34.955426,2025-11-25 00:20:46.360022,0 days 00:00:11.404596,48,True,0.2600777924073093,36,0.001308793971443858,75,,84,COMPLETE
354,0.6531746031746032,2025-11-25 00:20:42.998484,2025-11-25 00:20:54.323200,0 days 00:00:11.324716,48,True,0.2546929021642631,36,0.0015367924621214292,75,,84,COMPLETE
355,0.6396825396825396,2025-11-25 00:20:46.386070,2025-11-25 00:20:57.754800,0 days 00:00:11.368730,48,True,0.2719578140099761,36,0.0016167593585591166,75,,84,COMPLETE
356,0.6182539682539683,2025-11-25 00:20:54.350359,2025-11-25 00:21:05.764838,0 days 00:00:11.414479,48,True,0.2553025994749963,36,0.0012034783594293457,75,,84,COMPLETE
357,0.6492063492063492,2025-11-25 00:20:57.777894,2025-11-25 00:21:09.193615,0 days 00:00:11.415721,48,True,0.2686883676712075,36,0.0011989508422193356,75,,84,COMPLETE
358,0.665079365079365,2025-11-25 00:21:05.791351,2025-11-25 00:21:17.218042,0 days 00:00:11.426691,48,True,0.26866561946795686,36,0.00111558883386372,75,,84,COMPLETE
359,0.7849206349206349,2025-11-25 00:21:09.220426,2025-11-25 00:21:20.787008,0 days 00:00:11.566582,48,True,0.24608311148207762,36,0.0010893505346245497,75,,84,COMPLETE
360,0.6698412698412698,2025-11-25 00:21:17.243054,2025-11-25 00:21:28.928803,0 days 00:00:11.685749,48,True,0.2519521108857827,36,0.0010338393882967775,75,,84,COMPLETE
361,0.7055555555555557,2025-11-25 00:21:20.813716,2025-11-25 00:21:32.392681,0 days 00:00:11.578965,48,True,0.23612832661069613,36,0.0010384427097350588,75,,84,COMPLETE
362,0.5412698412698413,2025-11-25 00:21:28.954094,2025-11-25 00:21:40.371418,0 days 00:00:11.417324,48,True,0.2276648365675885,36,0.0010897870399260482,75,,84,COMPLETE
363,0.6936507936507937,2025-11-25 00:21:32.416308,2025-11-25 00:21:43.947467,0 days 00:00:11.531159,48,True,0.2773176327747529,36,0.0011330620719430225,75,,84,COMPLETE
364,0.6579365079365079,2025-11-25 00:21:40.396041,2025-11-25 00:21:51.762740,0 days 00:00:11.366699,48,True,0.24334750130297106,36,0.0012169823002554014,75,,84,COMPLETE
365,0.6119047619047618,2025-11-25 00:21:43.974446,2025-11-25 00:21:55.383611,0 days 00:00:11.409165,48,True,0.2481585860976912,12,0.007285413229755223,75,,84,COMPLETE
366,0.4611111111111111,2025-11-25 00:21:51.787515,2025-11-25 00:22:03.166557,0 days 00:00:11.379042,48,True,0.24793473889325568,36,0.0056673468342042415,75,,84,COMPLETE
367,0.653968253968254,2025-11-25 00:21:55.409747,2025-11-25 00:22:06.866496,0 days 00:00:11.456749,48,True,0.2652509184722304,36,0.0009352870677291884,75,,84,COMPLETE
368,0.6865079365079364,2025-11-25 00:22:03.194153,2025-11-25 00:22:14.536574,0 days 00:00:11.342421,48,True,0.28483563081474716,36,0.001418197985887544,75,,84,COMPLETE
369,0.746031746031746,2025-11-25 00:22:06.891708,2025-11-25 00:22:18.257208,0 days 00:00:11.365500,48,True,0.2836231870390745,36,0.0014143937138587953,75,,84,COMPLETE
370,0.542063492063492,2025-11-25 00:22:14.564327,2025-11-25 00:22:26.106507,0 days 00:00:11.542180,48,True,0.25898677151783395,36,0.0003776712420052698,75,,84,COMPLETE
371,0.6460317460317461,2025-11-25 00:22:18.282504,2025-11-25 00:22:29.898510,0 days 00:00:11.616006,48,True,0.281042753214,36,0.0013767368604063158,75,,84,COMPLETE
372,0.7134920634920636,2025-11-25 00:22:26.161088,2025-11-25 00:22:37.501693,0 days 00:00:11.340605,48,True,0.2761121759911527,36,0.0013880558640639936,75,,84,COMPLETE
373,0.66984126984127,2025-11-25 00:22:29.928508,2025-11-25 00:22:41.357862,0 days 00:00:11.429354,48,True,0.27052014352020887,36,0.0012455274400063401,75,,84,COMPLETE
374,0.776984126984127,2025-11-25 00:22:37.540619,2025-11-25 00:22:48.701846,0 days 00:00:11.161227,48,True,0.27168749680685395,36,0.0016067552915594852,75,,84,COMPLETE
375,0.6777777777777779,2025-11-25 00:22:41.383887,2025-11-25 00:22:52.774403,0 days 00:00:11.390516,48,True,0.28699035073944756,36,0.0016573591078547234,75,,84,COMPLETE
376,0.6515873015873016,2025-11-25 00:22:48.729174,2025-11-25 00:23:00.023094,0 days 00:00:11.293920,48,True,0.2594088962291882,36,0.0015725138676314016,75,,84,COMPLETE
377,0.6984126984126985,2025-11-25 00:22:52.801287,2025-11-25 00:23:04.153482,0 days 00:00:11.352195,48,True,0.2613776760341454,36,0.001828503285924325,75,,84,COMPLETE
378,0.5206349206349207,2025-11-25 00:23:00.045379,2025-11-25 00:23:11.475615,0 days 00:00:11.430236,48,True,0.27502313224083796,36,0.0021353480468222497,75,,84,COMPLETE
379,0.6904761904761904,2025-11-25 00:23:04.179670,2025-11-25 00:23:15.589647,0 days 00:00:11.409977,48,True,0.2734677348288445,36,0.0023872170813083737,75,,84,COMPLETE
380,0.7214285714285715,2025-11-25 00:23:11.499892,2025-11-25 00:23:22.961155,0 days 00:00:11.461263,48,True,0.28790733096901827,36,0.0011417255227518406,75,,84,COMPLETE
381,0.7531746031746032,2025-11-25 00:23:15.615629,2025-11-25 00:23:27.151051,0 days 00:00:11.535422,48,True,0.2901921990002063,36,0.0019491033924438218,75,,84,COMPLETE
382,0.6373015873015873,2025-11-25 00:23:22.987850,2025-11-25 00:23:34.290234,0 days 00:00:11.302384,48,True,0.2923712028554091,36,0.0017090102061299416,75,,84,COMPLETE
383,0.7095238095238097,2025-11-25 00:23:27.176937,2025-11-25 00:23:38.529373,0 days 00:00:11.352436,48,True,0.2906449120294658,36,0.002023048639759499,75,,84,COMPLETE
384,0.6738095238095237,2025-11-25 00:23:34.316801,2025-11-25 00:23:45.569824,0 days 00:00:11.253023,48,True,0.2808179135614654,36,0.0014620649170536452,75,,84,COMPLETE
385,0.746031746031746,2025-11-25 00:23:38.557376,2025-11-25 00:23:49.789238,0 days 00:00:11.231862,48,True,0.24098872248868178,36,0.0014277014870859655,75,,84,COMPLETE
386,0.7865079365079365,2025-11-25 00:23:45.595592,2025-11-25 00:23:56.970184,0 days 00:00:11.374592,48,True,0.23676192688375552,36,0.0017998193098285747,75,,84,COMPLETE
387,0.7134920634920635,2025-11-25 00:23:49.816622,2025-11-25 00:24:01.252882,0 days 00:00:11.436260,48,True,0.2405685213131159,36,0.0016759684064860257,75,,84,COMPLETE
388,0.6992063492063493,2025-11-25 00:23:56.995916,2025-11-25 00:24:08.428976,0 days 00:00:11.433060,48,True,0.22070550241646583,36,0.0017162814347836586,75,,84,COMPLETE
389,0.6976190476190477,2025-11-25 00:24:01.279537,2025-11-25 00:24:12.795964,0 days 00:00:11.516427,48,True,0.24177623161422723,36,0.002111921459523599,75,,84,COMPLETE
390,0.638095238095238,2025-11-25 00:24:08.456549,2025-11-25 00:24:20.223054,0 days 00:00:11.766505,48,True,0.23144205873595716,36,0.0020829554356900665,75,,84,COMPLETE
391,0.6,2025-11-25 00:24:12.819920,2025-11-25 00:24:24.662091,0 days 00:00:11.842171,48,True,0.23184587705724855,36,0.002347707225716238,75,,84,COMPLETE
392,0.6738095238095237,2025-11-25 00:24:20.248446,2025-11-25 00:24:31.649247,0 days 00:00:11.400801,48,True,0.20543570831608193,36,0.0018964682096313018,75,,84,COMPLETE
393,0.5357142857142857,2025-11-25 00:24:24.691067,2025-11-25 00:24:36.097241,0 days 00:00:11.406174,48,True,0.24744479851607828,36,0.0018202049828416472,75,,84,COMPLETE
394,0.7531746031746032,2025-11-25 00:24:31.686028,2025-11-25 00:24:43.126122,0 days 00:00:11.440094,48,True,0.25704697142340655,36,0.0018657110538369806,75,,84,COMPLETE
395,0.7849206349206349,2025-11-25 00:24:36.124351,2025-11-25 00:24:47.526569,0 days 00:00:11.402218,48,True,0.2605167810768409,36,0.0016110324253294237,75,,84,COMPLETE
396,0.7325396825396825,2025-11-25 00:24:43.151799,2025-11-25 00:24:54.627438,0 days 00:00:11.475639,48,True,0.2141957758344863,36,0.0017566285523027024,75,,84,COMPLETE
397,0.6777777777777777,2025-11-25 00:24:47.552784,2025-11-25 00:24:59.147895,0 days 00:00:11.595111,48,True,0.25010994041826956,36,0.0015706723250221407,75,,84,COMPLETE
398,0.7095238095238096,2025-11-25 00:24:54.655903,2025-11-25 00:25:06.078388,0 days 00:00:11.422485,48,True,0.2560222170830156,36,0.0019592739598429513,75,,84,COMPLETE
399,0.5984126984126984,2025-11-25 00:24:59.173713,2025-11-25 00:25:10.740876,0 days 00:00:11.567163,48,True,0.25590238197255144,36,0.0019489124786855705,75,,84,COMPLETE
400,0.6777777777777777,2025-11-25 00:25:06.104605,2025-11-25 00:25:17.672288,0 days 00:00:11.567683,48,True,0.2322330807828416,36,0.0015283044829177965,75,,84,COMPLETE
401,0.5404761904761904,2025-11-25 00:25:10.782624,2025-11-25 00:25:22.242812,0 days 00:00:11.460188,48,True,0.2641560183403845,36,0.0026127083424079263,75,,84,COMPLETE
402,0.7571428571428571,2025-11-25 00:25:17.698617,2025-11-25 00:25:29.092263,0 days 00:00:11.393646,48,True,0.26309614962344113,36,0.0017458784507725258,75,,84,COMPLETE
403,0.8095238095238096,2025-11-25 00:25:22.267233,2025-11-25 00:25:33.752278,0 days 00:00:11.485045,48,True,0.2404755525462522,36,0.0016987121252516,75,,84,COMPLETE
404,0.6674603174603174,2025-11-25 00:25:29.114447,2025-11-25 00:25:40.511608,0 days 00:00:11.397161,48,True,0.24991183001195721,36,0.0017039079707134271,75,,84,COMPLETE
405,0.6452380952380952,2025-11-25 00:25:33.787428,2025-11-25 00:25:45.208863,0 days 00:00:11.421435,48,True,0.23644607219816505,36,0.001714826446461991,75,,84,COMPLETE
406,0.5944444444444444,2025-11-25 00:25:40.537723,2025-11-25 00:25:52.017772,0 days 00:00:11.480049,48,True,0.23943495316904648,36,0.0017767411460944038,75,,84,COMPLETE
407,0.7722222222222221,2025-11-25 00:25:45.239111,2025-11-25 00:25:56.812371,0 days 00:00:11.573260,48,True,0.240552774552088,36,0.0014986754846332507,75,,84,COMPLETE
408,0.48809523809523814,2025-11-25 00:25:52.042477,2025-11-25 00:26:03.527658,0 days 00:00:11.485181,48,True,0.26364150381562457,36,0.0015536250869282583,75,,84,COMPLETE
409,0.6968253968253969,2025-11-25 00:25:56.839251,2025-11-25 00:26:08.405237,0 days 00:00:11.565986,48,True,0.22092145065971783,36,0.0015485409186728858,75,,84,COMPLETE
410,0.7333333333333334,2025-11-25 00:26:03.554841,2025-11-25 00:26:15.154737,0 days 00:00:11.599896,48,True,0.21837491793315408,36,0.0018906684907476492,75,,84,COMPLETE
411,0.7134920634920635,2025-11-25 00:26:08.431387,2025-11-25 00:26:20.210171,0 days 00:00:11.778784,48,True,0.2414091165181415,36,0.001783165960013385,75,,84,COMPLETE
412,0.6301587301587301,2025-11-25 00:26:15.179345,2025-11-25 00:26:26.954690,0 days 00:00:11.775345,48,True,0.24149000761233103,36,0.0018860458930507224,75,,84,COMPLETE
413,0.7206349206349206,2025-11-25 00:26:20.238690,2025-11-25 00:26:32.473754,0 days 00:00:12.235064,48,True,0.23192475350300543,36,0.0014372892494878898,75,,84,COMPLETE
414,0.8253968253968255,2025-11-25 00:26:26.984903,2025-11-25 00:26:39.330205,0 days 00:00:12.345302,48,True,0.2523771900342565,32,0.0014484986551203565,75,,84,COMPLETE
415,0.7682539682539682,2025-11-25 00:26:32.498836,2025-11-25 00:26:44.202601,0 days 00:00:11.703765,48,True,0.24822506027292973,32,0.0022588044505511763,75,,84,COMPLETE
416,0.6865079365079364,2025-11-25 00:26:39.372199,2025-11-25 00:26:50.658376,0 days 00:00:11.286177,48,True,0.2534706736666052,32,0.001575563016868294,75,,84,COMPLETE
417,0.6785714285714285,2025-11-25 00:26:44.232195,2025-11-25 00:26:55.612878,0 days 00:00:11.380683,48,True,0.25264151365009846,32,0.0021431756803715575,75,,84,COMPLETE
418,0.673015873015873,2025-11-25 00:26:50.687071,2025-11-25 00:27:02.051190,0 days 00:00:11.364119,48,True,0.25599604951519606,32,0.002135205136917237,75,,84,COMPLETE
419,0.0,2025-11-25 00:26:55.639734,2025-11-25 00:27:07.225558,0 days 00:00:11.585824,48,True,0.2279928197229659,32,0.002733161920092061,75,,98,COMPLETE
420,0.5373015873015873,2025-11-25 00:27:02.077811,2025-11-25 00:27:13.520147,0 days 00:00:11.442336,48,True,0.22917753759970935,32,0.001917422758280609,75,,84,COMPLETE
421,0.5857142857142857,2025-11-25 00:27:07.251543,2025-11-25 00:27:18.872500,0 days 00:00:11.620957,48,True,0.24591544850603922,32,0.0024250641373428357,75,,84,COMPLETE
422,0.7214285714285715,2025-11-25 00:27:13.551409,2025-11-25 00:27:25.079762,0 days 00:00:11.528353,48,True,0.266646825172072,32,0.0017157708107919199,75,,84,COMPLETE
423,0.6738095238095237,2025-11-25 00:27:18.901752,2025-11-25 00:27:30.433801,0 days 00:00:11.532049,48,True,0.2680295089628207,32,0.0015973001907506703,75,,84,COMPLETE
424,0.5484126984126985,2025-11-25 00:27:25.105690,2025-11-25 00:27:36.669623,0 days 00:00:11.563933,48,True,0.250104830837072,32,0.0022886899361020028,75,,84,COMPLETE
425,0.6309523809523809,2025-11-25 00:27:30.459628,2025-11-25 00:27:42.148380,0 days 00:00:11.688752,48,True,0.25166704126882095,32,0.0018379314794565408,75,,84,COMPLETE
426,0.6142857142857142,2025-11-25 00:27:36.709872,2025-11-25 00:27:48.233520,0 days 00:00:11.523648,48,True,0.25757100799674243,20,0.0018382488449085032,75,,84,COMPLETE
427,0.7920634920634922,2025-11-25 00:27:42.175049,2025-11-25 00:27:53.635270,0 days 00:00:11.460221,48,True,0.26500482702066464,20,0.0019993275666513573,75,,84,COMPLETE
428,0.3801587301587302,2025-11-25 00:27:48.260062,2025-11-25 00:27:59.757905,0 days 00:00:11.497843,48,True,0.27269836225455263,4,0.001639014781396037,75,,84,COMPLETE
429,0.5936507936507937,2025-11-25 00:27:53.660345,2025-11-25 00:28:05.373649,0 days 00:00:11.713304,48,True,0.26859645424128736,20,0.0021020925738203067,75,,84,COMPLETE
430,0.7769841269841269,2025-11-25 00:27:59.782177,2025-11-25 00:28:11.329895,0 days 00:00:11.547718,48,True,0.2399021437631566,20,0.0013313427401124807,75,,84,COMPLETE
431,0.4904761904761905,2025-11-25 00:28:05.400029,2025-11-25 00:28:17.001724,0 days 00:00:11.601695,48,True,0.08751106145874374,20,0.002764983453548331,75,,84,COMPLETE
432,0.7444444444444445,2025-11-25 00:28:11.355278,2025-11-25 00:28:22.772901,0 days 00:00:11.417623,48,True,0.23543370182890322,20,0.0013258063438622526,75,,84,COMPLETE
433,0.5817460317460318,2025-11-25 00:28:17.026152,2025-11-25 00:28:28.502831,0 days 00:00:11.476679,48,True,0.23649500020008607,20,0.0013117203558653348,75,,84,COMPLETE
434,0.6373015873015874,2025-11-25 00:28:22.800873,2025-11-25 00:28:34.393807,0 days 00:00:11.592934,48,True,0.24541555624919942,20,0.001496844998454887,75,,84,COMPLETE
435,0.6357142857142857,2025-11-25 00:28:28.527341,2025-11-25 00:28:40.237507,0 days 00:00:11.710166,48,True,0.22613454745581563,20,0.0014227295104841382,75,,84,COMPLETE
436,0.6396825396825396,2025-11-25 00:28:34.421356,2025-11-25 00:28:46.017923,0 days 00:00:11.596567,48,True,0.22196357687850132,20,0.0025658005672099466,75,,84,COMPLETE
437,0.0,2025-11-25 00:28:40.263558,2025-11-25 00:28:51.832074,0 days 00:00:11.568516,48,True,0.24608967557122566,20,0.0022695819438727496,75,,98,COMPLETE
438,0.5936507936507937,2025-11-25 00:28:46.049254,2025-11-25 00:28:57.482296,0 days 00:00:11.433042,48,True,0.2589572986396305,20,0.0022021206883753716,75,,84,COMPLETE
439,0.6214285714285714,2025-11-25 00:28:51.859563,2025-11-25 00:29:03.391569,0 days 00:00:11.532006,48,True,0.2634857388079332,16,0.0012762958133888279,75,,84,COMPLETE
440,0.5611111111111111,2025-11-25 00:28:57.508452,2025-11-25 00:29:08.978792,0 days 00:00:11.470340,48,True,0.20815078183533525,16,0.0012590463336102453,75,,84,COMPLETE
441,0.6666666666666666,2025-11-25 00:29:03.417291,2025-11-25 00:29:14.950249,0 days 00:00:11.532958,48,True,0.2696906734448533,20,0.0016120029605557569,75,,84,COMPLETE
442,0.5960317460317461,2025-11-25 00:29:09.003658,2025-11-25 00:29:20.541136,0 days 00:00:11.537478,48,True,0.2432839419201226,32,0.0016103349621617712,75,,84,COMPLETE
443,0.7253968253968254,2025-11-25 00:29:14.978952,2025-11-25 00:29:26.333147,0 days 00:00:11.354195,48,True,0.24223309909667118,20,0.0019684223828478234,75,,84,COMPLETE
444,0.6253968253968254,2025-11-25 00:29:20.568483,2025-11-25 00:29:32.022790,0 days 00:00:11.454307,48,True,0.2747505131728257,20,0.0020357438723031113,75,,84,COMPLETE
445,0.6253968253968254,2025-11-25 00:29:26.364555,2025-11-25 00:29:38.060463,0 days 00:00:11.695908,48,True,0.2772983547321565,20,0.001440780729868125,75,,84,COMPLETE
446,0.6984126984126985,2025-11-25 00:29:32.047526,2025-11-25 00:29:43.566690,0 days 00:00:11.519164,48,True,0.2617952924681269,32,0.0014801778528858458,75,,84,COMPLETE
447,0.6341269841269842,2025-11-25 00:29:38.084342,2025-11-25 00:29:49.585523,0 days 00:00:11.501181,48,True,0.2618227703800228,32,0.0013097254696252131,75,,84,COMPLETE
448,0.653968253968254,2025-11-25 00:29:43.593582,2025-11-25 00:29:55.033426,0 days 00:00:11.439844,48,True,0.25289866563674085,32,0.0013110609839849948,75,,84,COMPLETE
449,0.719047619047619,2025-11-25 00:29:49.611763,2025-11-25 00:30:01.060499,0 days 00:00:11.448736,48,True,0.25138737387689924,36,0.0017407136195905118,75,,84,COMPLETE
450,0.5793650793650794,2025-11-25 00:29:55.056893,2025-11-25 00:30:06.606210,0 days 00:00:11.549317,48,True,0.19425175091255822,36,0.0017691094432468683,75,,84,COMPLETE
451,0.6190476190476191,2025-11-25 00:30:01.088924,2025-11-25 00:30:12.594142,0 days 00:00:11.505218,48,True,0.19600337803985035,36,0.0015052154963955194,75,,84,COMPLETE
452,0.6706349206349206,2025-11-25 00:30:06.631921,2025-11-25 00:30:18.042996,0 days 00:00:11.411075,48,True,0.2319375066702962,36,0.001537850821933928,75,,84,COMPLETE
453,0.6507936507936508,2025-11-25 00:30:12.620267,2025-11-25 00:30:24.541934,0 days 00:00:11.921667,48,True,0.23491414309278713,20,0.001214738445261274,75,,84,COMPLETE
454,0.7214285714285715,2025-11-25 00:30:18.066276,2025-11-25 00:30:29.934562,0 days 00:00:11.868286,48,True,0.27859014026372936,20,0.0012381277337148076,75,,84,COMPLETE
455,0.6087301587301587,2025-11-25 00:30:24.567521,2025-11-25 00:30:36.044645,0 days 00:00:11.477124,48,True,0.2494533116028165,32,0.0019460241368709779,75,,84,COMPLETE
456,0.0,2025-11-25 00:30:29.959946,2025-11-25 00:30:41.532934,0 days 00:00:11.572988,48,True,0.27115073490718944,32,0.001121197223753595,75,,98,COMPLETE
457,0.7111111111111111,2025-11-25 00:30:36.070739,2025-11-25 00:30:47.674984,0 days 00:00:11.604245,48,True,0.15090665223330166,36,0.003082592846219096,75,,84,COMPLETE
458,0.6349206349206349,2025-11-25 00:30:41.556457,2025-11-25 00:30:52.980694,0 days 00:00:11.424237,48,True,0.22112400558972756,36,0.001360277679577614,75,,77,COMPLETE
459,0.6920634920634922,2025-11-25 00:30:47.700138,2025-11-25 00:30:59.138256,0 days 00:00:11.438118,48,True,0.2647148635767225,36,0.0013604862224846825,75,,84,COMPLETE
460,0.6777777777777777,2025-11-25 00:30:53.006173,2025-11-25 00:31:04.397680,0 days 00:00:11.391507,48,True,0.26817355502326257,16,0.0017471449203665468,75,,84,COMPLETE
461,0.6373015873015873,2025-11-25 00:30:59.167543,2025-11-25 00:31:10.718849,0 days 00:00:11.551306,48,True,0.238104063778876,16,0.0010669269686135175,75,,84,COMPLETE
462,0.6301587301587301,2025-11-25 00:31:04.423070,2025-11-25 00:31:15.926127,0 days 00:00:11.503057,48,True,0.2394090787571197,36,0.001085035798760531,75,,84,COMPLETE
463,0.7420634920634921,2025-11-25 00:31:10.749436,2025-11-25 00:31:22.501709,0 days 00:00:11.752273,48,True,0.008404550152073836,36,0.001619478646146219,75,,84,COMPLETE
464,0.5968253968253969,2025-11-25 00:31:15.962022,2025-11-25 00:31:27.530368,0 days 00:00:11.568346,48,True,0.2528066059128934,12,0.0016030001388249602,75,,84,COMPLETE
465,0.5944444444444444,2025-11-25 00:31:22.522983,2025-11-25 00:31:34.022408,0 days 00:00:11.499425,48,True,0.2810853174367686,32,0.0016759965985463578,75,,84,COMPLETE
466,0.4785714285714286,2025-11-25 00:31:27.558480,2025-11-25 00:31:39.350492,0 days 00:00:11.792012,48,True,0.2836103584189421,32,0.0019775273871321026,75,,84,COMPLETE
467,0.7452380952380953,2025-11-25 00:31:34.052178,2025-11-25 00:31:45.874957,0 days 00:00:11.822779,48,True,0.2135279064586999,36,0.0024180298049429807,75,,84,COMPLETE
468,0.42063492063492064,2025-11-25 00:31:39.377937,2025-11-25 00:31:50.844283,0 days 00:00:11.466346,48,True,0.257372180916928,36,0.0022404789849323186,75,,84,COMPLETE
469,0.6235827664399093,2025-11-25 00:31:45.900896,2025-11-25 00:31:57.534598,0 days 00:00:11.633702,48,True,0.2564723220634825,36,0.0022008085540766026,75,,77,COMPLETE
470,0.709750566893424,2025-11-25 00:31:50.875954,2025-11-25 00:32:02.239042,0 days 00:00:11.363088,48,True,0.24819725122453645,20,0.0020331391955593415,75,,77,COMPLETE
471,0.6174603174603175,2025-11-25 00:31:57.560233,2025-11-25 00:32:09.092925,0 days 00:00:11.532692,48,True,0.24475235057974679,20,0.0014743305652150842,75,,84,COMPLETE
472,0.7896825396825397,2025-11-25 00:32:02.267000,2025-11-25 00:32:13.734039,0 days 00:00:11.467039,48,True,0.2732005475514478,36,0.0014604982798334418,75,,84,COMPLETE
473,0.776984126984127,2025-11-25 00:32:09.115680,2025-11-25 00:32:20.590774,0 days 00:00:11.475094,48,True,0.2737376462308807,36,0.0011941803598975408,75,,84,COMPLETE
474,0.6746031746031745,2025-11-25 00:32:13.761634,2025-11-25 00:32:25.220639,0 days 00:00:11.459005,48,True,0.27060288222916934,36,0.001194499980658022,75,,84,COMPLETE
475,0.6531746031746032,2025-11-25 00:32:20.616956,2025-11-25 00:32:32.121373,0 days 00:00:11.504417,48,True,0.27323435789416733,32,0.0011873105204183347,75,,84,COMPLETE
476,0.39999999999999997,2025-11-25 00:32:25.256807,2025-11-25 00:32:41.595146,0 days 00:00:16.338339,32,True,0.2781968048808946,8,0.0011786026557308296,75,,84,COMPLETE
477,0.576984126984127,2025-11-25 00:32:32.145944,2025-11-25 00:32:43.868313,0 days 00:00:11.722369,48,True,0.22734426983523015,36,0.001357572100924979,75,,84,COMPLETE
478,0.6920634920634922,2025-11-25 00:32:41.621735,2025-11-25 00:32:53.117548,0 days 00:00:11.495813,48,True,0.22650123864998004,36,0.0013129070761680917,75,,84,COMPLETE
479,0.6611111111111111,2025-11-25 00:32:43.895056,2025-11-25 00:32:55.474295,0 days 00:00:11.579239,48,True,0.2641513010505675,20,0.001272332254625705,75,,84,COMPLETE
480,0.6174603174603175,2025-11-25 00:32:53.145788,2025-11-25 00:33:04.744213,0 days 00:00:11.598425,48,True,0.2597342883534884,20,0.0014331221262756312,75,,84,COMPLETE
481,0.6777777777777777,2025-11-25 00:32:55.500099,2025-11-25 00:33:07.058189,0 days 00:00:11.558090,48,True,0.2871365826806804,32,0.0010194122003761674,75,,84,COMPLETE
482,0.0,2025-11-25 00:33:04.770275,2025-11-25 00:33:16.194805,0 days 00:00:11.424530,48,True,0.29019203752468486,32,0.0010208090767329404,75,,98,COMPLETE
483,0.0,2025-11-25 00:33:07.083712,2025-11-25 00:33:18.550315,0 days 00:00:11.466603,48,True,0.24522203537753032,36,0.001102305457201363,75,,98,COMPLETE
484,0.6341269841269841,2025-11-25 00:33:16.227993,2025-11-25 00:33:27.815698,0 days 00:00:11.587705,48,True,0.2731690296280642,36,0.0011152566395342272,75,,84,COMPLETE
485,0.7047619047619048,2025-11-25 00:33:18.582607,2025-11-25 00:33:30.300219,0 days 00:00:11.717612,48,True,0.2724090822310822,36,0.0008525953401319737,75,,84,COMPLETE
486,0.6674603174603174,2025-11-25 00:33:27.846919,2025-11-25 00:33:39.358151,0 days 00:00:11.511232,48,True,0.25421286806825805,36,0.0014868010115121938,75,,84,COMPLETE
487,0.7380952380952381,2025-11-25 00:33:30.324746,2025-11-25 00:33:42.010009,0 days 00:00:11.685263,48,True,0.2556063915070017,36,0.0013912440966929354,75,,84,COMPLETE
488,0.6166666666666667,2025-11-25 00:33:39.388018,2025-11-25 00:33:50.777861,0 days 00:00:11.389843,48,True,0.23653614704504852,24,0.0012386004229481295,75,,84,COMPLETE
489,0.7222222222222223,2025-11-25 00:33:42.034416,2025-11-25 00:33:53.528982,0 days 00:00:11.494566,48,True,0.2365734297903709,24,0.0012941869569104976,75,,84,COMPLETE
490,0.692857142857143,2025-11-25 00:33:50.805059,2025-11-25 00:34:02.324644,0 days 00:00:11.519585,48,True,0.2988382862528901,28,0.0009036009866057727,75,,84,COMPLETE
491,0.6698412698412698,2025-11-25 00:33:53.562662,2025-11-25 00:34:05.028792,0 days 00:00:11.466130,48,True,0.3011520616265413,28,0.0008948880854965733,75,,84,COMPLETE
492,0.669047619047619,2025-11-25 00:34:02.353965,2025-11-25 00:34:13.863745,0 days 00:00:11.509780,48,True,0.30705391383603536,36,0.001178025645709085,75,,84,COMPLETE
493,0.7325396825396825,2025-11-25 00:34:05.052273,2025-11-25 00:34:16.551219,0 days 00:00:11.498946,48,True,0.2786036211375934,36,0.0014389535809810076,75,,84,COMPLETE
494,0.653968253968254,2025-11-25 00:34:13.894100,2025-11-25 00:34:25.342775,0 days 00:00:11.448675,48,True,0.2807686897876424,20,0.0013765592390973817,75,,84,COMPLETE
495,0.6492063492063492,2025-11-25 00:34:16.579751,2025-11-25 00:34:28.120286,0 days 00:00:11.540535,48,True,0.26615036114318563,20,0.001010353293912537,75,,84,COMPLETE
496,0.6904761904761904,2025-11-25 00:34:25.371511,2025-11-25 00:34:36.916248,0 days 00:00:11.544737,48,True,0.24772246784885846,32,0.001527391106386655,75,,84,COMPLETE
497,0.6095238095238096,2025-11-25 00:34:28.148163,2025-11-25 00:34:39.731419,0 days 00:00:11.583256,48,True,0.2510353384490861,32,0.004123359446779105,75,,84,COMPLETE
498,0.6087301587301587,2025-11-25 00:34:36.942421,2025-11-25 00:34:48.430427,0 days 00:00:11.488006,48,True,0.26364945780828514,36,0.0035007176125955997,75,,84,COMPLETE
499,0.6753968253968253,2025-11-25 00:34:39.755894,2025-11-25 00:34:51.345119,0 days 00:00:11.589225,48,True,0.262571269429142,36,0.00348754615923404,75,,84,COMPLETE
500,0.7611489040060467,2025-11-25 00:34:48.458769,2025-11-25 00:34:59.919032,0 days 00:00:11.460263,48,True,0.22090684529764576,28,0.0012254855838629527,75,,77,COMPLETE
501,0.6896825396825396,2025-11-25 00:34:51.373809,2025-11-25 00:35:02.828852,0 days 00:00:11.455043,48,True,0.22847039261528648,28,0.0012544822271200245,75,,84,COMPLETE
502,0.6738095238095237,2025-11-25 00:34:59.950804,2025-11-25 00:35:11.479256,0 days 00:00:11.528452,48,True,0.23514559183253111,28,0.0012302485728055662,75,,84,COMPLETE
503,0.6455026455026455,2025-11-25 00:35:02.854867,2025-11-25 00:35:14.426651,0 days 00:00:11.571784,48,True,0.20240057775707668,28,0.0010933827314744582,75,,77,COMPLETE
504,0.7218442932728646,2025-11-25 00:35:11.506302,2025-11-25 00:35:22.944252,0 days 00:00:11.437950,48,True,0.22054665108597515,28,0.0011169391124655002,75,,77,COMPLETE
505,0.6961451247165534,2025-11-25 00:35:14.453611,2025-11-25 00:35:25.954599,0 days 00:00:11.500988,48,True,0.21544653334692113,28,0.0011394144925025726,75,,77,COMPLETE
506,0.6848072562358277,2025-11-25 00:35:22.969827,2025-11-25 00:35:34.472275,0 days 00:00:11.502448,48,True,0.2118431327662762,28,0.0009950164304567215,75,,77,COMPLETE
507,0.6107331821617537,2025-11-25 00:35:25.981764,2025-11-25 00:35:37.623587,0 days 00:00:11.641823,48,True,0.24044195229033513,36,0.000988109140353645,75,,77,COMPLETE
508,0.8007936507936507,2025-11-25 00:35:34.534135,2025-11-25 00:35:50.586333,0 days 00:00:16.052198,32,True,0.2421280061353509,32,0.0015779225670357903,75,,84,COMPLETE
509,0.5825396825396826,2025-11-25 00:35:37.650080,2025-11-25 00:35:53.600690,0 days 00:00:15.950610,32,True,0.22447389660417033,36,0.0015766539809983172,75,,84,COMPLETE
510,0.6182539682539683,2025-11-25 00:35:50.612997,2025-11-25 00:36:02.085461,0 days 00:00:11.472464,48,True,0.22739784132412677,32,0.0016002818155722144,75,,84,COMPLETE
511,0.7023809523809524,2025-11-25 00:35:53.628829,2025-11-25 00:36:09.733295,0 days 00:00:16.104466,32,True,0.24380770558591608,32,0.001395493250262847,75,,84,COMPLETE
512,0.6579365079365079,2025-11-25 00:36:02.111731,2025-11-25 00:36:13.652401,0 days 00:00:11.540670,48,True,0.2424190678487463,32,0.001360802141948668,75,,84,COMPLETE
513,0.6277777777777778,2025-11-25 00:36:09.757643,2025-11-25 00:36:26.320290,0 days 00:00:16.562647,32,True,0.1262057645519057,32,0.0013421979221717854,75,,84,COMPLETE
514,0.7634920634920634,2025-11-25 00:36:13.679361,2025-11-25 00:36:29.927613,0 days 00:00:16.248252,32,True,0.1785096008905766,32,0.0015093254038156686,75,,84,COMPLETE
515,0.5412698412698412,2025-11-25 00:36:26.350123,2025-11-25 00:36:38.055670,0 days 00:00:11.705547,48,True,0.2117076716474806,32,0.0017041202012795821,75,,84,COMPLETE
516,0.75,2025-11-25 00:36:29.954990,2025-11-25 00:36:41.459412,0 days 00:00:11.504422,48,True,0.1533104415119202,32,0.0016700505255171053,75,,84,COMPLETE
517,0.6777777777777777,2025-11-25 00:36:38.080535,2025-11-25 00:36:54.350910,0 days 00:00:16.270375,32,True,0.2560001297578633,32,0.00151750523114647,75,,84,COMPLETE
518,0.511904761904762,2025-11-25 00:36:41.485693,2025-11-25 00:36:57.581152,0 days 00:00:16.095459,32,True,0.17065766827614046,32,0.001538627103524796,75,,84,COMPLETE
519,0.6547619047619048,2025-11-25 00:36:54.376007,2025-11-25 00:37:10.364881,0 days 00:00:15.988874,32,True,0.2689535971715163,32,0.0014995992647967567,75,,84,COMPLETE
520,0.6698412698412698,2025-11-25 00:36:57.608668,2025-11-25 00:37:13.602781,0 days 00:00:15.994113,32,True,0.16176487206931406,32,0.001270052523469055,75,,84,COMPLETE
521,0.6960317460317459,2025-11-25 00:37:10.390330,2025-11-25 00:37:26.547157,0 days 00:00:16.156827,32,True,0.19821679610153917,32,0.0012621948027712261,75,,84,COMPLETE
522,0.5071428571428571,2025-11-25 00:37:13.631386,2025-11-25 00:37:29.885645,0 days 00:00:16.254259,32,True,0.11582564609937995,32,0.0014455704705151702,75,,84,COMPLETE
523,0.8166666666666668,2025-11-25 00:37:26.572954,2025-11-25 00:37:43.077577,0 days 00:00:16.504623,32,True,0.24972166024137565,32,0.0017583502514188871,75,,84,COMPLETE
524,0.6071428571428571,2025-11-25 00:37:29.917766,2025-11-25 00:37:41.393806,0 days 00:00:11.476040,48,True,0.2492780447022115,36,0.0017599859422386176,75,,84,COMPLETE
525,0.6460317460317461,2025-11-25 00:37:41.422427,2025-11-25 00:37:52.947355,0 days 00:00:11.524928,48,True,0.23630957852745033,32,0.0011705584852654417,75,,84,COMPLETE
526,0.6960317460317459,2025-11-25 00:37:43.108627,2025-11-25 00:37:59.252205,0 days 00:00:16.143578,32,True,0.23225598558345453,32,0.0017685092262512913,75,,84,COMPLETE
527,0.6,2025-11-25 00:37:52.974465,2025-11-25 00:38:09.114605,0 days 00:00:16.140140,32,True,0.2586038480697154,32,0.0016529010479280296,75,,84,COMPLETE
528,0.5912698412698413,2025-11-25 00:37:59.277875,2025-11-25 00:38:15.374748,0 days 00:00:16.096873,32,True,0.18449421850163883,32,0.001572990553619614,75,,84,COMPLETE
529,0.6166666666666666,2025-11-25 00:38:09.151522,2025-11-25 00:38:25.081119,0 days 00:00:15.929597,32,True,0.25101544556738176,32,0.0018644982962359603,75,,84,COMPLETE
530,0.6515873015873016,2025-11-25 00:38:15.400351,2025-11-25 00:38:31.469166,0 days 00:00:16.068815,32,True,0.25057614644411935,32,0.001844834832775259,75,,84,COMPLETE
531,0.5603174603174604,2025-11-25 00:38:25.105096,2025-11-25 00:38:36.848251,0 days 00:00:11.743155,48,True,0.24602006754868255,32,0.0014020089749581927,75,,84,COMPLETE
532,0.6904761904761904,2025-11-25 00:38:31.496078,2025-11-25 00:38:47.886333,0 days 00:00:16.390255,32,True,0.17685356395088794,32,0.0014264017850199118,75,,84,COMPLETE
533,0.47539682539682543,2025-11-25 00:38:36.876276,2025-11-25 00:38:52.805292,0 days 00:00:15.929016,32,True,0.26917302472924953,36,0.001422420851848824,75,,84,COMPLETE
534,0.5047619047619047,2025-11-25 00:38:47.911704,2025-11-25 00:39:03.883969,0 days 00:00:15.972265,32,True,0.2613853017645553,36,0.0016437938731789126,75,,84,COMPLETE
535,0.49603174603174605,2025-11-25 00:38:52.831637,2025-11-25 00:39:08.782229,0 days 00:00:15.950592,32,True,0.13046163814141654,36,0.0016780110324217002,75,,84,COMPLETE
536,0.7047619047619048,2025-11-25 00:39:03.914738,2025-11-25 00:39:15.546498,0 days 00:00:11.631760,48,True,0.23444411776070473,36,0.0013058252100185946,75,,84,COMPLETE
537,0.7222222222222222,2025-11-25 00:39:08.814829,2025-11-25 00:39:20.394286,0 days 00:00:11.579457,48,True,0.2368151924702137,32,0.0012660615487892163,75,,84,COMPLETE
538,0.6777777777777779,2025-11-25 00:39:15.572568,2025-11-25 00:39:27.184684,0 days 00:00:11.612116,48,True,0.2571718297702841,32,0.001176142114692488,75,,84,COMPLETE
539,0.623015873015873,2025-11-25 00:39:20.418195,2025-11-25 00:39:32.063479,0 days 00:00:11.645284,48,True,0.18244982895979842,36,0.0019774531326031495,75,,84,COMPLETE
540,0.8095238095238096,2025-11-25 00:39:27.214440,2025-11-25 00:39:38.958666,0 days 00:00:11.744226,48,True,0.22151287468357073,36,0.0019179519712445548,75,,84,COMPLETE
541,0.7452380952380953,2025-11-25 00:39:32.089091,2025-11-25 00:39:43.786980,0 days 00:00:11.697889,48,True,0.10025495433656206,36,0.0015178467579405029,75,,84,COMPLETE
542,0.7841269841269841,2025-11-25 00:39:38.985945,2025-11-25 00:39:50.397013,0 days 00:00:11.411068,48,True,0.22022156555907155,36,0.0018511123661685508,75,,84,COMPLETE
543,0.5206349206349207,2025-11-25 00:39:43.814675,2025-11-25 00:39:55.285540,0 days 00:00:11.470865,48,True,0.21492293362714734,32,0.0019430613178854494,75,,84,COMPLETE
544,0.6420634920634921,2025-11-25 00:39:50.423299,2025-11-25 00:40:02.003457,0 days 00:00:11.580158,48,True,0.21012885889520988,36,0.002124448791247408,75,,84,COMPLETE
545,0.8055555555555557,2025-11-25 00:39:55.311724,2025-11-25 00:40:06.926277,0 days 00:00:11.614553,48,True,0.20350188842924613,36,0.0021712936521110656,75,,84,COMPLETE
546,0.6698412698412698,2025-11-25 00:40:02.028288,2025-11-25 00:40:13.637909,0 days 00:00:11.609621,48,True,0.22354434282605862,36,0.0024385680977521353,75,,84,COMPLETE
547,0.6595238095238095,2025-11-25 00:40:06.953656,2025-11-25 00:40:18.338449,0 days 00:00:11.384793,48,True,0.2053531466196324,36,0.0022266630426856443,75,,84,COMPLETE
548,0.6341269841269841,2025-11-25 00:40:13.664598,2025-11-25 00:40:25.213017,0 days 00:00:11.548419,48,True,0.20604349681123768,36,0.00228100892949632,75,,84,COMPLETE
549,0.6404761904761905,2025-11-25 00:40:18.365889,2025-11-25 00:40:29.690805,0 days 00:00:11.324916,48,True,0.1978950617823212,36,0.0024457186129739437,75,,84,COMPLETE
550,0.638888888888889,2025-11-25 00:40:25.239315,2025-11-25 00:40:36.965200,0 days 00:00:11.725885,48,True,0.21976611497251922,36,0.0025289977220179912,75,,84,COMPLETE
551,0.7238095238095238,2025-11-25 00:40:29.718165,2025-11-25 00:40:41.349766,0 days 00:00:11.631601,48,True,0.22595461346293236,36,0.0027402333220389796,75,,84,COMPLETE
552,0.6547619047619048,2025-11-25 00:40:36.993089,2025-11-25 00:40:48.578682,0 days 00:00:11.585593,48,True,0.22943437174366485,36,0.002133593401366996,75,,84,COMPLETE
553,0.6531746031746031,2025-11-25 00:40:41.376724,2025-11-25 00:40:52.672193,0 days 00:00:11.295469,48,True,0.21641268542273834,36,0.0019560716700621097,75,,84,COMPLETE
554,0.6976190476190475,2025-11-25 00:40:48.611189,2025-11-25 00:41:00.156230,0 days 00:00:11.545041,48,True,0.18818135839881112,36,0.0018850929873424785,75,,84,COMPLETE
555,0.6587301587301587,2025-11-25 00:40:52.698230,2025-11-25 00:41:04.257234,0 days 00:00:11.559004,48,True,0.19453454431551948,36,0.0018067192109780133,75,,84,COMPLETE
556,0.6777777777777779,2025-11-25 00:41:00.183840,2025-11-25 00:41:11.710490,0 days 00:00:11.526650,48,True,0.24057783569672003,36,0.0017887328125689582,75,,84,COMPLETE
557,0.6634920634920635,2025-11-25 00:41:04.284015,2025-11-25 00:41:15.797706,0 days 00:00:11.513691,48,True,0.2447358337448852,36,0.0020673663995628435,75,,84,COMPLETE
558,0.6944444444444443,2025-11-25 00:41:11.740065,2025-11-25 00:41:23.086480,0 days 00:00:11.346415,48,True,0.24278334990192865,36,0.0018878814559630307,75,,84,COMPLETE
559,0.5746031746031747,2025-11-25 00:41:15.824207,2025-11-25 00:41:23.671894,0 days 00:00:07.847687,48,True,0.22957720810006113,36,0.0020131814838640323,50,,84,COMPLETE
560,0.4849206349206349,2025-11-25 00:41:23.112526,2025-11-25 00:41:34.603475,0 days 00:00:11.490949,48,True,0.23492701319817966,8,0.002038367105657113,75,,84,COMPLETE
561,0.6698412698412698,2025-11-25 00:41:23.699938,2025-11-25 00:41:35.105103,0 days 00:00:11.405165,48,True,0.20698302310336594,20,0.0020023161421250184,75,,84,COMPLETE
562,0.6095238095238096,2025-11-25 00:41:34.630610,2025-11-25 00:41:47.179094,0 days 00:00:12.548484,48,True,0.2192192087412902,20,0.0016728820895483027,75,,84,COMPLETE
563,0.7325396825396825,2025-11-25 00:41:35.137945,2025-11-25 00:41:47.669988,0 days 00:00:12.532043,48,True,0.2572408952626037,36,0.0017189681531573576,75,,84,COMPLETE
564,0.5880952380952381,2025-11-25 00:41:47.209706,2025-11-25 00:41:58.924693,0 days 00:00:11.714987,48,True,0.25764817365251325,36,0.0022647828037694277,75,,84,COMPLETE
565,0.6825396825396824,2025-11-25 00:41:58.950549,2025-11-25 00:42:09.724041,0 days 00:00:10.773492,48,True,0.24283084688046538,36,0.0017898714827659866,75,,84,COMPLETE
566,0.6531746031746032,2025-11-25 00:42:09.745414,2025-11-25 00:42:20.615533,0 days 00:00:10.870119,48,True,0.2763552759340056,36,0.0016339655226243037,75,,84,COMPLETE
567,0.6849206349206348,2025-11-25 00:42:20.636845,2025-11-25 00:42:31.867941,0 days 00:00:11.231096,48,True,0.2495346024924994,36,0.001844318492524487,75,,84,COMPLETE
568,0.7214285714285715,2025-11-25 00:42:31.888907,2025-11-25 00:42:42.679406,0 days 00:00:10.790499,48,True,0.22854023630174553,36,0.002121373593272581,75,,84,COMPLETE
569,0.6325396825396825,2025-11-25 00:42:42.708649,2025-11-25 00:42:53.427554,0 days 00:00:10.718905,48,True,0.26524896440561724,36,0.002788395891715818,75,,84,COMPLETE
570,0.7452380952380953,2025-11-25 00:42:53.456342,2025-11-25 00:43:04.064206,0 days 00:00:10.607864,48,True,0.2508610678900724,36,0.0015984050098560361,75,,84,COMPLETE
571,0.5460317460317461,2025-11-25 00:43:04.084422,2025-11-25 00:43:14.926708,0 days 00:00:10.842286,48,True,0.2750167254383673,12,0.002315796072918605,75,,84,COMPLETE
