REDDIT,R USD,R MERVAL,actividad,prediccion,pred_prob,pred_class
0.080427531,-0.021263417,0.028695487,1,0.0,0.4513595402240753,1.0
0.10811987,0.004644905,-0.021232661,1,0.0,0.45190662145614624,1.0
0.062932966,0.009143379,-0.002747005,1,0.0,0.5147131681442261,1.0
0.10395683,0.004500501,-0.000710249,1,1.0,0.6011109352111816,1.0
0.054758779,0.005929027,0.007381124,1,,,
0.062590547,0.0,0.0,0,,,
0.109795443,0.0,0.0,0,0.0,0.38422247767448425,1.0
0.090823715,0.005849172,-0.008286931,1,0.0,0.4136218726634979,1.0
0.074867754,0.011467187,-0.006137362,1,1.0,0.5039613246917725,1.0
0.058506501,0.001412341,0.002035168,1,1.0,0.5492953658103943,1.0
0.078223059,-0.007108088,0.014934239,1,1.0,0.4193955063819885,1.0
0.050168176,0.0,0.004485176,1,,,
0.038661971,0.0,0.0,0,,,
0.148099151,0.0,0.0,0,1.0,0.36738747358322144,1.0
0.05429841,-0.01754964,0.103105958,1,1.0,0.3408462405204773,1.0
0.061346624,0.001489862,0.022121251,1,1.0,0.3957829177379608,1.0
0.054867262,-0.002984854,0.023860095,1,1.0,0.49641597270965576,1.0
0.058955664,-0.001500155,0.000202254,1,1.0,0.7047723531723022,1.0
0.058955664,-0.003015946,0.034362768,1,,,
0.062357908,0.0,0.0,0,,,
0.072944969,0.0,0.0,0,1.0,0.7474152445793152,1.0
0.077445872,0.0,0.014492471,1,0.0,0.4881061613559723,1.0
0.080143905,0.004516101,-0.007856283,1,1.0,0.3866969048976898,1.0
0.094556454,-0.006031965,0.001424107,1,,,
0.055120107,0.0,0.0,0,0.0,0.1804085373878479,0.0
0.091911343,-0.007659713,-0.019312172,1,,,
0.079891439,0.0,0.0,0,,,
0.142349844,0.0,0.0,0,1.0,0.35742446780204773,1.0
0.070010145,0.003080116,0.009948832,1,0.0,0.4384028911590576,1.0
0.089566505,0.004579598,-0.003643609,1,1.0,0.5299965739250183,1.0
0.065430276,-0.001521173,0.005372425,1,0.0,0.5562207698822021,1.0
0.072715254,0.0,-0.014992497,1,1.0,0.6153086423873901,1.0
0.05236883,-0.00152652,0.017710684,1,,,
0.049045061,0.0,0.0,0,,,
0.030765528,0.0,0.0,0,0.0,0.4611261785030365,1.0
0.093433541,0.00152652,-0.011201941,1,1.0,0.5572415590286255,1.0
0.939742029,-0.00152652,0.002385321,1,0.0,0.2745947241783142,0.0
0.939742029,0.0,-0.009422254,1,,,
