id,text,author,subreddit,score,created_utc,parent_id,link_id,type
i2l85k3,Me parece que el error fue depositar 20.000 dólares. Al menos eso parece ser lo que levantó la alarma y que empezaran a mirar todo.,ivanreddit,merval,84,2022-03-29 14:26:22,t3_tr7swh,t3_tr7swh,comment
i2lvb7b,"Mirá que todos los bancos del país (menos Brubank) son una bosta... pero BBVA está en el primer puesto de ser una cagada. Me hicieron volver 4000km para arreglar un problema con mi cuenta. Cuando llego a sucursal, la recepcionista me dice que sólo tengo que firmarle digital en la Wacom y me hace el blanqueo en la cuenta.

Yo las 3 semanas anteriores siendo un indigente en Perú, hablando con los 5 canales de atención del banco (que cada uno decía algo diferente): te puedo enviar la información que requieras y, de ser necesario, por mi trabajo tengo una tableta digitalizadora. Puedo enviar firma digital.

El banco: no.",Mi5hifu,merval,39,2022-03-29 16:52:54,t3_tr7swh,t3_tr7swh,comment
i2lm8tp,"Moraleja que me llevo: operar todo lo mas posible en la ilegalidad. 

Un tipo laburante que muestra todos los datos de sueldos y que se quiere comprar un auto, le hacen la vida imposible.",bicframe,merval,98,2022-03-29 15:54:38,t3_tr7swh,t3_tr7swh,comment
i2lqdkb,"> El gerente me explica... que el banco tiene que hacer estadística de que cierran cuentas ""inusuales, de lavado, etc"" y el analista me agarró a mi de perejil este mes.

Argentina being Argentina",ScienceAndRock,merval,30,2022-03-29 16:21:13,t3_tr7swh,t3_tr7swh,comment
i2mbaiw,"Perdón que te lo diga. Pero el que no quiso pelear tu cuenta fue el gerente ;) 

Abrazo y buena suerte.",Laingel,merval,19,2022-03-29 18:33:26,t3_tr7swh,t3_tr7swh,comment
i2lfe73,"Gracias pro avisar che, justo yo estaba pensando en hacer varias de las mismas cagadas. Yo estoy casada también y queríamos comprar más volumen por MEP, en vez del solidario. Entiendo que entonces  me conviene poner una cuenta en común con mí marido y con esa cambiar a Mep? 
Te digo igualmente para la próxima si vivís en una propiedad prestada eso también lo podrías haber declarado. A modo de no ""tengo gastos de vivienda"". 
Lamento mucho lo que te pasó, aunque imagino que lindo coche se compraron por 3.2k felicitaciones!! 😜😜😜😜",sambalee9485,merval,14,2022-03-29 15:12:31,t3_tr7swh,t3_tr7swh,comment
i2lou3h,"Como dijeron en otro comentario me parece que el problema es ese banco en particular.

A mi viejo lo intimaron tambien porque tenia un plazo fijo en dolares de hace mil años, 20k, heredado de mi abuela una parte (siempre fue un PF a nombre de mi abuela y el), y la otra lo fue juntando el de a poco. Siempre en ese mismo banco. Con el tema de la pandemia no quiso que vaya mi abuela al banco a renovar y lo pone a nombre de mi hermano..

Le mandaron esa maldita carta, obligandolo a formalizar la herencia esa como para demostrar de donde junto ese dinero (porque mi abuela ya no figuraba en el PF). Me da bronca saber que ellos tenian todo el historial, al igual que te paso a vos, no hizo nada raro. Mi viejo fallece a los 6 meses de eso, problema en el corazon, no quiero pensar que fue por eso.. Termine llevandome el PF a otro banco, renovandolo y despues lo pase a mi cuenta sin dramas cuando vencio.",WhereGordibuena,merval,14,2022-03-29 16:11:17,t3_tr7swh,t3_tr7swh,comment
i2lbq77,"Siempre conviene tener la mayor cantidad de cuentas posibles que no generen gastos y separarlas por ""asuntos"".

* La cuenta compartida para gastos en blanco de la casa.
* La cuenta personal 1 para movimientos blancos y algun que otro permitido ej cobrar algun laburo en negro (chico), transferencias desde amigos, etc.
* La cuenta personal 2 para toda la oscuridad.
* La cuenta personal 3 dormida y se prende en caso de que caiga la 2.

Y así vas manejandote.

Por derecha solo las inversiones de bolsa y lo minimo necesario para justificarlas.

De todas maneras, tu GRAN error en este caso fue que depositaste 20mil dolares por ventanilla. No hay forma de hacer eso sin que se disparen 20 alarmas. Generalmente conviene hacerlo  poco a poco a traves de varios meses o quizas hablar con algun gerente para avisar y dejar todo justificado de ante mano. Es super engorroso el tema.",pangolin_con_covid,merval,19,2022-03-29 14:49:02,t3_tr7swh,t3_tr7swh,comment
i2lhjgc,">preferí perder plata pero no hacer algo ilegal

error 1

FTFY

Legal lo minimo indispensable, o te pensas que las personas que formularon, votaron y reglamentaron las leyes de lavado de dinero y cepo cambiario que tenemos las cumplen?",DMugre,merval,20,2022-03-29 15:25:59,t3_tr7swh,t3_tr7swh,comment
i2maw6j,"Es así Argentina tristemente, el que hace todo en negro e ilegal la saca siempre más barata que el que hace las cosas en blanco. Encima que te intimen por 20k USD es absurdo, pobreza absoluta.

Igual si tenes todo realmente en blanco podrías charlar con algun contador de los que luchan contra UIF a diario a ver que opina sobre el caso y los jueces actuales.",BNeutral,merval,7,2022-03-29 18:31:01,t3_tr7swh,t3_tr7swh,comment
i2m18ee,"ya lo dijeron todos, pero lo digo yo tambien: el error grave aca fue hacer las cosas en regla. Argentina penaliza al que hace las cosas bien.

Si hacias TODO en negro, lo mas negro barrani posible, no solo no tenias ningun drama con el banco sino que encima te salia mas barato.",PopularPianistPaul,merval,11,2022-03-29 17:30:24,t3_tr7swh,t3_tr7swh,comment
i2o5fof,no queres tener plata en el banco pero pones 20mil verdes en el banco? chau me voy a dormir.,freechorizo,merval,5,2022-03-30 00:16:33,t3_tr7swh,t3_tr7swh,comment
i2p1b0j,"Error mas grave : Querer hacer todo legal comprando dolar MEP.  A nadie le sirve en este pais tener dolares en blanco.  
Cueva y a otra cosa... Si me preguntas si podes comprar un auto de 3.2M ?.. Si se puede, niquelara te piden justificación de ingresos por autos de hasta 3.8 M . Y aunque lo pidieran es mucho mas simple armar una DDJJ con un contador que dar explicaciones al BANCO de donde sacaste 20 k USD justificando ingresos de los 10 años para atras",stitarenko,merval,4,2022-03-30 06:36:09,t3_tr7swh,t3_tr7swh,comment
i2lyvxj,"Buena data, parece una boludez del banco. Si te mandaban a la UIF te comías un quilombo pero podes justificar toda la guita.

Un desastre el banco, para tener en cuenta donde nunca abrir una cuenta.",devcba,merval,3,2022-03-29 17:15:35,t3_tr7swh,t3_tr7swh,comment
i2m5h5s,"bastante analisis hiciste me parece, yo tambien tuve una experiencia asi en el BBVA, pero tenía todo en blanco, siempre, y asi y todo me cerraron la cuenta, sin mucho reclamo de papeles... en parte mejor, pésimo servicio",pollux_ar,merval,3,2022-03-29 17:56:19,t3_tr7swh,t3_tr7swh,comment
i2m7mce,"Más allá de los comentarios sobre hacer todo lo que se pueda barrani y tomarse el palo, que no dejan de tener cierta razón, la clave está en esto que pusiste:

> Si no estamos los 2 en las cuentas, todo se imputa sólo al titular.

Si tenés cuentas bancarias y comitentes conjuntas, no habría problemas en hacer todo lo que hiciste.",LinksPB,merval,3,2022-03-29 18:10:27,t3_tr7swh,t3_tr7swh,comment
i2p9dpp,"Ahi tenes, uno quiere hacer las cosas por derecha y te cagan, otros hacen mal su laburo para safar o justificar.


Quemen el banco central",Angelhk,merval,3,2022-03-30 08:19:24,t3_tr7swh,t3_tr7swh,comment
i2nnqxr,"Moraleja 3:
Operar todo en la ilegalidad, traer cosas por cueva, pagarse taxi todos los días > auto",santypk4,merval,3,2022-03-29 21:56:28,t3_tr7swh,t3_tr7swh,comment
i2mh8dw,La concesionaria de autos no te aceptaba los dolares? primera vez que oigo algo asi,ZurditoBagley,merval,2,2022-03-29 19:05:32,t3_tr7swh,t3_tr7swh,comment
i2ne2lm,Que bancos recomiendan para que a un estupido como yo no le pase esto y peor?,LethalKuma,merval,2,2022-03-29 20:41:56,t3_tr7swh,t3_tr7swh,comment
i2pkdlt,"Pase por algo similar, pero de otra indole.  
Hice movimiento con bonos hace un aaño y algo para mandar dolar cable a TD ameritrade (10k USD)(todo legal y respaldado con recibos etc), me llego una investigación de la AFIP, que duro 4 meses, y me pidieron información y declaraciones de mi vieja incluso.  
Argentina.",Semanski,merval,2,2022-03-30 10:02:33,t3_tr7swh,t3_tr7swh,comment
i2ll959,"Me parece que lo mejor es no mezclar las cosas, que cada uno en la pareja lleve sus números. Eso de andar haciendo transferencias y después justificarlo no sirve, pensa que ellos tmb controlan miles y miles de personas, no se van a poner a analizar quien te lo pasó, etc. Igual por suerte pudiste recuperar todo, ir por derecha en este país es contraproducente",Nico-qac,merval,4,2022-03-29 15:48:16,t3_tr7swh,t3_tr7swh,comment
i2lg24t,"Ahora que lo analizo el problema fue también el analista. Con qué criterio descarta el matrimonio?? El matrimonio, mientras dure, te beneficia económicamente, por algo cuando termina se dividen bienes etc...",sambalee9485,merval,3,2022-03-29 15:16:42,t3_tr7swh,t3_tr7swh,comment
i2nwo35,"Moraleja, nunca abras una cuenta en el BBVA... el peor banco por lejos con del que fui cliente.",crfenix,merval,2,2022-03-29 23:05:13,t3_tr7swh,t3_tr7swh,comment
i2ne4pd,"Pasa que este es un país de mierda capo, los buitres que gobiernan y obtienen sus privilegios de los aportes que nos roban son insaciables... ellos solo ven putas, lap dances, vacaciones en el caribe etc. Vos sos el gil laburador que tiene que cagar... Se necesita poner de presidente a alguien que quiera sacar impuestos y simplificar todo... así como  muchos diputados con la misma idea. O sinó directamente todos vamos a laburar forzado por el sueldo mínimo mientras ellos pasean con maseratis por las calles... así de repugnante va a terminar todo.",[deleted],merval,3,2022-03-29 20:42:23,t3_tr7swh,t3_tr7swh,comment
i2m6pf5,[removed],[deleted],merval,-5,2022-03-29 18:04:21,t3_tr7swh,t3_tr7swh,comment
i2lrghs,"Tremendo, pero la verdad que yo nunca hubiera depositado dólares, ni se me cruza por la cabeza en este país.",keeshond,merval,1,2022-03-29 16:28:11,t3_tr7swh,t3_tr7swh,comment
i2lsn90,"> Intima a cerrar cuenta o escala a UIF y BCRA.

Bueno al menos quedó ahi, y respecto al BBVA, si no fuese por ciertas bonificaciones ya me hubiese cambiado al joraca, desde el 2014 tengo cuenta ahi y si bien muchas veces anda bien cada tanto con alguna boludez la cagan, y cada vez peor la atención al cliente",mauricioezequiel,merval,1,2022-03-29 16:35:51,t3_tr7swh,t3_tr7swh,comment
i2m4ca3,"Q bronca.. gracias x contar, lo voy a tener en cuenta..",AndroidePsicokiller,merval,1,2022-03-29 17:48:58,t3_tr7swh,t3_tr7swh,comment
i2m54ui,"uhh al final conviene ser siempre un poco mas ilegal...como que tenemos que hacerlo por cultura, yo vengo haciendo unos pagos al exterior por bbva me llamaron 3 veces a hablar con gerencia, en abril es el ultimo pago seguro me cierran la cuenta jaja",TermoMate,merval,1,2022-03-29 17:54:05,t3_tr7swh,t3_tr7swh,comment
i2nm6bt,Una poronga el BBVA... Yo tengo el mismo.,Leo1482ar,merval,1,2022-03-29 21:44:30,t3_tr7swh,t3_tr7swh,comment
i2o41b1,Moraleja que me quedó: Hacer todo en negro porque sino sos penalizado.,Frandaero,merval,1,2022-03-30 00:04:39,t3_tr7swh,t3_tr7swh,comment
i2p3qg4,Cuando te cierran la cuenta  ¿se quedan con tu dinero o te lo devuelven en efectivo?,[deleted],merval,1,2022-03-30 07:10:25,t3_tr7swh,t3_tr7swh,comment
i2po8nq,Este país y sus regulaciones son una joda,koaladlt,merval,1,2022-03-30 10:33:01,t3_tr7swh,t3_tr7swh,comment
i2pojvd,"Tremendo, yo la verdad hubiese ido hasta el final, si vos estas tranquilo que la guita de ambos es en blanco entonces le hubiese jugado a la UIF de una.",vinilero,merval,1,2022-03-30 10:35:25,t3_tr7swh,t3_tr7swh,comment
i2prkr1,"Te hicieron un favor, ese banco es una garcha.",kirbag,merval,1,2022-03-30 10:57:45,t3_tr7swh,t3_tr7swh,comment
i2pt5gr,Abri cta en otro banco.,Altobann,merval,1,2022-03-30 11:09:12,t3_tr7swh,t3_tr7swh,comment
i2q6dlu,"Una poronga los bancos, mi viejo el año pasado se saco una amarok 0km con ahorros que tenia hace como 5 años. El hdp aparecio con un bolson de pesos y se fue a sacar la camioneta. ""Nunca mas uso bancos para estas cosas"" me dijo.",ondinhas2,merval,1,2022-03-30 12:38:49,t3_tr7swh,t3_tr7swh,comment
i2ladjk,[deleted],[deleted],merval,53,2022-03-29 14:40:27,t1_i2l85k3,t3_tr7swh,comment
i2lchs3,Básicamente esto. Al final un capo el gerente que te tiró la de abrir en otro banco y que no quede rastro.,CancerNami,merval,28,2022-03-29 14:53:59,t1_i2l85k3,t3_tr7swh,comment
i2n4b7q,"Tenía todos los papeles para respaldar esos USD20k. Nunca pensé que me iba a  pasar eso.

Pd: cualquier operacion arriba de 1 millon de pesos es ""sospechosa"" para el banco.",throwtest1979,merval,12,2022-03-29 20:07:37,t1_i2l85k3,t3_tr7swh,comment
i2p9e3w,Argentina castiga al que quiere hacer las cosas bien,twolinebadadvice,merval,14,2022-03-30 08:19:31,t1_i2l85k3,t3_tr7swh,comment
i2n8oy0,uff no te puedo creer! para matarlos!,throwtest1979,merval,12,2022-03-29 20:16:14,t1_i2lvb7b,t3_tr7swh,comment
i2pjodh,"Brubank es una mierda también. Me bloquea si intento comprar MEP dos veces por mes a IOL porque no me lo reconoce como cuenta propia y los boletos de compra les chupan un huevo. Y también me ha bloqueado por transferir mis ahorros desde cuentas de otros bancos a mi nombre (aunque en ese caso sí me aceptaron la documentación). Y ayer no sé qué onda, estaba tratando de sacar la plata a otras de MIS cuentas(porque Brubank no actualizó el interés de los plazos fijos) y sólo me dejó transferir una vez.",rasevni,merval,4,2022-03-30 09:56:42,t1_i2lvb7b,t3_tr7swh,comment
i2poqtj,"Brubank tambien me pide justificacion por movimientos de guita menores, no es ningun santo.",vinilero,merval,3,2022-03-30 10:36:53,t1_i2lvb7b,t3_tr7swh,comment
i2n55ma,"Al final es así... yo tengo todo en blanco, me mandé un pequeño moquito con el tema de las cuentas pero nada que no se pueda comprobar, mandé todo y así me garcharon igual...

Lo que me da bronca es que despues lo ves a un barrabrava sin laburo con un audi a su nombre y no pasa nada.",throwtest1979,merval,29,2022-03-29 20:09:07,t1_i2lm8tp,t3_tr7swh,comment
i2n8en9,Y los grandes evasores caminan impunes...,throwtest1979,merval,16,2022-03-29 20:15:41,t1_i2lqdkb,t3_tr7swh,comment
i2ntgyh,the real moraleja: qué país poronga,The_Ita,merval,3,2022-03-29 22:40:31,t1_i2lqdkb,t3_tr7swh,comment
i2nhle3,También... no se la quizo jugar y me asustó. Y como no sé tanto ni tengo tanta espalda para pelear más que presentar todos los papeles que tengo... me ganó :(,throwtest1979,merval,7,2022-03-29 21:08:58,t1_i2mbaiw,t3_tr7swh,comment
i2mjyd4,This.,Mac-Kett,merval,2,2022-03-29 19:24:21,t1_i2mbaiw,t3_tr7swh,comment
i2n6y9i,"El titular de la cuenta que compra mep y se hace de los dólares es el que tiene que tener la documentación respaldatoria del origen de fondos.Si la cuenta es en común (lo ideal), ese respaldo son los ingresos combinados de los 2. Lamentablemente yo lo aprendí tarde esto, pensé que con estar casados eso ya se podía comprobar... para el BBVA no es así, no se si será igual para todos los bancos.

De la vivienda tengo un contrato de alquiler a título gratuito para demostrar que vivo acá y no pago nada. También lo presenté. Presenté hasta el testamento de mi abuelo más o menos.

Gracias!!! Es un lindo auto del segmento C, el cual podemos mantener con nuestros 2 sueldos por suerte, nada ostentoso pero estamos contentos, es nuestro 1er cero kilómetro :)",throwtest1979,merval,4,2022-03-29 20:12:52,t1_i2lfe73,t3_tr7swh,comment
i2m5uri,"Por ahí lo que te conviene es abrir una cuenta de ppi (o el broker que quieras) como co-titular, y de ahí depositar vos y tu pareja.

Una de las cagadas (que, para mí, no justifican la acción del banco) que se mandó OP fue usar su banco de intermediario entre él y su pareja para depositar en una cuenta broker que es solo de él.",leafunes,merval,3,2022-03-29 17:58:46,t1_i2lfe73,t3_tr7swh,comment
i2n9n2a,"Si, tal cual.. similar a lo de tu viejo.",throwtest1979,merval,1,2022-03-29 20:18:29,t1_i2lou3h,t3_tr7swh,comment
i2lxy07,"Me parece que tener cuentas separadas no te hace zafar de nada, todo queda registrado electrónicamente y la AFIP puede asociar todo a tu CUIT.",devcba,merval,4,2022-03-29 17:09:29,t1_i2lbq77,t3_tr7swh,comment
i2ldtpp,">La cuenta compartida para gastos en blanco de la casa.

Perdón la pregunta y que no soy OP, pero acá meterías todos los gastos de la casa, incluyendo comida y servicios, compras/vicios en común, etc? De esa forma no impacta en el impuesto a las ganancias? O estoy flasheando? Cual seria el beneficio sinó?

 Gracias",sebzanga,merval,3,2022-03-29 15:02:26,t1_i2lbq77,t3_tr7swh,comment
i2m1x6t,"> Siempre conviene tener la mayor cantidad de cuentas posibles que no generen gastos y separarlas por ""asuntos"".

no se si estoy tan de acuerdo con la parte de separarlo por ""asuntos"", si veo el beneficio de multiples cuentas por una cuestion de que si tenes que hacer como OP y depositar 20K USD, hacerlo todo en un banco te va a causar problemas, pero quizas si depositas 5K en 4 bancos distintos no... 

puedo estar equivocado igual, a fin de cuentas todos los bancos reportan a AFIP obligadamente, no se si las ""alarmas"" llegan hasta ahi o si primero tiene que saltar en el banco ¯\_(ツ)_/¯",PopularPianistPaul,merval,2,2022-03-29 17:34:49,t1_i2lbq77,t3_tr7swh,comment
i2oclz2,"Quién garpa 4 cuentas por si las moscas? Igual entiendo, 1 solo no es redundancia.

PD: Dónde conseguir 4 bancos ""buenos"" distintos?",netz3r,merval,2,2022-03-30 01:21:22,t1_i2lbq77,t3_tr7swh,comment
i2n8r5m,"Evidentemente, no.",throwtest1979,merval,1,2022-03-29 20:16:41,t1_i2lhjgc,t3_tr7swh,comment
i2nipw0,"2 contadores me dijeron lo mismo: ""el banco se engancha con joderte, y vas a perder tiempo plata y salud peleando... si tenes ganas lo hacemos, pero te recomiendo que abras cuenta en otro banco y vas a ganar salud""",throwtest1979,merval,9,2022-03-29 21:17:48,t1_i2maw6j,t3_tr7swh,comment
i2nii31,"El mep para vender dolares estaba 179, el blue aprox 202, imaginate todo lo que me ahorraba si lo hacía en negro.",throwtest1979,merval,7,2022-03-29 21:16:07,t1_i2m18ee,t3_tr7swh,comment
i2mjroc,"Sabés que lo mismo me decía mi ex sobre tener auto. Me decía que Capital Federal está hecha para que en algún momento te comas una multa. Y el sistema tributario también. Hay que dejar de pensar que por tener todo en blanco está todo bien, justamente por tener todo en blanco y en regla van a encontrar como cagarte.",Mac-Kett,merval,4,2022-03-29 19:23:02,t1_i2m18ee,t3_tr7swh,comment
i2mjsi7,"Sabés que lo mismo me decía mi ex sobre tener auto. Me decía que Capital Federal está hecha para que en algún momento te comas una multa. Y el sistema tributario también. Hay que dejar de pensar que por tener todo en blanco está todo bien, justamente por tener todo en blanco y en regla van a encontrar como cagarte.",Mac-Kett,merval,2,2022-03-29 19:23:12,t1_i2m18ee,t3_tr7swh,comment
i2na7pr,"Si me mandan igual a la UIF (a las palabras se las lleva el viento viste) tengo todo para comprobar cada peso y cada dólar, me voy a comer el garron del papelerío, gastos de contador, etc.... pero duermo tranquilo en ese sentido.

La AFIP puede ver e intimar cosas de 7 años para atrás, asique ahí también puedo comerme otro pijazo, idem a lo de arriba.",throwtest1979,merval,3,2022-03-29 20:19:34,t1_i2lyvxj,t3_tr7swh,comment
i2nilet,sí? que te pasó a vos?,throwtest1979,merval,1,2022-03-29 21:16:49,t1_i2m5h5s,t3_tr7swh,comment
i2nai09,"Exacto. Esa es la clave. Estar casados es un contrato económico,... excepto para esto.",throwtest1979,merval,2,2022-03-29 20:20:05,t1_i2m7mce,t3_tr7swh,comment
i2o4rjo,Lo gracioso del taxi todos los días es que hablando con los choferes más de uno se copa a hacer viajes por fuera de la empresa/uber/cabify para cobrar en negro también... Y nos beneficiamos ambos jajajaj,Frandaero,merval,7,2022-03-30 00:10:47,t1_i2nnqxr,t3_tr7swh,comment
i2niqrx,"A cotización oficial, si...",throwtest1979,merval,2,2022-03-29 21:17:59,t1_i2mh8dw,t3_tr7swh,comment
i2njjpm,Los 2 contadores con los que hablé me dijeron que tanto el BBVA como el SANTANDER andan en los más rompepelotas.,throwtest1979,merval,4,2022-03-29 21:24:10,t1_i2ne2lm,t3_tr7swh,comment
i2p3hgd,"Si a todo lo que dijiste!   
Pais de mierda que un matrimonio normal, no el de Messi que maneja millones, tiene que llevar su contabilidad personal como una empresa y tener sus números aparte",stitarenko,merval,2,2022-03-30 07:07:02,t1_i2ll959,t3_tr7swh,comment
i2nhr9b,"Yo nunca pude hablar ni siquiera enviarme correos con el analista. Según el gerente, es una persona externa a la sucursal donde él solo puede ver los intercambios por el expediente interno que se general.  
Cualquiera que ni tenga en cuenta el matrimonio, la venta de mi auto, etc.",throwtest1979,merval,1,2022-03-29 21:10:15,t1_i2lg24t,t3_tr7swh,comment
i2lrktx,"Lo leiste entero al post?

>El gerente me explica... que el banco tiene que hacer estadística de que cierran cuentas ""inusuales, de lavado, etc"" y el analista me agarró a mi de perejil este mes.",PotusThePlant,merval,-1,2022-03-29 16:28:59,t1_i2lg24t,t3_tr7swh,comment
i2mhtpj,"y cual es el problema con que escale, que le iba a decir la UIF? ""a ver ...ah mira, no contaron la venta de un auto anterior y el patrimonio de la jermu, unos mogolicos""",ZurditoBagley,merval,2,2022-03-29 19:09:36,t1_i2lsn90,t3_tr7swh,comment
i2ni9ev,Yo tenía toda gratis por el convenio que me mantenían de cuando me abrieron la cuenta en 2010... no pagaba ni renovacion de tarjeta de crédito (que era una tarjeta con puntos LAN y casi 1 palo de límite de compra entre cuotas y 1 pago). me pagó varios viajes en avión gratis. Eso es lo que más me da bronca.,throwtest1979,merval,1,2022-03-29 21:14:14,t1_i2lsn90,t3_tr7swh,comment
i2nijsp,:),throwtest1979,merval,1,2022-03-29 21:16:28,t1_i2m4ca3,t3_tr7swh,comment
i2s87ee,Tu guita es tuya.,ivanreddit,merval,2,2022-03-30 21:02:18,t1_i2p3qg4,t3_tr7swh,comment
i2likf4,">Dale man, si soy un narco no voy a ir con los billetes a la ventanilla. Media pila.

El BBVA: Eso es precisamente lo que diría un narco. A él muchachos!",NoTanHumano,merval,83,2022-03-29 15:32:33,t1_i2ladjk,t3_tr7swh,comment
i2n4lxx,Tal cual.. el contador me contó 1000 historias de terror con clientes que tenían todo legal y el bbva les hizo las mil y una.,throwtest1979,merval,17,2022-03-29 20:08:15,t1_i2ladjk,t3_tr7swh,comment
i2poubg,Me paso lo mismo!,vinilero,merval,1,2022-03-30 10:37:38,t1_i2pjodh,t3_tr7swh,comment
i2pt5tl,"Que raro, che. No me pasó nunca. Aunque no he movido +400k  por operación en esa cuenta.",Mi5hifu,merval,2,2022-03-30 11:09:17,t1_i2poqtj,t3_tr7swh,comment
i2o3418,"No cometiste ningún error. Te cagaron que es distinto.

Que de vaya a las mierda en BBVA.

Moraleja: todo lo que puedas en negro siempre.",[deleted],merval,29,2022-03-29 23:57:02,t1_i2n55ma,t3_tr7swh,comment
i2npjnk,Los grandes evasores se reunen a hablar con el FMI sobre evasión.,ScienceAndRock,merval,20,2022-03-29 22:10:22,t1_i2n8en9,t3_tr7swh,comment
i2pbiz9,Falto cometa,Brilliant_Self9606,merval,5,2022-03-30 08:42:05,t1_i2nhle3,t3_tr7swh,comment
i2n7jne,"Estoy justo en el proceso de agregar como co-titular a mi pareja en mi cuenta de broker (pero es más dificil, hay que llenar 28 formularios y firmarlos en un banco, un dolor de huevos!)

Tal cual, la cagada que me mandé fue esa, entonces con mi sueldo no justificaban origen de fondos.. con el de los 2 juntos sí. Yo quería demostrar que no era guita sucia, ni en negro, ni de lavado, ni nada ilegal, son pesos sudados por ambos 2 durante 10 años... pero nada, marche preso.",throwtest1979,merval,6,2022-03-29 20:14:04,t1_i2m5uri,t3_tr7swh,comment
i2m87dp,Genial lo voy a tener en cuenta! Gracias.,sambalee9485,merval,1,2022-03-29 18:14:22,t1_i2m5uri,t3_tr7swh,comment
i2mg76b,"Tener cuentas separadas NO te hace zafar de nada. No es el punto. Si la operación es electrónica todo queda registrado. 

Pero la AFIP no te mira cada depósito que recibís. A veces tenes que recibir un dinero, ni mucho ni poco, ponele 20k, es mejor tener una cuenta donde tengas toda la mugre junta y ya. Si cae esa cuenta no se te complica la existencia de un día para el otro, porque con la cuenta cerrada llegan las tarjetas canceladas, los servicios vencidos, etc.",pangolin_con_covid,merval,4,2022-03-29 18:58:28,t1_i2lxy07,t3_tr7swh,comment
i2onlyg,"el beneficio es que este separada la cuenta compartida (blanco) de la cuenta personal (blanco).

Por un tema de seguridad, y quizás ayude con los impuestos",GsuKristoh,merval,2,2022-03-30 03:23:10,t1_i2ldtpp,t3_tr7swh,comment
i2p5r19,"BNA
Brubank
Reba
BBVA (1er año)
OpenBank
MercadoPago
Uala 

Todas esas son gratuitas. Las primeras 5 son bancos regulados.",pangolin_con_covid,merval,4,2022-03-30 07:36:44,t1_i2oclz2,t3_tr7swh,comment
i2o4yng,Concuerdo con tu contador. Aceptá la derrota y no pelees contra un sistema corrupto (but that's just me),Frandaero,merval,5,2022-03-30 00:12:28,t1_i2nipw0,t3_tr7swh,comment
i2pp8i4,"siempre tuve inversiones (fci) ,  depositaba cheques, etc... la tuve como casi 10 años, y en un momento me avisaron que tenia que cerrar la cuenta porque no podia acreditar los fondos, pero nunca se comunicaron conmigo ni me dieron chance de entregar documentacion, asi que saque en otro banco y listo, nunca mas BBVA",pollux_ar,merval,2,2022-03-30 10:40:36,t1_i2nilet,t3_tr7swh,comment
i2p3npj,"no se donde compraste pero eso se negocia. Compre hace 2 meses y me tomaron dolar billete 2 puntos abajo de la cotización blue.    
Al que me ofrecía una cotización mas baja, le decía gracias y me iba al concesionario de enfrente .  La culpa tambien es de los consumidores que no sabemos negociar.",stitarenko,merval,4,2022-03-30 07:09:22,t1_i2niqrx,t3_tr7swh,comment
i2nm2rs,"Si da bronca. Lo bueno es que no terminó tan mal. Es cuestión de buscar otro banco. Ya está, ahora ya sabes que a veces conviene ir por izquierda 😂",sambalee9485,merval,1,2022-03-29 21:43:42,t1_i2nhr9b,t3_tr7swh,comment
i2lsgca,"Sisi lo leí, mera estadística. No se justifica.",sambalee9485,merval,0,2022-03-29 16:34:37,t1_i2lrktx,t3_tr7swh,comment
i2niez1,"Y capas me comía unos meses / años de papeleo hasta que la uif me diga ""ok, no hiciste nada malo"" o en el peor de los casos me convertían en sujeto informado y por 10 años tengo que informar todo anualmente a la uif... alta hinchada de huevos, no gracias.",throwtest1979,merval,2,2022-03-29 21:15:26,t1_i2mhtpj,t3_tr7swh,comment
i2psozy,"Si, lo de los puntos LAN en su momento estaba bueno, yo no llegue a aprovechar en vuelos, pero canjeaba en cosas, consegui un par de camperas Montagne muy piolas por ejemplo, ahora que la alianza es con Despegar no se que tanto convenga, solo escucho gente quejarse de esa empresa.",mauricioezequiel,merval,1,2022-03-30 11:05:53,t1_i2ni9ev,t3_tr7swh,comment
i2o5egw,">Que de vaya a las mierda en BBVA.

Lo que pasó fue cuestión del BBVA o fue más una cuestión del BCRA? Es decir, no hubiera pasado también en otro banco?",Yearlaren,merval,4,2022-03-30 00:16:16,t1_i2o3418,t3_tr7swh,comment
i2nomi4,"Yo creo que no hubo una CAGADA así en mayúsculas. Creo que fueron una serie de cagaditas, que individualmente no levantan la alarma, pero que si las haces todas juntas, te investigan.

Nada, tómatelo con soda y mantenete bajo el radar unos años. A veces se aprende a los golpes",leafunes,merval,3,2022-03-29 22:03:15,t1_i2n7jne,t3_tr7swh,comment
i2n9bde,"En mi caso la tarjeta de crédito queda activa hasta el vencimiento, y por suerte no tengo débitos en la cuenta, asique no se me complica nada (tengo otros bancos).",throwtest1979,merval,1,2022-03-29 20:17:41,t1_i2mg76b,t3_tr7swh,comment
i2lxsjq,El tipo lo decidio a dedo. Lo justifica que tiene el cargo y poder necesario. Es una paja y esta mal pero bueno. Es ir a quejarse o irse del banco. Yo personalmente la hubiera peleado.,PotusThePlant,merval,2,2022-03-29 17:08:30,t1_i2lsgca,t3_tr7swh,comment
i2p9ni9,"Probablemente hubiese pasado igual, la moraleja acá es todo en negro e ilegal, no esperes nada bueno de este pais",vlashkgbr,merval,3,2022-03-30 08:22:21,t1_i2o5egw,t3_tr7swh,comment
i2npcs1,"Tal cual. Ya me hize mucha mala sangre, ahora a relajar.",throwtest1979,merval,2,2022-03-29 22:08:54,t1_i2nomi4,t3_tr7swh,comment
i2lyqqh,Pasa que lo informan a AFIP... El planteo fue ese. O lo aceptas o lo informo... Que se yo. El problema es el nivel de control que hay sobre los movimientos en dólares.,sambalee9485,merval,1,2022-03-29 17:14:40,t1_i2lxsjq,t3_tr7swh,comment
i2nhv8g,"Si lo peleaba.. y no cerraba la cuenta de buena forma (o sea, iba y la cerraba yo por el pedido de ellos), la cuenta la cerraba unilateralmente el bbva y eso era escalada inmediata hacia la UIF.

No se vos, pero yo no quiero meterme en esa.",throwtest1979,merval,1,2022-03-29 21:11:06,t1_i2lyqqh,t3_tr7swh,comment
i2mfc0x,"No, le dijeron que cierra la cuenta o lo informan a la UIF y te investigan por lavado",Gandalior,merval,1,2022-03-29 18:52:34,t1_i2lyqqh,t3_tr7swh,comment
i2mkd9z,"el flaco tenia todo en blanco, la re peleo",milanganesa,merval,1,2022-03-29 19:27:15,t1_i2lyqqh,t3_tr7swh,comment
i2mfp9r,Perdón quise decir eso. 😂,sambalee9485,merval,1,2022-03-29 18:55:06,t1_i2mfc0x,t3_tr7swh,comment
i2ni167,Fueron 3 meses y medio de recibir pedidos y enviar siempre más de lo que me pedían.,throwtest1979,merval,1,2022-03-29 21:12:24,t1_i2mkd9z,t3_tr7swh,comment
i04myrz,"Confiscarlos significa:

* Ganar monedas (no es nada 18MM USD para Argentina)
* Tener que irte del poder (probablemente en helicóptero el dia siguiente)
* No ser elegible nunca más para ning´ún cargo
* Destruir la poquisima confianza que los argentinos tienen por el sistema bancario... si todavia no nos recuperamos del corralito, imaginate si hacen esto. Nunca mas.

No veo tanto riesgo sinceramente, de hecho esos depositos están respaldados en mas de un 90%.",[deleted],merval,15,2022-03-10 14:12:49,t3_tayer2,t3_tayer2,comment
i0403z3,"* La mayoría de la gente no sabe cómo abrir una cuenta en el exterior

* Los Dólares en el banco no pagan bienes personales",AmonDhan,merval,9,2022-03-10 11:40:00,t3_tayer2,t3_tayer2,comment
i03ugpr,"Al inversor promedio la forma que tiene para invertir ""segura"" son:

* Inversion en ladrillo

* Un negocio

* Plazo fijo en dolares

Falta educacion financiera y falta estabilidad en el mercado de capitales para que invertir localmente sea algo mas comun.",bannedinlegacy,merval,7,2022-03-10 10:56:37,t3_tayer2,t3_tayer2,comment
i05fj6e,Yo tengo 350. Saludos,jmh300,merval,2,2022-03-10 17:17:03,t3_tayer2,t3_tayer2,comment
i05g4l1,"Sabías que...
Cuando haces una operación bursátil que incluye dolares en plaza local, el saldo está obligado a pasar por el banco?
18MM es una foto de un día, no significa que todos los días sean los mismos por el mismo monto. Es un saldo.",jmh300,merval,2,2022-03-10 17:20:50,t3_tayer2,t3_tayer2,comment
i0688qj,"Yo ya hice mí mini-corrida el año pasado. Ni un dólar dentro del sistema financiero argentino. Si está adentro, no importa dónde ni como esté, tarde o temprano te la van a afanar.",Amaterasu-2,merval,2,2022-03-10 20:32:03,t3_tayer2,t3_tayer2,comment
i04es5j,"Esos dólares no son reservas, son encajes.",allianceHT,merval,2,2022-03-10 13:20:22,t3_tayer2,t3_tayer2,comment
i0875wr,"Se viene agitando el fantasma de la confiscación desde que asumió este gobierno y hasta ahora no dio señales de que pueda pasar.

A tu analaisis le falta considerar algunas cosas:

\- dolares fuera del sistema bancario tambien tienen riesgo y no es menor.

\- invertir tiene riesgos. Mucho más para quien no sabe del tema que es la enorme mayoría de gente.

Objetivamente en este momento es menor el riesgo de tener dolares guardados en el banco que abajo del colchón o invertidos en herramientas que no conoces.",pompeyon,merval,1,2022-03-11 08:09:36,t3_tayer2,t3_tayer2,comment
i05cus3,Edit: Por que los downvotes? No es relevante para el mercado local que la mitad de las reservas estén paradas ahi sin ganar interés y nadie explica por qué ?,descartablet,merval,0,2022-03-10 16:59:15,t3_tayer2,t3_tayer2,comment
i045o5o,empresas que quiza les convenga tener plazos fijos en dolares o alguna inversion,MelaniaSexLife,merval,1,2022-03-10 12:19:26,t3_tayer2,t3_tayer2,comment
i05abm7," El pequeño ahorrista, los tanos desconfiados como mís papás, los tuyos los de cualquiera. La tienen en efectivo o compran dptos. Y si hacen algo es un plazo fijo en pesos apostando a poder hacerse de una brecha al retirarse en dólares.  Pero lo hacen en pesos. En dólares nada porque el PF en dólares ni deja nada. Y ojo porque a muchos les va bien, considerando que hay bajo riesgo.",sambalee9485,merval,1,2022-03-10 16:42:38,t3_tayer2,t3_tayer2,comment
i0626zw,Se puede tener una cuenta espejo? Siempre escuché que no se podía,xgianluk,merval,1,2022-03-10 19:48:04,t3_tayer2,t3_tayer2,comment
i04qac2,"Para flaco como vas a tener una opinión razonable no ves que gobierno = bad

/s",hidden-47,merval,24,2022-03-10 14:33:55,t1_i04myrz,t3_tayer2,comment
i068jgc,"Respaldo por quién, por el Estado? Ah, ahora me dio más confianza",Amaterasu-2,merval,3,2022-03-10 20:34:11,t1_i04myrz,t3_tayer2,comment
i05bzp7,"que decis? 12MM es casi la mitad de las reservas brutas, podrían pagarle al FMI hasta las PASO si se afanan eso.

Menem reeligió habiendo confiscado los plazos fijos. (Plan Bonex 1990), y murió siendo senador.

De todas maneras no te pagan interés, por qué no sacarlos a una cuenta en el exterior ?

&#x200B;

edit: el nro estaba mal son 12B USD",descartablet,merval,-4,2022-03-10 16:53:32,t1_i04myrz,t3_tayer2,comment
i040qb2,guía para abrir cuenta en el exterior y como fondear?,ltcdata,merval,8,2022-03-10 11:44:32,t1_i0403z3,t3_tayer2,comment
i05blw8,Pero pensás que esos 11B son de inversores minoristas/poco sofisticados?,descartablet,merval,1,2022-03-10 16:51:01,t1_i0403z3,t3_tayer2,comment
i040h7f,">Plazo fijo en dolares

Es nulo lo que te genera eso 🙄",Mi5hifu,merval,6,2022-03-10 11:42:41,t1_i03ugpr,t3_tayer2,comment
i04fx4p,Ahi te das cuenta lo mal que estamos cuando el inversor promedio considera eso como seguro,BosteroMerval,merval,3,2022-03-10 13:27:43,t1_i03ugpr,t3_tayer2,comment
i05bkz2,Pero pensás que esos 18MM son de inversores minoristas/poco sofisticados?,descartablet,merval,0,2022-03-10 16:50:51,t1_i03ugpr,t3_tayer2,comment
i05iagu,son mas de 11000 millones,descartablet,merval,-1,2022-03-10 17:35:04,t1_i05g4l1,t3_tayer2,comment
i05c2iw,"a mi no me digas, deciselo al BCRA que los cuenta como reservas",descartablet,merval,2,2022-03-10 16:54:03,t1_i04es5j,t3_tayer2,comment
i04f5pk,https://www.lanacion.com.ar/economia/reservas-escasas-que-medidas-podria-tomar-el-banco-central-para-frenar-la-perdida-de-divisas-nid08022022/,allianceHT,merval,1,2022-03-10 13:22:47,t1_i04es5j,t3_tayer2,comment
i05chwk,"pero hay 18MM USD , obviamente alguien esta dejando esa guita parada por algo y no termino de entender por que, no hay cepo para girarla al exterior y ponerla en otra cosa, aunque sea un plazo fijo en otro sistema bancario.",descartablet,merval,1,2022-03-10 16:56:53,t1_i05abm7,t3_tayer2,comment
i060o02,jaaa,[deleted],merval,2,2022-03-10 19:37:27,t1_i04qac2,t3_tayer2,comment
i06bglu,"Son datos publicos. 

Acá un twitt que ejemplifica un poco: https://twitter.com/julianyosovitch/status/1465359253615484930",[deleted],merval,3,2022-03-10 20:55:58,t1_i068jgc,t3_tayer2,comment
i086ifl,">Menem reeligió habiendo confiscado los plazos fijos. (Plan Bonex 1990)

El plan Bonex lo implementó en diciembre del 1989 cuando recién había asumido en medio de una hiperinflacion y la reeleccion fue en 1995 sin inflación, en medio del 1 a 1 cuando medio pais viajaba barato a cualquier lugar del mundo.

No es una situación comparable con la actual.",pompeyon,merval,5,2022-03-11 08:01:06,t1_i05bzp7,t3_tayer2,comment
i060ncf,No es nada de todas maneras y el costo politico es enorme.,[deleted],merval,4,2022-03-10 19:37:20,t1_i05bzp7,t3_tayer2,comment
i0793pm,"Hay varias en el sub. Yo escribi varias en el 2019 y la gente suele gravitar hacia lo mas barato en lugar de lo mas eficiente u efectivo. Tambien esta el tema de que como residente fiscal Argentino existen implicancias impositivas en cuanto a bines personales.

Mas alla de eso, considerando la situacion del pais, cada dia menos jurisidicciones serias quieren tener a clientes residentes de Argentina en sus libros.

El Argentino opera mucho en cash, el banco ve esto como high risk. Reciben transferencias de entidades opacas/bizarras/en jurisdicciones aun peores que Argentina (cuevas) el banco esto ve como super high risk. El Argentino usa crypto, muchos usan P2P o cobran su trabajo evadiendo via este medio. El banco ve esto como super high risk.

La persona de a pie promedio no sabe loq ue es KYC/AML/TF y suele ponerse de muy mal humor cuando los increpan al respecto. En Argentina estos estandares son sumamente bajos. La jurisdiccion donde se elija hacer banca no va a ver esto como beneficio bajo ningun concepto.

En conclusion, cliente argento tiene un perfil very/high risk y no va a generarle al banco ingresos acorde. La decision, no operar con residentes fiscales en Argentina.",diyexageh,merval,6,2022-03-11 01:19:08,t1_i040qb2,t3_tayer2,comment
i040zh3,"Si, pero que alternativa tiene una persona que no sabe como operar con alguna otra cosa. Es facil, va al banco o via homebanking, pone guita y al final del mes tiene mas guita que la que puso sin tener que preocuparse por ninguna otra variable.",bannedinlegacy,merval,8,2022-03-10 11:46:21,t1_i040h7f,t3_tayer2,comment
i08gm5l,"Yo tengo unos dolarillos en caja de ahorro. De vez en cuando lo meto en un fci si veo alguna oportunidad muy clara (no es mucho pero asi le saque un 10% de ganancia el ultimo año). Moverlo al exterior es un quilombo y he visto que abrir cuentas en europa y yanquilandia tiene sus buenos costos, mas montos minimos mas otros quilombos que no ameritan que mueva mis insignificantes dolares.",spender-2001,merval,1,2022-03-11 09:54:33,t1_i040h7f,t3_tayer2,comment
i064h05,"Cuánto es el volumen diario en bonos D en todas sus variantes? Y cedears D? Y dividendos? Y cupones de acciones y ON?  Que porcentaje de esos 18MM podes iqn explicar, como aproximación a una solución a tu inquietud?
Pareciera que tenés la respuesta, o que te negas a tomar nada que te digan para elaborar algo. Y luego te quejas de los downvotes",jmh300,merval,0,2022-03-10 20:04:16,t1_i05iagu,t3_tayer2,comment
i05f80q,Las empresas que estan esperando para girar dividendos al exterior dudo que guarden la guita en pesos.,adrius,merval,2,2022-03-10 17:15:01,t1_i05chwk,t3_tayer2,comment
i05fnm7,"Es verdad que había cierto temor de que el BCRA se estuviera timbeando esos fondos. Pero para tranquilidad llego un desembolso del FMI y se está reperfilando la deuda. De hecho el BCRA compro dólares por no sé cuánto... O sea no había fondos ahora hay eso es lo que te puedo decir. 
Luego, tené en cuenta que pueden ser volúmenes chicos en cada cuenta de todos los bancos del país. De gente que va comprando de a 200 200 200 por 40 millones... No es tanto en realidad hay mucha gente que no lo está aprovechando",sambalee9485,merval,1,2022-03-10 17:17:51,t1_i05chwk,t3_tayer2,comment
i0lrapd,[deleted],[deleted],merval,2,2022-03-14 08:13:59,t1_i0793pm,t3_tayer2,comment
i0485w3,"Pero la gente lo hace con pesos, lo USD como colocaste en el primer comentario.

En dólares es nefasto, da 1,75% anual.",Mi5hifu,merval,3,2022-03-10 12:36:21,t1_i040zh3,t3_tayer2,comment
i047h7x,"Claro, lo que yo (y la mayoría creo) siempre hacia era o plazo fijo en pesos o comprar dólares, y bastante mas seguido compraba dolares (nunca hice plazo fijo en dolares).

Pasa que bueno nunca tuve Información, más que lo que sabe la media. Recien hace muy poco encontré este sub y estoy de a poco leyendo los post tutoriales, así me voy instruyendo y empiezo a invertir para (como minimo) no perder el poder adquisitivo de la plata que con tanto esfuerzo gano en el trabajo.

Ya que estás, una pregunta de principiante con respecto al otro comentario: cuando decis invertir en ladrillo, te referís a invertir en tipo una empresa constructora, un terreno o literalmente comprar ladrillos (para construir en un futuro)?? o que el ladrillo como bien en si mismo está a bajo precio y luego va a subir?",Patricio_Juan,merval,1,2022-03-10 12:31:49,t1_i040zh3,t3_tayer2,comment
i08q4hy,"> De vez en cuando lo meto en un fci si veo alguna oportunidad muy clara

This. Es eso o colch´ón teniéndolos dentro del país jajaja",Mi5hifu,merval,1,2022-03-11 11:15:23,t1_i08gm5l,t3_tayer2,comment
i0k0pxt,cómo identificas una *oportunidad muy clara*? gracias!,callejon-del-crimen,merval,1,2022-03-13 21:01:48,t1_i08gm5l,t3_tayer2,comment
i0lsm12,"Anti Money Laundering, Terrorist financing",diyexageh,merval,3,2022-03-14 08:29:36,t1_i0lrapd,t3_tayer2,comment
i04ecw5,O peor: [https://www.tuplazofijo.com.ar/plazos-fijos/tasas/dolares/](https://www.tuplazofijo.com.ar/plazos-fijos/tasas/dolares/),HwanZike,merval,8,2022-03-10 13:17:36,t1_i0485w3,t3_tayer2,comment
i04e8db,"¿Y cual es la alternativa que el argentino que no sabe nada del sistema financiero tiene?

E incluso si sabe del sistema financiero, para el inversor averso al riesgo los bonos argentino son basura, el mercado de capitales locales no tuvo crecimiento en dolares en los ultimos 10 años, cauciones tiene tasa similar al PF. Cripto es riesgo puro.

Para sacar tasa segura tiene que fondear afuera con todo el quilombo que eso trae (mas alla que necesitas de capital). PF en dolares es utilizado porque es facil, comodo y ""seguro"" (tan seguro como algo puede ser en Argentina), no porque te de tasa, sino porque te da algo mayor a 0, que si bien es baja es muchisimo mejor que tenerlo bajo el colchon como gran parte de los argentino lo hacen.",bannedinlegacy,merval,2,2022-03-10 13:16:45,t1_i0485w3,t3_tayer2,comment
i0497jo,"No en el ladrillo en si mismo.

Hay muchas formas de invertir en construccion:

* Comprar en pozo

* Participar en un fideicomiso

* Contruir en tu propio terreno

* O comprar un bien inmueble ya hecho.

Invertir ""en ladrillo"" es muy diferente a otros tipos de inversion dado que ningun inmueble es equiparable a otro pero como todo tienen beneficios dependiendo en que te metas.

Comprar en pozo (a punto de empezar la obra por una constructura o en plena construccion) es basicamente comprar una propiedad en descuento bancandote posibles eventualidades que afecten la obra.

Otras personas deciden construir en su propio terreno dado que te da completo control sobre tu inversión aunque como todo requiere atención continua.

Muchos prefieren comprar terrenos dado que no sufren muchos cambios en su valor por lo que tu inversion no se va a desvalorizar mucho y legalmente estas cubierto ante eventualidades ([no puede pasar como con los plazos fijos en dolares que el gobierno se haga el boludo y te robe los fondos](https://es.wikipedia.org/wiki/Plan_Bonex)).

Un fideicomiso es un punto intermedio entre inversión pura tipo acciones y ON de una constructora y la compra en pozo.",bannedinlegacy,merval,3,2022-03-10 12:43:22,t1_i047h7x,t3_tayer2,comment
i0k8crs,Por ejemplo sabia que las acciones y bonos iban a subir despues de la derrota electoral del kirchnerismo. Asi que me suscribi a un fci de bonos argentinos y a los dos dias me sali (sabiendo que seguramente iban a volver a caer),spender-2001,merval,1,2022-03-13 22:02:27,t1_i0k0pxt,t3_tayer2,comment
i04kzss,"JAJAJAJA, la puta madre. Que horror.",Mi5hifu,merval,4,2022-03-10 14:00:13,t1_i04ecw5,t3_tayer2,comment
i05c52y,"Anchor protocol, una DeFi dentro del ecosistema cripto. Te da a dia de hoy un 19.44% Anual (APY Que es mejor porque te va generando ingresos sobre los ingresos, interes compuesto). Sin mencionar que no tomas riesgo porque metes Usdt o Busd que son stableCoins.",unpibemas17,merval,-6,2022-03-10 16:54:32,t1_i04e8db,t3_tayer2,comment
i04ky3q,">no porque te de tasa, sino porque te da algo mayor a 0, que si bien es baja es muchisimo mejor que tenerlo bajo el colchon como gran parte de los argentino lo hacen.

Creo que cualquier argentino promedio con al menos 1 billete de dólar estaría en desacuerdo al escuchar esa afirmación 😅",Mi5hifu,merval,1,2022-03-10 13:59:55,t1_i04e8db,t3_tayer2,comment
i05kfr9,te estas olvidando de lo mas importante:  es el principal mecanismo para blanquear plata.,descartablet,merval,2,2022-03-10 17:49:10,t1_i0497jo,t3_tayer2,comment
i08eiss,"> Anchor protocol, una DeFi dentro del ecosistema cripto

> Sin mencionar que no tomas riesgo",MonografiaSSD,merval,3,2022-03-11 09:34:19,t1_i05c52y,t3_tayer2,comment
i05qa1e,"Riesgo siempre hay... Perder la paridad con el dólar, algún problema con el sistema Anchor...",sebasspf89,merval,1,2022-03-10 18:27:56,t1_i05c52y,t3_tayer2,comment
hzh34lf,"Para consultas basicas o que se repiten seguido, tenemos un post general para evitar spam. Por favor busca en el subreddit antes de postear para ver si tu consulta ya fue discutida. Si no encontras una respuesta, publicá esto en el posteo general sobre preguntas y pedidos de ayuda del día que se encuentra como sticky en el sub. Gracias!",HwanZike,merval,1,2022-03-05 14:39:40,t3_t7d1el,t3_t7d1el,comment
hzgt08y,Pone global66 en el buscador y esta tu respuesta,BosteroMerval,merval,9,2022-03-05 13:28:27,t3_t7d1el,t3_t7d1el,comment
hzgv1gx,"Fíjate en mi post que hablo sobre las ventajas de Wise sobre Payoneer, y vas a encontrar la respuesta.

El post en cuestión se llama: ""TransferWise vs Payoneer, una guía para freelancers argentinos"".",beatlemaniacoforever,merval,7,2022-03-05 13:42:43,t3_t7d1el,t3_t7d1el,comment
hzgwv8m,"Poder crearte una cuenta en dukascopy y utilizarlo para fondear los prinero 20€ iniciales, o como bien dicen podes usar global66 .",WinFormer8038,merval,2,2022-03-05 13:55:33,t3_t7d1el,t3_t7d1el,comment
hzgvttt,"N26 es un banco. Transferwise, si bien tiene licencia bancaria para ciertas operaciones si residis en ciertos mercados del la Eurozona no lo es.

En la practica, ninguno es adecuado como banco real.",diyexageh,merval,1,2022-03-05 13:48:19,t3_t7d1el,t3_t7d1el,comment
