retorno_log_merval,sentiment_total_records,sentiment_reddit_count,sentiment_news_count,sentiment_pos_count,sentiment_neg_count,sentiment_neu_count,polymarket_LLA (La Libertad Avanza),polymarket_PRO (Propuesta Republicana),polymarket_UP (Unión por la Patria),polymarket_FIT-U (Frente de Izquierda y de los Trabajadores – Unidad),polymarket_SER (SER Santa Cruz),polymarket_UCR (Unión Cívica Radical),polymarket_HNP (Hacemos por Nuestro País),booleano_merval
0.0,0.0,0.0,0.0,0.0,0.0,0.0,0.715,0.0365,0.23,0.0175,0.0255,0.02,0.018,0
0.011922142484678488,0.0,0.0,0.0,0.0,0.0,0.0,0.715,0.0365,0.23,0.0175,0.0255,0.02,0.018,1
-0.012466231659690408,0.0,0.0,0.0,0.0,0.0,0.0,0.715,0.0365,0.23,0.0175,0.0255,0.02,0.018,0
0.04002987478095932,0.0,0.0,0.0,0.0,0.0,0.0,0.715,0.0365,0.23,0.0175,0.0255,0.02,0.018,1
0.0056323661124846325,0.0,0.0,0.0,0.0,0.0,0.0,0.715,0.0365,0.23,0.0175,0.0255,0.02,0.018,1
0.02848343646689422,0.0,0.0,0.0,0.0,0.0,0.0,0.715,0.0365,0.23,0.0175,0.0255,0.02,0.018,1
0.07025467598734814,0.0,0.0,0.0,0.0,0.0,0.0,0.715,0.0365,0.23,0.0175,0.0255,0.02,0.018,1
0.01908340475479875,0.0,0.0,0.0,0.0,0.0,0.0,0.715,0.0365,0.23,0.0175,0.0255,0.02,0.018,1
-0.027844930240908283,0.0,0.0,0.0,0.0,0.0,0.0,0.715,0.0365,0.23,0.0175,0.0255,0.02,0.018,0
-0.04093865398247587,0.0,0.0,0.0,0.0,0.0,0.0,0.715,0.0365,0.23,0.0175,0.0255,0.02,0.018,0
0.019506881099852436,0.0,0.0,0.0,0.0,0.0,0.0,0.715,0.0365,0.23,0.0175,0.0255,0.02,0.018,1
0.013521206897889826,0.0,0.0,0.0,0.0,0.0,0.0,0.715,0.0365,0.23,0.0175,0.0255,0.02,0.018,1
0.019741453637537987,0.0,0.0,0.0,0.0,0.0,0.0,0.715,0.0365,0.23,0.0175,0.0255,0.02,0.018,1
0.01801343048898829,0.0,0.0,0.0,0.0,0.0,0.0,0.715,0.0365,0.23,0.0175,0.0255,0.02,0.018,1
-0.007668926180196323,0.0,0.0,0.0,0.0,0.0,0.0,0.715,0.0365,0.23,0.0175,0.0255,0.02,0.018,0
-0.017182753018245123,0.0,0.0,0.0,0.0,0.0,0.0,0.715,0.0365,0.23,0.0175,0.0255,0.02,0.018,0
0.061982848308529626,0.0,0.0,0.0,0.0,0.0,0.0,0.715,0.0365,0.23,0.0175,0.0255,0.02,0.018,1
0.012264749725021673,0.0,0.0,0.0,0.0,0.0,0.0,0.715,0.0365,0.23,0.0175,0.0255,0.02,0.018,1
0.026152765042455783,140.0,140.0,0.0,17.0,46.0,77.0,0.715,0.0365,0.23,0.0175,0.0255,0.02,0.018,1
0.007452470706605041,93.0,93.0,0.0,7.0,47.0,39.0,0.715,0.0365,0.23,0.0175,0.0255,0.02,0.018,1
-0.014166326079308789,55.0,55.0,0.0,8.0,15.0,32.0,0.715,0.0365,0.23,0.0175,0.0255,0.02,0.018,0
0.01683976255773345,57.0,57.0,0.0,5.0,17.0,35.0,0.715,0.0365,0.23,0.0175,0.0255,0.02,0.018,1
-0.008727852140651748,54.0,54.0,0.0,6.0,10.0,38.0,0.715,0.0365,0.23,0.0175,0.0255,0.02,0.018,0
-0.05494137621897899,46.0,46.0,0.0,3.0,17.0,26.0,0.715,0.0365,0.23,0.0175,0.0255,0.02,0.018,0
0.02898771980413528,65.0,65.0,0.0,5.0,28.0,32.0,0.715,0.0365,0.23,0.0175,0.0255,0.02,0.018,1
-0.01059235351156751,40.0,40.0,0.0,2.0,13.0,25.0,0.715,0.0365,0.23,0.0175,0.0255,0.02,0.018,0
-0.0281605026767906,41.0,41.0,0.0,8.0,7.0,26.0,0.715,0.0365,0.23,0.0175,0.0255,0.02,0.018,0
-0.04611125709351427,95.0,95.0,0.0,2.0,44.0,49.0,0.715,0.0365,0.23,0.0175,0.0255,0.02,0.018,0
0.010282350534078333,65.0,65.0,0.0,5.0,18.0,42.0,0.715,0.0365,0.23,0.0175,0.0255,0.02,0.018,1
0.03214903067275543,202.0,202.0,0.0,13.0,66.0,123.0,0.715,0.0365,0.23,0.0175,0.0255,0.02,0.018,1
0.023102657200105625,42.0,42.0,0.0,0.0,17.0,25.0,0.715,0.0365,0.23,0.0175,0.0255,0.02,0.018,1
-0.021069773831586147,21.0,21.0,0.0,0.0,3.0,18.0,0.715,0.0365,0.23,0.0175,0.0255,0.02,0.018,0
-0.022719721446080143,53.0,53.0,0.0,0.0,25.0,28.0,0.715,0.0365,0.23,0.0175,0.0255,0.02,0.018,0
-0.050751513219232436,107.0,107.0,0.0,13.0,37.0,57.0,0.715,0.0365,0.23,0.0175,0.0255,0.02,0.018,0
-0.0014236694174893927,131.0,131.0,0.0,9.0,47.0,75.0,0.715,0.0365,0.23,0.0175,0.0255,0.02,0.018,0
0.04406548294327273,55.0,55.0,0.0,9.0,13.0,33.0,0.715,0.0365,0.23,0.0175,0.0255,0.02,0.018,1
0.020982812455077493,90.0,90.0,0.0,8.0,56.0,26.0,0.715,0.0365,0.23,0.0175,0.0255,0.02,0.018,1
-0.013427808481598191,0.0,0.0,0.0,0.0,0.0,0.0,0.715,0.0365,0.23,0.0175,0.0255,0.02,0.018,0
-0.03190061334012029,38.0,38.0,0.0,8.0,8.0,22.0,0.715,0.0365,0.23,0.0175,0.0255,0.02,0.018,0
0.015780164553696352,54.0,54.0,0.0,4.0,30.0,20.0,0.715,0.0365,0.23,0.0175,0.0255,0.02,0.018,1
-0.01836871664049511,28.0,28.0,0.0,4.0,7.0,17.0,0.715,0.0365,0.23,0.0175,0.0255,0.02,0.018,0
0.010346601383234955,32.0,32.0,0.0,1.0,9.0,22.0,0.715,0.0365,0.23,0.0175,0.0255,0.02,0.018,1
-0.03541158211462303,24.0,24.0,0.0,1.0,9.0,14.0,0.715,0.0365,0.23,0.0175,0.0255,0.02,0.018,0
-0.010405793025991983,18.0,18.0,0.0,1.0,3.0,14.0,0.715,0.019,0.225,0.016,0.02,0.0175,0.012,0
-0.0505151834645865,71.0,71.0,0.0,1.0,33.0,37.0,0.725,0.0165,0.225,0.0075,0.0185,0.009,0.0105,0
0.005385792857916627,35.0,35.0,0.0,3.0,11.0,21.0,0.725,0.014,0.21,0.0085,0.017,0.0095,0.009,1
0.02927105533802532,52.0,52.0,0.0,2.0,29.0,21.0,0.73,0.014,0.21,0.0085,0.0165,0.01,0.009,1
0.014191791679406762,52.0,52.0,0.0,2.0,20.0,30.0,0.73,0.014,0.21,0.008,0.0155,0.01,0.009,1
-0.05740878050767506,147.0,147.0,0.0,9.0,75.0,63.0,0.735,0.013,0.195,0.009,0.0155,0.01,0.0105,0
0.05922459989007223,135.0,135.0,0.0,11.0,72.0,52.0,0.745,0.0125,0.195,0.008,0.0155,0.0095,0.008,1
0.0041119911568650025,117.0,117.0,0.0,1.0,68.0,48.0,0.75,0.0125,0.2,0.008,0.015,0.0095,0.009,1
0.0035915904621681705,84.0,84.0,0.0,6.0,50.0,28.0,0.725,0.013,0.195,0.008,0.0155,0.015,0.009,1
-0.019139596767073996,95.0,95.0,0.0,5.0,43.0,47.0,0.655,0.0125,0.27,0.008,0.0145,0.0185,0.0095,0
-0.006845454212141888,59.0,59.0,0.0,7.0,16.0,36.0,0.665,0.013,0.265,0.0145,0.0155,0.02,0.0095,0
-0.028287267029860175,19.0,19.0,0.0,1.0,5.0,13.0,0.71,0.0125,0.22,0.0145,0.015,0.02,0.0095,0
-0.0034498105270746038,34.0,34.0,0.0,3.0,11.0,20.0,0.715,0.0125,0.225,0.015,0.013,0.019,0.0095,0
-0.03642630183589368,77.0,77.0,0.0,5.0,28.0,44.0,0.73,0.0105,0.205,0.0135,0.012,0.007,0.0105,0
0.00552069406903577,0.0,0.0,0.0,0.0,0.0,0.0,0.745,0.0095,0.205,0.013,0.0095,0.013,0.0085,1
0.03748294314885747,114.0,114.0,0.0,4.0,51.0,59.0,0.775,0.008,0.135,0.01,0.0075,0.01,0.008,1
-0.008714087391513914,47.0,47.0,0.0,1.0,23.0,23.0,0.81,0.007,0.135,0.01,0.007,0.0065,0.0055,0
-0.00348243142292759,12.0,12.0,0.0,2.0,4.0,6.0,0.805,0.008,0.145,0.01,0.0075,0.0065,0.0065,0
-0.056110701326002044,61.0,61.0,0.0,2.0,33.0,26.0,0.755,0.006,0.155,0.01,0.007,0.0065,0.006,0
0.009610282170138262,55.0,55.0,0.0,3.0,30.0,22.0,0.75,0.0115,0.155,0.01,0.006,0.0065,0.0095,1
0.05119611439367411,15.0,15.0,0.0,0.0,3.0,12.0,0.765,0.0085,0.145,0.0115,0.006,0.0065,0.0065,1
-0.018094141383583562,27.0,27.0,0.0,1.0,11.0,15.0,0.78,0.007,0.145,0.0115,0.007,0.006,0.006,0
0.04527942705359855,64.0,64.0,0.0,2.0,22.0,40.0,0.775,0.0045,0.145,0.0115,0.005,0.006,0.006,1
0.0045840630257085735,45.0,45.0,0.0,4.0,15.0,26.0,0.765,0.0055,0.145,0.0115,0.0075,0.0065,0.0125,1
-0.02492899077136812,65.0,65.0,0.0,4.0,21.0,40.0,0.765,0.0055,0.145,0.0115,0.0065,0.0065,0.0095,0
0.04422919207910958,56.0,56.0,0.0,14.0,18.0,24.0,0.765,0.0055,0.145,0.0115,0.0075,0.006,0.008,1
-0.012810220927136129,30.0,30.0,0.0,1.0,19.0,10.0,0.765,0.0055,0.145,0.0115,0.0075,0.006,0.008,0
0.03001400864964232,55.0,55.0,0.0,1.0,31.0,23.0,0.755,0.0055,0.145,0.0115,0.0075,0.0065,0.007,1
0.022004383703404073,90.0,90.0,0.0,3.0,57.0,30.0,0.755,0.0075,0.145,0.012,0.0095,0.0085,0.0065,1
-0.019366444459871346,45.0,45.0,0.0,3.0,29.0,13.0,0.755,0.0075,0.145,0.012,0.01,0.0085,0.0065,0
-0.011493829811481504,93.0,93.0,0.0,11.0,31.0,51.0,0.755,0.007,0.145,0.012,0.0085,0.008,0.006,0
-0.01399375114899648,90.0,90.0,0.0,7.0,29.0,54.0,0.755,0.008,0.145,0.012,0.009,0.008,0.006,0
-0.016875221859033118,0.0,0.0,0.0,0.0,0.0,0.0,0.745,0.0055,0.145,0.012,0.009,0.009,0.01,0
0.0075693204357420996,33.0,33.0,0.0,5.0,8.0,20.0,0.745,0.0055,0.145,0.012,0.0085,0.0075,0.01,1
-0.0349209416117926,18.0,18.0,0.0,0.0,10.0,8.0,0.745,0.0085,0.15,0.012,0.009,0.0075,0.0065,0
-0.076617340444324,48.0,48.0,0.0,4.0,16.0,28.0,0.745,0.0085,0.145,0.012,0.0105,0.0075,0.0095,0
-0.03960522290078927,113.0,113.0,0.0,4.0,58.0,51.0,0.76,0.0085,0.155,0.0115,0.011,0.011,0.011,0
-0.017600467083900284,74.0,74.0,0.0,3.0,33.0,38.0,0.76,0.007,0.145,0.0115,0.011,0.012,0.011,0
0.09221082437914063,47.0,47.0,0.0,1.0,28.0,18.0,0.76,0.007,0.155,0.0115,0.0105,0.0105,0.011,1
-0.03326361532540467,33.0,33.0,0.0,2.0,13.0,18.0,0.745,0.007,0.155,0.0115,0.0105,0.0105,0.0105,0
0.06300421524316313,157.0,157.0,0.0,5.0,71.0,81.0,0.745,0.007,0.155,0.0115,0.0105,0.0115,0.011,1
0.050358805417239694,358.0,358.0,0.0,26.0,198.0,134.0,0.755,0.007,0.16,0.0115,0.0085,0.007,0.015,1
-0.03470600384741651,109.0,109.0,0.0,9.0,36.0,64.0,0.76,0.008,0.16,0.0115,0.008,0.007,0.0105,0
-0.047655330199621204,75.0,75.0,0.0,5.0,42.0,28.0,0.76,0.008,0.165,0.0115,0.0085,0.009,0.0145,0
-0.06265209500599234,244.0,244.0,0.0,8.0,156.0,80.0,0.765,0.008,0.165,0.0115,0.008,0.0065,0.0125,0
0.056164539011543724,55.0,55.0,0.0,3.0,26.0,26.0,0.755,0.008,0.16,0.0115,0.0095,0.007,0.0155,1
0.03430087591005204,38.0,38.0,0.0,2.0,18.0,18.0,0.76,0.008,0.165,0.0115,0.0095,0.007,0.014,1
-0.0029770957514596574,55.0,55.0,0.0,2.0,21.0,32.0,0.755,0.008,0.165,0.0115,0.0095,0.007,0.0115,0
-0.003365647050474152,62.0,62.0,0.0,4.0,24.0,34.0,0.755,0.008,0.175,0.0115,0.008,0.007,0.0155,0
-0.020885801102014767,11.0,11.0,0.0,1.0,4.0,6.0,0.72,0.008,0.235,0.0115,0.0095,0.007,0.008,0
-0.009405575946047406,23.0,23.0,0.0,1.0,11.0,11.0,0.72,0.008,0.235,0.0115,0.0095,0.007,0.008,0
-0.027235577340732675,0.0,0.0,0.0,0.0,0.0,0.0,0.715,0.008,0.235,0.0115,0.008,0.007,0.008,0
-0.01966619620127652,65.0,65.0,0.0,5.0,18.0,42.0,0.72,0.0085,0.235,0.0115,0.008,0.007,0.011,0
0.03344619026803741,40.0,40.0,0.0,1.0,16.0,23.0,0.725,0.0085,0.235,0.011,0.01,0.0065,0.012,1
-0.033454443001694756,12.0,12.0,0.0,0.0,5.0,7.0,0.725,0.008,0.235,0.011,0.01,0.0065,0.0125,0
0.0008768361288353788,10.0,10.0,0.0,0.0,2.0,8.0,0.74,0.0075,0.23,0.0115,0.007,0.0065,0.0115,1
0.0252229070792076,14.0,14.0,0.0,2.0,4.0,8.0,0.74,0.008,0.23,0.0115,0.0105,0.0065,0.0115,1
0.05341423680889079,21.0,21.0,0.0,3.0,5.0,13.0,0.725,0.008,0.225,0.0115,0.0155,0.0155,0.0095,1
0.024398680733471068,27.0,27.0,0.0,2.0,7.0,18.0,0.725,0.0085,0.225,0.011,0.0075,0.0065,0.012,1
0.007045835171558323,31.0,31.0,0.0,2.0,16.0,13.0,0.725,0.008,0.215,0.011,0.0075,0.0165,0.01,1
-0.0013782263324593202,53.0,53.0,0.0,5.0,15.0,33.0,0.725,0.009,0.215,0.0105,0.0075,0.006,0.0115,0
0.008615049753551318,21.0,21.0,0.0,2.0,8.0,11.0,0.725,0.0095,0.215,0.0115,0.0075,0.007,0.0095,1
0.02182103341578312,22.0,22.0,0.0,2.0,14.0,6.0,0.73,0.01,0.215,0.0115,0.0135,0.0075,0.015,1
0.003773828612896324,52.0,52.0,0.0,1.0,25.0,26.0,0.74,0.009,0.215,0.0115,0.017,0.008,0.0155,1
-0.02508213095696199,93.0,93.0,0.0,7.0,46.0,40.0,0.74,0.01,0.205,0.0115,0.0175,0.0075,0.0155,0
-0.002007576121259902,111.0,111.0,0.0,11.0,54.0,46.0,0.735,0.011,0.215,0.0105,0.018,0.0065,0.014,0
0.013304782019950778,77.0,77.0,0.0,5.0,40.0,32.0,0.755,0.009,0.21,0.0105,0.0125,0.0065,0.014,1
0.010557474803819744,50.0,50.0,0.0,4.0,19.0,27.0,0.745,0.0075,0.21,0.0095,0.0185,0.0065,0.0145,1
-0.006645110740876703,28.0,28.0,0.0,1.0,14.0,13.0,0.75,0.0075,0.205,0.009,0.015,0.007,0.0155,0
-0.004582693402243265,24.0,24.0,0.0,6.0,6.0,12.0,0.75,0.0075,0.205,0.009,0.0185,0.007,0.0155,0
-0.015594035005383589,36.0,36.0,0.0,11.0,5.0,20.0,0.755,0.0075,0.19,0.009,0.018,0.007,0.0165,0
-0.01267237183719594,83.0,83.0,0.0,10.0,29.0,44.0,0.76,0.0075,0.19,0.0085,0.0165,0.007,0.0145,0
-0.03242041484964453,16.0,16.0,0.0,3.0,8.0,5.0,0.8,0.0075,0.17,0.008,0.0085,0.007,0.0085,0
0.008281380656255166,9.0,9.0,0.0,1.0,6.0,2.0,0.78,0.0075,0.19,0.0065,0.0085,0.0065,0.0075,1
-0.04492163272121452,37.0,37.0,0.0,6.0,14.0,17.0,0.775,0.0075,0.195,0.0065,0.006,0.0065,0.0075,0
-0.0012980260209154437,30.0,30.0,0.0,3.0,7.0,20.0,0.775,0.0075,0.19,0.008,0.008,0.005,0.0075,0
0.015240894376765013,17.0,17.0,0.0,1.0,5.0,11.0,0.775,0.0075,0.19,0.008,0.008,0.005,0.0075,1
-0.02136035617392551,47.0,47.0,0.0,7.0,7.0,33.0,0.77,0.0065,0.195,0.008,0.007,0.0045,0.007,0
0.04241381366910879,78.0,78.0,0.0,12.0,27.0,39.0,0.78,0.0065,0.185,0.0075,0.007,0.0045,0.007,1
-0.01435572794822626,47.0,47.0,0.0,3.0,14.0,30.0,0.79,0.0065,0.185,0.0075,0.007,0.0045,0.007,0
0.007524336688927491,40.0,40.0,0.0,2.0,26.0,12.0,0.785,0.0055,0.2,0.0075,0.007,0.0045,0.006,1
-0.028051631358074758,25.0,25.0,0.0,0.0,12.0,13.0,0.785,0.0055,0.21,0.0075,0.007,0.0045,0.006,0
-0.02605921919948706,11.0,11.0,0.0,1.0,5.0,5.0,0.78,0.006,0.185,0.0075,0.0065,0.0055,0.006,0
-0.010407466649210662,12.0,12.0,0.0,5.0,4.0,3.0,0.78,0.006,0.185,0.0075,0.0065,0.0055,0.006,0
0.006374621169101147,28.0,28.0,0.0,1.0,10.0,17.0,0.78,0.006,0.185,0.0075,0.0065,0.0055,0.0055,1
-0.043054594358384435,54.0,54.0,0.0,4.0,21.0,29.0,0.77,0.006,0.2,0.006,0.0065,0.005,0.0055,0
0.043292442257470753,25.0,25.0,0.0,0.0,10.0,15.0,0.77,0.006,0.21,0.006,0.0065,0.0055,0.0055,1
-0.01966175694724548,41.0,41.0,0.0,0.0,31.0,10.0,0.78,0.006,0.195,0.006,0.006,0.006,0.0055,0
0.00716408603257257,30.0,30.0,0.0,0.0,18.0,12.0,0.785,0.006,0.19,0.0065,0.0065,0.007,0.0065,1
0.001044111088264188,12.0,12.0,0.0,1.0,8.0,3.0,0.785,0.006,0.185,0.0045,0.0055,0.0065,0.006,1
-0.022921772461964807,0.0,0.0,0.0,0.0,0.0,0.0,0.8,0.0075,0.18,0.006,0.0055,0.0065,0.005,0
0.018017744604994945,14.0,14.0,0.0,0.0,8.0,6.0,0.81,0.0065,0.17,0.005,0.0055,0.0065,0.005,1
0.015600249938763966,29.0,29.0,0.0,6.0,5.0,18.0,0.825,0.006,0.155,0.0055,0.0055,0.0055,0.005,1
0.007309046280528975,1.0,1.0,0.0,0.0,1.0,0.0,0.82,0.0065,0.16,0.0045,0.0055,0.007,0.0065,1
0.00025788708826191,33.0,33.0,0.0,8.0,10.0,15.0,0.825,0.006,0.155,0.0045,0.0055,0.007,0.0045,1
-0.013933657598476756,62.0,62.0,0.0,5.0,27.0,30.0,0.83,0.006,0.15,0.0045,0.0055,0.007,0.0045,0
0.038213907680278325,15.0,15.0,0.0,1.0,7.0,7.0,0.835,0.0065,0.145,0.0045,0.0055,0.007,0.0045,1
-0.02908371244163277,22.0,22.0,0.0,2.0,8.0,12.0,0.84,0.0065,0.14,0.0045,0.0075,0.008,0.0045,0
-0.030081001311243583,17.0,17.0,0.0,0.0,7.0,10.0,0.84,0.0065,0.13,0.0045,0.0055,0.0055,0.0045,0
0.02780116851156933,120.0,120.0,0.0,24.0,47.0,49.0,0.845,0.0065,0.13,0.0045,0.006,0.0055,0.0045,1
0.005337891926791016,131.0,131.0,0.0,5.0,87.0,39.0,0.835,0.0065,0.13,0.0045,0.006,0.0055,0.0045,1
-0.023303818405658205,45.0,45.0,0.0,6.0,19.0,20.0,0.835,0.007,0.135,0.0045,0.006,0.0055,0.0045,0
0.01898719475609667,9.0,9.0,0.0,1.0,2.0,6.0,0.835,0.006,0.135,0.0045,0.006,0.0055,0.0045,1
0.004419747283806785,9.0,9.0,0.0,1.0,4.0,4.0,0.835,0.006,0.135,0.0045,0.006,0.0055,0.0045,1
-0.015941074163459135,25.0,25.0,0.0,1.0,10.0,14.0,0.835,0.006,0.14,0.0055,0.006,0.0055,0.0045,0
-0.01578340702829273,19.0,19.0,0.0,1.0,7.0,11.0,0.835,0.006,0.14,0.0055,0.006,0.0055,0.0045,0
0.03575962715744829,35.0,35.0,0.0,3.0,14.0,18.0,0.835,0.006,0.14,0.005,0.006,0.0055,0.0045,1
0.024373273789077388,35.0,35.0,0.0,1.0,11.0,23.0,0.835,0.006,0.135,0.005,0.006,0.0055,0.0045,1
0.028630458569791628,63.0,63.0,0.0,11.0,12.0,40.0,0.835,0.006,0.135,0.005,0.006,0.0055,0.0045,1
0.007468742980051957,81.0,81.0,0.0,5.0,31.0,45.0,0.855,0.006,0.115,0.008,0.006,0.0055,0.0045,1
0.040189006466439636,26.0,26.0,0.0,6.0,8.0,12.0,0.855,0.006,0.115,0.008,0.006,0.0055,0.0045,1
0.0010466052540891724,42.0,42.0,0.0,6.0,20.0,16.0,0.855,0.006,0.125,0.0055,0.006,0.0055,0.0075,1
0.005514179064551428,0.0,0.0,0.0,0.0,0.0,0.0,0.855,0.006,0.125,0.0055,0.006,0.0055,0.007,1
-0.01768589666166953,3.0,3.0,0.0,0.0,1.0,2.0,0.855,0.006,0.125,0.006,0.006,0.0055,0.0095,0
0.003714270336825365,13.0,13.0,0.0,1.0,9.0,3.0,0.85,0.006,0.125,0.006,0.006,0.0055,0.0095,1
0.025696485901317345,42.0,42.0,0.0,2.0,12.0,28.0,0.84,0.006,0.125,0.006,0.006,0.0055,0.01,1
0.028635017009827735,42.0,42.0,0.0,1.0,16.0,25.0,0.845,0.006,0.12,0.006,0.006,0.0055,0.0135,1
-0.02771761857482602,47.0,47.0,0.0,4.0,18.0,25.0,0.85,0.0065,0.115,0.005,0.005,0.0055,0.005,0
-0.020686995005648967,91.0,91.0,0.0,11.0,38.0,42.0,0.85,0.0065,0.115,0.005,0.005,0.0055,0.005,0
0.00103209494009171,30.0,30.0,0.0,1.0,9.0,20.0,0.86,0.0055,0.12,0.005,0.005,0.0055,0.005,1
0.0036982684924087295,75.0,75.0,0.0,6.0,30.0,39.0,0.86,0.0055,0.115,0.005,0.005,0.0055,0.0045,1
-0.010525229750756537,84.0,84.0,0.0,9.0,48.0,27.0,0.87,0.0055,0.11,0.005,0.005,0.0055,0.0045,0
-0.044280758670735665,33.0,33.0,0.0,2.0,13.0,18.0,0.885,0.0055,0.09,0.005,0.005,0.0055,0.0045,0
0.004485609622816966,14.0,14.0,0.0,2.0,9.0,3.0,0.895,0.005,0.085,0.005,0.0045,0.0055,0.0045,1
-0.049502623521370026,23.0,23.0,0.0,0.0,11.0,12.0,0.895,0.0045,0.085,0.005,0.0045,0.0055,0.0045,0
-0.004913576864694846,30.0,30.0,0.0,3.0,9.0,18.0,0.875,0.0045,0.105,0.005,0.0045,0.0055,0.0045,0
0.010136967185010448,29.0,29.0,0.0,0.0,19.0,10.0,0.875,0.0055,0.105,0.005,0.0045,0.0055,0.0045,1
0.0014429739259664842,16.0,16.0,0.0,0.0,11.0,5.0,0.875,0.0045,0.11,0.005,0.0035,0.005,0.0045,1
-0.04087145290153238,14.0,14.0,0.0,0.0,8.0,6.0,0.87,0.005,0.115,0.005,0.0035,0.005,0.0045,0
0.005668297136786293,7.0,7.0,0.0,1.0,4.0,2.0,0.87,0.005,0.115,0.005,0.0035,0.005,0.0045,1
-0.029543787686314715,43.0,43.0,0.0,3.0,28.0,12.0,0.825,0.005,0.115,0.005,0.0035,0.005,0.0045,0
0.011697388590560465,74.0,74.0,0.0,6.0,26.0,42.0,0.855,0.003,0.115,0.005,0.0035,0.005,0.0035,1
-0.006294995655865776,53.0,53.0,0.0,2.0,28.0,23.0,0.855,0.003,0.135,0.005,0.0035,0.005,0.0035,0
-0.0229853353750471,57.0,57.0,0.0,4.0,26.0,27.0,0.845,0.005,0.14,0.005,0.0035,0.005,0.0035,0
0.01838246024056467,34.0,34.0,0.0,2.0,8.0,24.0,0.825,0.005,0.155,0.005,0.0035,0.005,0.004,1
-0.021354275125062827,107.0,107.0,0.0,7.0,56.0,44.0,0.825,0.005,0.16,0.005,0.0035,0.005,0.004,0
0.028711754640472265,60.0,60.0,0.0,3.0,23.0,34.0,0.775,0.004,0.205,0.003,0.0035,0.005,0.004,1
0.0036630444996337275,54.0,54.0,0.0,1.0,29.0,24.0,0.785,0.0035,0.185,0.0035,0.0035,0.0045,0.0035,1
-0.14214831914414638,262.0,262.0,0.0,11.0,162.0,89.0,0.555,0.0035,0.425,0.0035,0.0035,0.0035,0.0035,0
-0.002586837699034561,146.0,146.0,0.0,11.0,78.0,57.0,0.67,0.0025,0.315,0.0025,0.003,0.0025,0.0025,0
0.05448159325264079,115.0,115.0,0.0,7.0,68.0,40.0,0.67,0.0025,0.32,0.003,0.003,0.003,0.003,1
-0.011043493011344552,65.0,65.0,0.0,2.0,25.0,38.0,0.66,0.0015,0.315,0.0025,0.0025,0.0025,0.0025,0
-0.025419202148452058,147.0,147.0,0.0,3.0,90.0,54.0,0.685,0.0015,0.3,0.0025,0.0025,0.0025,0.0025,0
-0.006368417134641646,141.0,141.0,0.0,8.0,72.0,61.0,0.64,0.0015,0.335,0.0025,0.0025,0.0025,0.0025,0
0.022374314418961205,107.0,107.0,0.0,4.0,52.0,51.0,0.635,0.0025,0.34,0.0035,0.0035,0.0035,0.0035,1
-0.0026591732033605098,117.0,117.0,0.0,4.0,73.0,40.0,0.58,0.0025,0.39,0.0035,0.0035,0.0035,0.0035,0
-0.05059356333654996,481.0,481.0,0.0,22.0,276.0,183.0,0.585,0.0025,0.38,0.0035,0.0035,0.0035,0.0035,0
-0.006847213753719217,359.0,359.0,0.0,14.0,253.0,92.0,0.575,0.0025,0.385,0.0035,0.0035,0.0035,0.0035,0
0.07275255116399393,186.0,186.0,0.0,6.0,129.0,51.0,0.605,0.0025,0.355,0.0035,0.0035,0.0035,0.0035,1
0.00239520015812289,179.0,179.0,0.0,12.0,85.0,82.0,0.6,0.0025,0.345,0.0035,0.0035,0.0035,0.0035,1
0.015271837176342729,86.0,86.0,0.0,5.0,39.0,42.0,0.595,0.0025,0.385,0.0035,0.0035,0.0035,0.0035,1
-0.04180476339847061,133.0,133.0,0.0,7.0,58.0,68.0,0.575,0.0025,0.395,0.0035,0.0035,0.0035,0.0035,0
0.013036819055283644,152.0,152.0,0.0,12.0,64.0,76.0,0.525,0.0025,0.435,0.0035,0.0035,0.0035,0.0035,1
0.0011935616057847653,62.0,62.0,0.0,4.0,20.0,38.0,0.565,0.0025,0.415,0.0035,0.0035,0.0035,0.0035,1
-0.011072205077542918,0.0,0.0,0.0,0.0,0.0,0.0,0.605,0.0025,0.365,0.0035,0.0035,0.0035,0.0035,0
-0.0050027944692985216,9.0,9.0,0.0,0.0,2.0,7.0,0.645,0.0025,0.345,0.0035,0.0035,0.0035,0.0035,0
0.02466842371756961,114.0,114.0,0.0,8.0,57.0,49.0,0.645,0.0025,0.315,0.0035,0.0035,0.0035,0.0035,1
-0.0020129044053529555,145.0,145.0,0.0,9.0,55.0,81.0,0.695,0.0025,0.28,0.0035,0.0035,0.0035,0.0035,0
-0.0013604637209745363,108.0,108.0,0.0,8.0,29.0,71.0,0.57,0.0015,0.43,0.0025,0.0025,0.0025,0.0025,0
-0.004792416948548706,96.0,96.0,0.0,2.0,40.0,54.0,0.55,0.0015,0.435,0.0025,0.0025,0.0025,0.0025,0
0.014120944793122092,152.0,152.0,0.0,13.0,56.0,83.0,0.58,0.0015,0.42,0.0025,0.0025,0.0025,0.0015,1
0.056347651223271455,97.0,97.0,0.0,5.0,39.0,53.0,0.575,0.0015,0.425,0.0025,0.0025,0.0025,0.0015,1
0.017113099943554033,94.0,94.0,0.0,9.0,53.0,32.0,0.63,0.0015,0.35,0.0015,0.0015,0.0015,0.0015,1
-0.038194783572842894,73.0,73.0,0.0,9.0,23.0,41.0,0.65,0.001,0.35,0.0015,0.0015,0.0015,0.0015,0
0.014728326418129711,130.0,130.0,0.0,7.0,59.0,64.0,0.665,0.001,0.335,0.0015,0.0015,0.0015,0.0015,1
0.008727247106035563,94.0,94.0,0.0,11.0,27.0,56.0,0.67,0.0025,0.325,0.001,0.002,0.0005,0.0005,1
0.030647502302608487,214.0,214.0,0.0,9.0,129.0,76.0,0.675,0.0015,0.335,0.0005,0.0015,0.0005,0.0005,1
-0.005612954740563225,84.0,84.0,0.0,7.0,33.0,44.0,0.705,0.001,0.305,0.0005,0.0015,0.0005,0.0005,0
0.01227262602319179,175.0,175.0,0.0,12.0,83.0,80.0,0.71,0.001,0.29,0.0005,0.0015,0.0005,0.0005,1
0.007938057328257031,177.0,177.0,0.0,5.0,85.0,87.0,0.735,0.001,0.265,0.0005,0.0005,0.0005,0.0005,1
0.018020133050582032,104.0,104.0,0.0,9.0,45.0,50.0,0.755,0.0005,0.255,0.0005,0.0005,0.0005,0.0005,1
0.010327798913849051,65.0,65.0,0.0,2.0,30.0,33.0,0.745,0.0005,0.255,0.0005,0.0005,0.0005,0.0005,1
0.19700052563059067,270.0,270.0,0.0,11.0,155.0,104.0,0.9835,0.0005,0.016,0.0005,0.0005,0.0005,0.0005,1
0.05436659836092694,277.0,277.0,0.0,15.0,154.0,108.0,0.998,0.0005,0.0015,0.0005,0.0005,0.0005,0.0005,1
0.04806719714189889,108.0,108.0,0.0,5.0,53.0,50.0,0.988,0.0065,0.002,0.0005,0.003,0.001,0.0005,1
-0.0029885279796335595,45.0,45.0,0.0,1.0,19.0,25.0,0.987,0.0015,0.004,0.0015,0.0005,0.0015,0.0005,0
0.07217846193741728,0.0,0.0,0.0,0.0,0.0,0.0,0.99,0.0015,0.0025,0.002,0.0005,0.0015,0.0005,1
0.03337014994999343,101.0,101.0,0.0,8.0,53.0,40.0,0.9915,0.001,0.004,0.001,0.001,0.001,0.001,1
-0.0076909713557355985,92.0,92.0,0.0,9.0,42.0,41.0,0.9885,0.002,0.003,0.001,0.001,0.001,0.001,0
-0.010609821618730919,140.0,140.0,0.0,15.0,54.0,71.0,0.985,0.002,0.003,0.001,0.0005,0.0005,0.001,0
-0.024795760849878334,249.0,249.0,0.0,10.0,149.0,90.0,0.994,0.0015,0.003,0.001,0.0005,0.0005,0.001,0
-0.03730937602556139,82.0,82.0,0.0,7.0,40.0,35.0,0.987,0.0005,0.0025,0.0005,0.0005,0.0005,0.0005,0
0.030000172998951413,90.0,90.0,0.0,4.0,37.0,49.0,0.9915,0.002,0.0025,0.001,0.001,0.001,0.0005,1
0.002155277175154069,148.0,148.0,0.0,13.0,60.0,75.0,0.996,0.002,0.0015,0.001,0.001,0.001,0.0005,1
0.008867833357420807,134.0,134.0,0.0,7.0,75.0,52.0,0.991,0.002,0.0015,0.001,0.001,0.001,0.001,1
-0.03452149826908979,188.0,188.0,0.0,13.0,118.0,57.0,0.9905,0.002,0.0015,0.001,0.001,0.001,0.001,0
0.03726549459586437,134.0,134.0,0.0,4.0,74.0,56.0,0.9895,0.002,0.0015,0.001,0.0005,0.0005,0.0005,1
-0.022278476955177595,51.0,51.0,0.0,5.0,29.0,17.0,0.991,0.002,0.0015,0.001,0.001,0.0005,0.0005,0
0.001977290651014485,1.0,1.0,0.0,1.0,0.0,0.0,0.989,0.002,0.0015,0.001,0.001,0.0005,0.0005,1
