retorno_log_merval,sentiment_total_records,sentiment_reddit_count,sentiment_news_count,sentiment_pos_count,sentiment_neg_count,sentiment_neu_count,sentiment_score,sentiment_pos_ratio,sentiment_neg_ratio,sentiment_neu_ratio,sentiment_avg_confidence,sentiment_max_confidence,sentiment_min_confidence,sentiment_avg_text_length,reddit_avg_score,reddit_total_score,reddit_max_score,polymarket_LLA (La Libertad Avanza),polymarket_PRO (Propuesta Republicana),polymarket_UP (Unión por la Patria),polymarket_FIT-U (Frente de Izquierda y de los Trabajadores – Unidad),polymarket_SER (SER Santa Cruz),polymarket_UCR (Unión Cívica Radical),polymarket_HNP (Hacemos por Nuestro País),booleano_merval
0.0,0.0,0.0,0.0,0.0,0.0,0.0,0.0,0.0,0.0,0.0,0.0,0.0,0.0,0.0,0.0,0.0,0.0,0.715,0.0365,0.23,0.0175,0.0255,0.02,0.018,0
0.011922142484678488,0.0,0.0,0.0,0.0,0.0,0.0,0.0,0.0,0.0,0.0,0.0,0.0,0.0,0.0,0.0,0.0,0.0,0.715,0.0365,0.23,0.0175,0.0255,0.02,0.018,1
-0.012466231659690408,0.0,0.0,0.0,0.0,0.0,0.0,0.0,0.0,0.0,0.0,0.0,0.0,0.0,0.0,0.0,0.0,0.0,0.715,0.0365,0.23,0.0175,0.0255,0.02,0.018,0
0.04002987478095932,0.0,0.0,0.0,0.0,0.0,0.0,0.0,0.0,0.0,0.0,0.0,0.0,0.0,0.0,0.0,0.0,0.0,0.715,0.0365,0.23,0.0175,0.0255,0.02,0.018,1
0.0056323661124846325,0.0,0.0,0.0,0.0,0.0,0.0,0.0,0.0,0.0,0.0,0.0,0.0,0.0,0.0,0.0,0.0,0.0,0.715,0.0365,0.23,0.0175,0.0255,0.02,0.018,1
0.02848343646689422,0.0,0.0,0.0,0.0,0.0,0.0,0.0,0.0,0.0,0.0,0.0,0.0,0.0,0.0,0.0,0.0,0.0,0.715,0.0365,0.23,0.0175,0.0255,0.02,0.018,1
0.07025467598734814,0.0,0.0,0.0,0.0,0.0,0.0,0.0,0.0,0.0,0.0,0.0,0.0,0.0,0.0,0.0,0.0,0.0,0.715,0.0365,0.23,0.0175,0.0255,0.02,0.018,1
0.01908340475479875,0.0,0.0,0.0,0.0,0.0,0.0,0.0,0.0,0.0,0.0,0.0,0.0,0.0,0.0,0.0,0.0,0.0,0.715,0.0365,0.23,0.0175,0.0255,0.02,0.018,1
-0.027844930240908283,0.0,0.0,0.0,0.0,0.0,0.0,0.0,0.0,0.0,0.0,0.0,0.0,0.0,0.0,0.0,0.0,0.0,0.715,0.0365,0.23,0.0175,0.0255,0.02,0.018,0
-0.04093865398247587,0.0,0.0,0.0,0.0,0.0,0.0,0.0,0.0,0.0,0.0,0.0,0.0,0.0,0.0,0.0,0.0,0.0,0.715,0.0365,0.23,0.0175,0.0255,0.02,0.018,0
0.019506881099852436,0.0,0.0,0.0,0.0,0.0,0.0,0.0,0.0,0.0,0.0,0.0,0.0,0.0,0.0,0.0,0.0,0.0,0.715,0.0365,0.23,0.0175,0.0255,0.02,0.018,1
0.013521206897889826,0.0,0.0,0.0,0.0,0.0,0.0,0.0,0.0,0.0,0.0,0.0,0.0,0.0,0.0,0.0,0.0,0.0,0.715,0.0365,0.23,0.0175,0.0255,0.02,0.018,1
0.019741453637537987,0.0,0.0,0.0,0.0,0.0,0.0,0.0,0.0,0.0,0.0,0.0,0.0,0.0,0.0,0.0,0.0,0.0,0.715,0.0365,0.23,0.0175,0.0255,0.02,0.018,1
0.01801343048898829,0.0,0.0,0.0,0.0,0.0,0.0,0.0,0.0,0.0,0.0,0.0,0.0,0.0,0.0,0.0,0.0,0.0,0.715,0.0365,0.23,0.0175,0.0255,0.02,0.018,1
-0.007668926180196323,0.0,0.0,0.0,0.0,0.0,0.0,0.0,0.0,0.0,0.0,0.0,0.0,0.0,0.0,0.0,0.0,0.0,0.715,0.0365,0.23,0.0175,0.0255,0.02,0.018,0
-0.017182753018245123,0.0,0.0,0.0,0.0,0.0,0.0,0.0,0.0,0.0,0.0,0.0,0.0,0.0,0.0,0.0,0.0,0.0,0.715,0.0365,0.23,0.0175,0.0255,0.02,0.018,0
0.061982848308529626,0.0,0.0,0.0,0.0,0.0,0.0,0.0,0.0,0.0,0.0,0.0,0.0,0.0,0.0,0.0,0.0,0.0,0.715,0.0365,0.23,0.0175,0.0255,0.02,0.018,1
0.012264749725021673,0.0,0.0,0.0,0.0,0.0,0.0,0.0,0.0,0.0,0.0,0.0,0.0,0.0,0.0,0.0,0.0,0.0,0.715,0.0365,0.23,0.0175,0.0255,0.02,0.018,1
0.026152765042455783,140.0,140.0,0.0,17.0,46.0,77.0,-0.20714285714285716,0.12142857142857143,0.32857142857142857,0.55,0.74527306918587,0.9819324612617493,0.28420963883399963,594.7785714285715,0.0,0.0,0.0,0.715,0.0365,0.23,0.0175,0.0255,0.02,0.018,1
0.007452470706605041,93.0,93.0,0.0,7.0,47.0,39.0,-0.43010752688172044,0.07526881720430108,0.5053763440860215,0.41935483870967744,0.7440923032581165,0.9776960611343384,0.2515616714954376,437.06451612903226,0.0,0.0,0.0,0.715,0.0365,0.23,0.0175,0.0255,0.02,0.018,1
-0.014166326079308789,55.0,55.0,0.0,8.0,15.0,32.0,-0.12727272727272726,0.14545454545454545,0.2727272727272727,0.5818181818181818,0.7375616360794414,0.9608759880065918,0.2512003481388092,398.6181818181818,0.0,0.0,0.0,0.715,0.0365,0.23,0.0175,0.0255,0.02,0.018,0
0.01683976255773345,57.0,57.0,0.0,5.0,17.0,35.0,-0.21052631578947367,0.08771929824561403,0.2982456140350877,0.6140350877192983,0.771010712050555,0.9566282629966736,0.4057351052761078,278.280701754386,0.0,0.0,0.0,0.715,0.0365,0.23,0.0175,0.0255,0.02,0.018,1
-0.008727852140651748,54.0,54.0,0.0,6.0,10.0,38.0,-0.07407407407407407,0.1111111111111111,0.18518518518518517,0.7037037037037037,0.7581321801300402,0.9812228083610535,0.3490288555622101,378.6111111111111,0.0,0.0,0.0,0.715,0.0365,0.23,0.0175,0.0255,0.02,0.018,0
-0.05494137621897899,46.0,46.0,0.0,3.0,17.0,26.0,-0.30434782608695654,0.06521739130434782,0.3695652173913043,0.5652173913043478,0.7478289144194644,0.972908079624176,0.2680637538433075,471.80434782608694,0.0,0.0,0.0,0.715,0.0365,0.23,0.0175,0.0255,0.02,0.018,0
0.02898771980413528,65.0,65.0,0.0,5.0,28.0,32.0,-0.35384615384615387,0.07692307692307693,0.4307692307692308,0.49230769230769234,0.7438858348589678,0.9761858582496643,0.25211212038993835,399.96923076923076,0.0,0.0,0.0,0.715,0.0365,0.23,0.0175,0.0255,0.02,0.018,1
-0.01059235351156751,40.0,40.0,0.0,2.0,13.0,25.0,-0.275,0.05,0.325,0.625,0.7350927196443081,0.9523118138313293,0.2512003481388092,302.7,0.0,0.0,0.0,0.715,0.0365,0.23,0.0175,0.0255,0.02,0.018,0
-0.0281605026767906,41.0,41.0,0.0,8.0,7.0,26.0,0.024390243902439025,0.1951219512195122,0.17073170731707318,0.6341463414634146,0.6853266169385213,0.9617652893066406,0.25550246238708496,325.1463414634146,0.0,0.0,0.0,0.715,0.0365,0.23,0.0175,0.0255,0.02,0.018,0
-0.04611125709351427,95.0,95.0,0.0,2.0,44.0,49.0,-0.4421052631578947,0.021052631578947368,0.4631578947368421,0.5157894736842106,0.7620427523788653,0.9775015115737915,0.408295214176178,300.2526315789474,0.0,0.0,0.0,0.715,0.0365,0.23,0.0175,0.0255,0.02,0.018,0
0.010282350534078333,65.0,65.0,0.0,5.0,18.0,42.0,-0.2,0.07692307692307693,0.27692307692307694,0.6461538461538462,0.7192772585612077,0.937583863735199,0.26187485456466675,563.3846153846154,0.0,0.0,0.0,0.715,0.0365,0.23,0.0175,0.0255,0.02,0.018,1
0.03214903067275543,202.0,202.0,0.0,13.0,66.0,123.0,-0.2623762376237624,0.06435643564356436,0.32673267326732675,0.6089108910891089,0.7281001173328645,0.9751418232917786,0.2581297755241394,258.8019801980198,0.0,0.0,0.0,0.715,0.0365,0.23,0.0175,0.0255,0.02,0.018,1
0.023102657200105625,42.0,42.0,0.0,0.0,17.0,25.0,-0.40476190476190477,0.0,0.40476190476190477,0.5952380952380952,0.7588592852864947,0.9672293663024902,0.5099425315856934,384.6904761904762,0.0,0.0,0.0,0.715,0.0365,0.23,0.0175,0.0255,0.02,0.018,1
-0.021069773831586147,21.0,21.0,0.0,0.0,3.0,18.0,-0.14285714285714285,0.0,0.14285714285714285,0.8571428571428571,0.7616170176437923,0.938085675239563,0.49080726504325867,316.23809523809524,0.0,0.0,0.0,0.715,0.0365,0.23,0.0175,0.0255,0.02,0.018,0
-0.022719721446080143,53.0,53.0,0.0,0.0,25.0,28.0,-0.4716981132075472,0.0,0.4716981132075472,0.5283018867924528,0.7629676168819644,0.9737833738327026,0.4972885847091675,432.79245283018867,0.0,0.0,0.0,0.715,0.0365,0.23,0.0175,0.0255,0.02,0.018,0
-0.050751513219232436,107.0,107.0,0.0,13.0,37.0,57.0,-0.22429906542056074,0.12149532710280374,0.34579439252336447,0.5327102803738317,0.7190661313377809,0.9770650863647461,0.2729165554046631,312.803738317757,0.0,0.0,0.0,0.715,0.0365,0.23,0.0175,0.0255,0.02,0.018,0
-0.0014236694174893927,131.0,131.0,0.0,9.0,47.0,75.0,-0.2900763358778626,0.06870229007633588,0.35877862595419846,0.5725190839694656,0.7486120082494867,0.9637746810913086,0.2589530348777771,409.6564885496183,0.0,0.0,0.0,0.715,0.0365,0.23,0.0175,0.0255,0.02,0.018,0
0.04406548294327273,55.0,55.0,0.0,9.0,13.0,33.0,-0.07272727272727272,0.16363636363636364,0.23636363636363636,0.6,0.7102350337938829,0.9541401863098145,0.27321404218673706,457.76363636363635,0.0,0.0,0.0,0.715,0.0365,0.23,0.0175,0.0255,0.02,0.018,1
0.020982812455077493,90.0,90.0,0.0,8.0,56.0,26.0,-0.5333333333333333,0.08888888888888889,0.6222222222222222,0.28888888888888886,0.7463755951987372,0.9738261699676514,0.3298614025115967,359.1222222222222,0.0,0.0,0.0,0.715,0.0365,0.23,0.0175,0.0255,0.02,0.018,1
-0.013427808481598191,0.0,0.0,0.0,0.0,0.0,0.0,0.0,0.0,0.0,0.0,0.0,0.0,0.0,0.0,0.0,0.0,0.0,0.715,0.0365,0.23,0.0175,0.0255,0.02,0.018,0
-0.03190061334012029,38.0,38.0,0.0,8.0,8.0,22.0,0.0,0.21052631578947367,0.21052631578947367,0.5789473684210527,0.717068930205546,0.9611281156539917,0.29232993721961975,252.52631578947367,0.0,0.0,0.0,0.715,0.0365,0.23,0.0175,0.0255,0.02,0.018,0
0.015780164553696352,54.0,54.0,0.0,4.0,30.0,20.0,-0.48148148148148145,0.07407407407407407,0.5555555555555556,0.37037037037037035,0.7681412542307818,0.9591160416603088,0.26876354217529297,560.6851851851852,0.0,0.0,0.0,0.715,0.0365,0.23,0.0175,0.0255,0.02,0.018,1
-0.01836871664049511,28.0,28.0,0.0,4.0,7.0,17.0,-0.10714285714285714,0.14285714285714285,0.25,0.6071428571428571,0.8003680865679469,0.9570190906524658,0.4297952950000763,354.85714285714283,0.0,0.0,0.0,0.715,0.0365,0.23,0.0175,0.0255,0.02,0.018,0
0.010346601383234955,32.0,32.0,0.0,1.0,9.0,22.0,-0.25,0.03125,0.28125,0.6875,0.8206872399896383,0.9512833952903748,0.5171420574188232,355.28125,0.0,0.0,0.0,0.715,0.0365,0.23,0.0175,0.0255,0.02,0.018,1
-0.03541158211462303,24.0,24.0,0.0,1.0,9.0,14.0,-0.3333333333333333,0.041666666666666664,0.375,0.5833333333333334,0.720361397912105,0.9710222482681274,0.49334201216697693,595.75,0.0,0.0,0.0,0.715,0.0365,0.23,0.0175,0.0255,0.02,0.018,0
-0.010405793025991983,18.0,18.0,0.0,1.0,3.0,14.0,-0.1111111111111111,0.05555555555555555,0.16666666666666666,0.7777777777777778,0.7362554222345352,0.8955479264259338,0.49272820353507996,312.22222222222223,0.0,0.0,0.0,0.715,0.019,0.225,0.016,0.02,0.0175,0.012,0
-0.0505151834645865,71.0,71.0,0.0,1.0,33.0,37.0,-0.4507042253521127,0.014084507042253521,0.4647887323943662,0.5211267605633803,0.7549574480090343,0.9683776497840881,0.4634282886981964,345.53521126760563,0.0,0.0,0.0,0.725,0.0165,0.225,0.0075,0.0185,0.009,0.0105,0
0.005385792857916627,35.0,35.0,0.0,3.0,11.0,21.0,-0.22857142857142856,0.08571428571428572,0.3142857142857143,0.6,0.7401719152927398,0.9874594211578369,0.28142446279525757,233.68571428571428,0.0,0.0,0.0,0.725,0.014,0.21,0.0085,0.017,0.0095,0.009,1
0.02927105533802532,52.0,52.0,0.0,2.0,29.0,21.0,-0.5192307692307693,0.038461538461538464,0.5576923076923077,0.40384615384615385,0.7505217779141206,0.9663497805595398,0.4393173158168793,268.75,0.0,0.0,0.0,0.73,0.014,0.21,0.0085,0.0165,0.01,0.009,1
0.014191791679406762,52.0,52.0,0.0,2.0,20.0,30.0,-0.34615384615384615,0.038461538461538464,0.38461538461538464,0.5769230769230769,0.7677188618825033,0.9778549671173096,0.40280967950820923,521.75,0.0,0.0,0.0,0.73,0.014,0.21,0.008,0.0155,0.01,0.009,1
-0.05740878050767506,147.0,147.0,0.0,9.0,75.0,63.0,-0.4489795918367347,0.061224489795918366,0.5102040816326531,0.42857142857142855,0.7718389897930379,0.9766924381256104,0.25368034839630127,312.4625850340136,0.0,0.0,0.0,0.735,0.013,0.195,0.009,0.0155,0.01,0.0105,0
0.05922459989007223,135.0,135.0,0.0,11.0,72.0,52.0,-0.45185185185185184,0.08148148148148149,0.5333333333333333,0.3851851851851852,0.7648824477637256,0.9802756905555725,0.25561225414276123,262.7851851851852,0.0,0.0,0.0,0.745,0.0125,0.195,0.008,0.0155,0.0095,0.008,1
0.0041119911568650025,117.0,117.0,0.0,1.0,68.0,48.0,-0.5726495726495726,0.008547008547008548,0.5811965811965812,0.41025641025641024,0.769908511485809,0.9812474846839905,0.43632152676582336,465.05982905982904,0.0,0.0,0.0,0.75,0.0125,0.2,0.008,0.015,0.0095,0.009,1
0.0035915904621681705,84.0,84.0,0.0,6.0,50.0,28.0,-0.5238095238095238,0.07142857142857142,0.5952380952380952,0.3333333333333333,0.7715142968864668,0.9787827730178833,0.2628854513168335,470.6666666666667,0.0,0.0,0.0,0.725,0.013,0.195,0.008,0.0155,0.015,0.009,1
-0.019139596767073996,95.0,95.0,0.0,5.0,43.0,47.0,-0.4,0.05263157894736842,0.45263157894736844,0.49473684210526314,0.7542228491682755,0.9780511856079102,0.2692156732082367,398.46315789473687,0.0,0.0,0.0,0.655,0.0125,0.27,0.008,0.0145,0.0185,0.0095,0
-0.006845454212141888,59.0,59.0,0.0,7.0,16.0,36.0,-0.15254237288135594,0.11864406779661017,0.2711864406779661,0.6101694915254238,0.740325997946626,0.9642581343650818,0.2744103670120239,403.54237288135596,0.0,0.0,0.0,0.665,0.013,0.265,0.0145,0.0155,0.02,0.0095,0
-0.028287267029860175,19.0,19.0,0.0,1.0,5.0,13.0,-0.21052631578947367,0.05263157894736842,0.2631578947368421,0.6842105263157895,0.7251198448632893,0.9234700202941895,0.26682913303375244,388.5263157894737,0.0,0.0,0.0,0.71,0.0125,0.22,0.0145,0.015,0.02,0.0095,0
-0.0034498105270746038,34.0,34.0,0.0,3.0,11.0,20.0,-0.23529411764705882,0.08823529411764706,0.3235294117647059,0.5882352941176471,0.7724555318846422,0.9577943086624146,0.42704465985298157,374.94117647058823,0.0,0.0,0.0,0.715,0.0125,0.225,0.015,0.013,0.019,0.0095,0
-0.03642630183589368,77.0,77.0,0.0,5.0,28.0,44.0,-0.2987012987012987,0.06493506493506493,0.36363636363636365,0.5714285714285714,0.7541045918093099,0.9695641398429871,0.2914400100708008,261.93506493506493,0.0,0.0,0.0,0.73,0.0105,0.205,0.0135,0.012,0.007,0.0105,0
0.00552069406903577,0.0,0.0,0.0,0.0,0.0,0.0,0.0,0.0,0.0,0.0,0.0,0.0,0.0,0.0,0.0,0.0,0.0,0.745,0.0095,0.205,0.013,0.0095,0.013,0.0085,1
0.03748294314885747,114.0,114.0,0.0,4.0,51.0,59.0,-0.41228070175438597,0.03508771929824561,0.4473684210526316,0.5175438596491229,0.7520812556408999,0.9759065508842468,0.48491042852401733,387.37719298245617,0.0,0.0,0.0,0.775,0.008,0.135,0.01,0.0075,0.01,0.008,1
-0.008714087391513914,47.0,47.0,0.0,1.0,23.0,23.0,-0.46808510638297873,0.02127659574468085,0.48936170212765956,0.48936170212765956,0.755169670632545,0.9799947142601013,0.5028508305549622,314.6170212765957,0.0,0.0,0.0,0.81,0.007,0.135,0.01,0.007,0.0065,0.0055,0
-0.00348243142292759,12.0,12.0,0.0,2.0,4.0,6.0,-0.16666666666666666,0.16666666666666666,0.3333333333333333,0.5,0.7425362045566241,0.8874316215515137,0.44333937764167786,388.3333333333333,0.0,0.0,0.0,0.805,0.008,0.145,0.01,0.0075,0.0065,0.0065,0
-0.056110701326002044,61.0,61.0,0.0,2.0,33.0,26.0,-0.5081967213114754,0.03278688524590164,0.5409836065573771,0.4262295081967213,0.7417349214436578,0.958041787147522,0.4685538709163666,295.26229508196724,0.0,0.0,0.0,0.755,0.006,0.155,0.01,0.007,0.0065,0.006,0
0.009610282170138262,55.0,55.0,0.0,3.0,30.0,22.0,-0.4909090909090909,0.05454545454545454,0.5454545454545454,0.4,0.7357313459569758,0.9799212217330933,0.3059360086917877,415.74545454545455,0.0,0.0,0.0,0.75,0.0115,0.155,0.01,0.006,0.0065,0.0095,1
0.05119611439367411,15.0,15.0,0.0,0.0,3.0,12.0,-0.2,0.0,0.2,0.8,0.723119072119395,0.8798792958259583,0.5086922645568848,321.26666666666665,0.0,0.0,0.0,0.765,0.0085,0.145,0.0115,0.006,0.0065,0.0065,1
-0.018094141383583562,27.0,27.0,0.0,1.0,11.0,15.0,-0.37037037037037035,0.037037037037037035,0.4074074074074074,0.5555555555555556,0.7807983115867332,0.9497941136360168,0.5482175350189209,586.4074074074074,0.0,0.0,0.0,0.78,0.007,0.145,0.0115,0.007,0.006,0.006,0
0.04527942705359855,64.0,64.0,0.0,2.0,22.0,40.0,-0.3125,0.03125,0.34375,0.625,0.7496447591111064,0.9699490070343018,0.32955402135849,342.796875,0.0,0.0,0.0,0.775,0.0045,0.145,0.0115,0.005,0.006,0.006,1
0.0045840630257085735,45.0,45.0,0.0,4.0,15.0,26.0,-0.24444444444444444,0.08888888888888889,0.3333333333333333,0.5777777777777777,0.7617788871129354,0.9753420948982239,0.27371883392333984,548.6888888888889,0.0,0.0,0.0,0.765,0.0055,0.145,0.0115,0.0075,0.0065,0.0125,1
-0.02492899077136812,65.0,65.0,0.0,4.0,21.0,40.0,-0.26153846153846155,0.06153846153846154,0.3230769230769231,0.6153846153846154,0.7567990601062775,0.974012553691864,0.27734556794166565,390.0615384615385,0.0,0.0,0.0,0.765,0.0055,0.145,0.0115,0.0065,0.0065,0.0095,0
0.04422919207910958,56.0,56.0,0.0,14.0,18.0,24.0,-0.07142857142857142,0.25,0.32142857142857145,0.42857142857142855,0.6654899354491915,0.9738124012947083,0.2520714998245239,336.375,0.0,0.0,0.0,0.765,0.0055,0.145,0.0115,0.0075,0.006,0.008,1
-0.012810220927136129,30.0,30.0,0.0,1.0,19.0,10.0,-0.6,0.03333333333333333,0.6333333333333333,0.3333333333333333,0.7373810728391011,0.9707177877426147,0.4062287211418152,286.8333333333333,0.0,0.0,0.0,0.765,0.0055,0.145,0.0115,0.0075,0.006,0.008,0
0.03001400864964232,55.0,55.0,0.0,1.0,31.0,23.0,-0.5454545454545454,0.01818181818181818,0.5636363636363636,0.41818181818181815,0.7769703902981498,0.9689760804176331,0.42345911264419556,359.90909090909093,0.0,0.0,0.0,0.755,0.0055,0.145,0.0115,0.0075,0.0065,0.007,1
0.022004383703404073,90.0,90.0,0.0,3.0,57.0,30.0,-0.6,0.03333333333333333,0.6333333333333333,0.3333333333333333,0.7693917949994405,0.9789575338363647,0.33272257447242737,499.3,0.0,0.0,0.0,0.755,0.0075,0.145,0.012,0.0095,0.0085,0.0065,1
-0.019366444459871346,45.0,45.0,0.0,3.0,29.0,13.0,-0.5777777777777777,0.06666666666666667,0.6444444444444445,0.28888888888888886,0.7908932030200958,0.9767726063728333,0.3138921856880188,409.9111111111111,0.0,0.0,0.0,0.755,0.0075,0.145,0.012,0.01,0.0085,0.0065,0
-0.011493829811481504,93.0,93.0,0.0,11.0,31.0,51.0,-0.21505376344086022,0.11827956989247312,0.3333333333333333,0.5483870967741935,0.7590022891439417,0.9764965176582336,0.2590634822845459,459.97849462365593,0.0,0.0,0.0,0.755,0.007,0.145,0.012,0.0085,0.008,0.006,0
-0.01399375114899648,90.0,90.0,0.0,7.0,29.0,54.0,-0.24444444444444444,0.07777777777777778,0.32222222222222224,0.6,0.7186613798141479,0.9773170948028564,0.2648197412490845,350.8888888888889,0.0,0.0,0.0,0.755,0.008,0.145,0.012,0.009,0.008,0.006,0
-0.016875221859033118,0.0,0.0,0.0,0.0,0.0,0.0,0.0,0.0,0.0,0.0,0.0,0.0,0.0,0.0,0.0,0.0,0.0,0.745,0.0055,0.145,0.012,0.009,0.009,0.01,0
0.0075693204357420996,33.0,33.0,0.0,5.0,8.0,20.0,-0.09090909090909091,0.15151515151515152,0.24242424242424243,0.6060606060606061,0.7346019293322708,0.9674967527389526,0.277182012796402,289.27272727272725,0.0,0.0,0.0,0.745,0.0055,0.145,0.012,0.0085,0.0075,0.01,1
-0.0349209416117926,18.0,18.0,0.0,0.0,10.0,8.0,-0.5555555555555556,0.0,0.5555555555555556,0.4444444444444444,0.7656583620442284,0.9671080112457275,0.5052801370620728,622.8888888888889,0.0,0.0,0.0,0.745,0.0085,0.15,0.012,0.009,0.0075,0.0065,0
-0.076617340444324,48.0,48.0,0.0,4.0,16.0,28.0,-0.25,0.08333333333333333,0.3333333333333333,0.5833333333333334,0.7613884210586548,0.960093080997467,0.5089704990386963,249.10416666666666,0.0,0.0,0.0,0.745,0.0085,0.145,0.012,0.0105,0.0075,0.0095,0
-0.03960522290078927,113.0,113.0,0.0,4.0,58.0,51.0,-0.4778761061946903,0.035398230088495575,0.5132743362831859,0.45132743362831856,0.743860563345715,0.9760410189628601,0.27374061942100525,323.4159292035398,0.0,0.0,0.0,0.76,0.0085,0.155,0.0115,0.011,0.011,0.011,0
-0.017600467083900284,74.0,74.0,0.0,3.0,33.0,38.0,-0.40540540540540543,0.04054054054054054,0.44594594594594594,0.5135135135135135,0.7609528866974083,0.9824981093406677,0.2624431848526001,354.22972972972974,0.0,0.0,0.0,0.76,0.007,0.145,0.0115,0.011,0.012,0.011,0
0.09221082437914063,47.0,47.0,0.0,1.0,28.0,18.0,-0.574468085106383,0.02127659574468085,0.5957446808510638,0.3829787234042553,0.7741964814510751,0.9731135964393616,0.499819815158844,482.531914893617,0.0,0.0,0.0,0.76,0.007,0.155,0.0115,0.0105,0.0105,0.011,1
-0.03326361532540467,33.0,33.0,0.0,2.0,13.0,18.0,-0.3333333333333333,0.06060606060606061,0.3939393939393939,0.5454545454545454,0.7546760168942538,0.9600037932395935,0.26876261830329895,343.93939393939394,0.0,0.0,0.0,0.745,0.007,0.155,0.0115,0.0105,0.0105,0.0105,0
0.06300421524316313,157.0,157.0,0.0,5.0,71.0,81.0,-0.42038216560509556,0.03184713375796178,0.45222929936305734,0.5159235668789809,0.7256843565375941,0.9647296667098999,0.286685973405838,352.26751592356686,0.0,0.0,0.0,0.745,0.007,0.155,0.0115,0.0105,0.0115,0.011,1
0.050358805417239694,358.0,358.0,0.0,26.0,198.0,134.0,-0.48044692737430167,0.07262569832402235,0.553072625698324,0.3743016759776536,0.7511757348336321,0.9837135076522827,0.2562238574028015,287.1173184357542,0.0,0.0,0.0,0.755,0.007,0.16,0.0115,0.0085,0.007,0.015,1
-0.03470600384741651,109.0,109.0,0.0,9.0,36.0,64.0,-0.24770642201834864,0.08256880733944955,0.3302752293577982,0.5871559633027523,0.740449172914575,0.9731407761573792,0.2885821759700775,499.44954128440367,0.0,0.0,0.0,0.76,0.008,0.16,0.0115,0.008,0.007,0.0105,0
-0.047655330199621204,75.0,75.0,0.0,5.0,42.0,28.0,-0.49333333333333335,0.06666666666666667,0.56,0.37333333333333335,0.7660637696584066,0.9819929599761963,0.2576413154602051,339.4533333333333,0.0,0.0,0.0,0.76,0.008,0.165,0.0115,0.0085,0.009,0.0145,0
-0.06265209500599234,244.0,244.0,0.0,8.0,156.0,80.0,-0.6065573770491803,0.03278688524590164,0.639344262295082,0.32786885245901637,0.7643464482465728,0.9809083938598633,0.25550562143325806,359.905737704918,0.0,0.0,0.0,0.765,0.008,0.165,0.0115,0.008,0.0065,0.0125,0
0.056164539011543724,55.0,55.0,0.0,3.0,26.0,26.0,-0.41818181818181815,0.05454545454545454,0.4727272727272727,0.4727272727272727,0.7434229184280742,0.9750158190727234,0.2581316828727722,288.2909090909091,0.0,0.0,0.0,0.755,0.008,0.16,0.0115,0.0095,0.007,0.0155,1
0.03430087591005204,38.0,38.0,0.0,2.0,18.0,18.0,-0.42105263157894735,0.05263157894736842,0.47368421052631576,0.47368421052631576,0.7540463428748282,0.9814596176147461,0.3396514058113098,278.89473684210526,0.0,0.0,0.0,0.76,0.008,0.165,0.0115,0.0095,0.007,0.014,1
-0.0029770957514596574,55.0,55.0,0.0,2.0,21.0,32.0,-0.34545454545454546,0.03636363636363636,0.38181818181818183,0.5818181818181818,0.7489298874681646,0.978245735168457,0.2881150543689728,403.3454545454546,0.0,0.0,0.0,0.755,0.008,0.165,0.0115,0.0095,0.007,0.0115,0
-0.003365647050474152,62.0,62.0,0.0,4.0,24.0,34.0,-0.3225806451612903,0.06451612903225806,0.3870967741935484,0.5483870967741935,0.775893130610066,0.970234215259552,0.37051400542259216,370.5967741935484,0.0,0.0,0.0,0.755,0.008,0.175,0.0115,0.008,0.007,0.0155,0
-0.020885801102014767,11.0,11.0,0.0,1.0,4.0,6.0,-0.2727272727272727,0.09090909090909091,0.36363636363636365,0.5454545454545454,0.7046061537482522,0.8735700845718384,0.5034539103507996,441.54545454545456,0.0,0.0,0.0,0.72,0.008,0.235,0.0115,0.0095,0.007,0.008,0
-0.009405575946047406,23.0,23.0,0.0,1.0,11.0,11.0,-0.43478260869565216,0.043478260869565216,0.4782608695652174,0.4782608695652174,0.7261984244636868,0.9677228927612305,0.3830483555793762,228.91304347826087,0.0,0.0,0.0,0.72,0.008,0.235,0.0115,0.0095,0.007,0.008,0
-0.027235577340732675,0.0,0.0,0.0,0.0,0.0,0.0,0.0,0.0,0.0,0.0,0.0,0.0,0.0,0.0,0.0,0.0,0.0,0.715,0.008,0.235,0.0115,0.008,0.007,0.008,0
-0.01966619620127652,65.0,65.0,0.0,5.0,18.0,42.0,-0.2,0.07692307692307693,0.27692307692307694,0.6461538461538462,0.7519383783523853,0.9728082418441772,0.2633468210697174,403.12307692307695,0.0,0.0,0.0,0.72,0.0085,0.235,0.0115,0.008,0.007,0.011,0
0.03344619026803741,40.0,40.0,0.0,1.0,16.0,23.0,-0.375,0.025,0.4,0.575,0.7723780371248722,0.9667860269546509,0.25422927737236023,375.25,0.0,0.0,0.0,0.725,0.0085,0.235,0.011,0.01,0.0065,0.012,1
-0.033454443001694756,12.0,12.0,0.0,0.0,5.0,7.0,-0.4166666666666667,0.0,0.4166666666666667,0.5833333333333334,0.7868885944286982,0.9339562058448792,0.5209308862686157,161.5,0.0,0.0,0.0,0.725,0.008,0.235,0.011,0.01,0.0065,0.0125,0
0.0008768361288353788,10.0,10.0,0.0,0.0,2.0,8.0,-0.2,0.0,0.2,0.8,0.7835685610771179,0.8863785862922668,0.6122045516967773,313.9,0.0,0.0,0.0,0.74,0.0075,0.23,0.0115,0.007,0.0065,0.0115,1
0.0252229070792076,14.0,14.0,0.0,2.0,4.0,8.0,-0.14285714285714285,0.14285714285714285,0.2857142857142857,0.5714285714285714,0.6481421355690274,0.863116443157196,0.325748473405838,670.1428571428571,0.0,0.0,0.0,0.74,0.008,0.23,0.0115,0.0105,0.0065,0.0115,1
0.05341423680889079,21.0,21.0,0.0,3.0,5.0,13.0,-0.09523809523809523,0.14285714285714285,0.23809523809523808,0.6190476190476191,0.699973871310552,0.9677866101264954,0.27753955125808716,320.0952380952381,0.0,0.0,0.0,0.725,0.008,0.225,0.0115,0.0155,0.0155,0.0095,1
0.024398680733471068,27.0,27.0,0.0,2.0,7.0,18.0,-0.18518518518518517,0.07407407407407407,0.25925925925925924,0.6666666666666666,0.7340584397315979,0.9770722389221191,0.28484755754470825,317.74074074074076,0.0,0.0,0.0,0.725,0.0085,0.225,0.011,0.0075,0.0065,0.012,1
0.007045835171558323,31.0,31.0,0.0,2.0,16.0,13.0,-0.45161290322580644,0.06451612903225806,0.5161290322580645,0.41935483870967744,0.8034465716731164,0.9766844511032104,0.5868282318115234,392.64516129032256,0.0,0.0,0.0,0.725,0.008,0.215,0.011,0.0075,0.0165,0.01,1
-0.0013782263324593202,53.0,53.0,0.0,5.0,15.0,33.0,-0.18867924528301888,0.09433962264150944,0.2830188679245283,0.6226415094339622,0.7099346079916324,0.9683738350868225,0.25602951645851135,623.811320754717,0.0,0.0,0.0,0.725,0.009,0.215,0.0105,0.0075,0.006,0.0115,0
0.008615049753551318,21.0,21.0,0.0,2.0,8.0,11.0,-0.2857142857142857,0.09523809523809523,0.38095238095238093,0.5238095238095238,0.7800939608187902,0.9393405318260193,0.4697219431400299,526.4761904761905,0.0,0.0,0.0,0.725,0.0095,0.215,0.0115,0.0075,0.007,0.0095,1
0.02182103341578312,22.0,22.0,0.0,2.0,14.0,6.0,-0.5454545454545454,0.09090909090909091,0.6363636363636364,0.2727272727272727,0.7221278629519723,0.971345067024231,0.2568981647491455,718.5,0.0,0.0,0.0,0.73,0.01,0.215,0.0115,0.0135,0.0075,0.015,1
0.003773828612896324,52.0,52.0,0.0,1.0,25.0,26.0,-0.46153846153846156,0.019230769230769232,0.4807692307692308,0.5,0.78444004460023,0.9749580025672913,0.3136082589626312,610.7115384615385,0.0,0.0,0.0,0.74,0.009,0.215,0.0115,0.017,0.008,0.0155,1
-0.02508213095696199,93.0,93.0,0.0,7.0,46.0,40.0,-0.41935483870967744,0.07526881720430108,0.4946236559139785,0.43010752688172044,0.7591384146162259,0.9840917587280273,0.2780272364616394,286.8709677419355,0.0,0.0,0.0,0.74,0.01,0.205,0.0115,0.0175,0.0075,0.0155,0
-0.002007576121259902,111.0,111.0,0.0,11.0,54.0,46.0,-0.38738738738738737,0.0990990990990991,0.4864864864864865,0.4144144144144144,0.7322138373379234,0.9771844744682312,0.264973908662796,320.9549549549549,0.0,0.0,0.0,0.735,0.011,0.215,0.0105,0.018,0.0065,0.014,0
0.013304782019950778,77.0,77.0,0.0,5.0,40.0,32.0,-0.45454545454545453,0.06493506493506493,0.5194805194805194,0.4155844155844156,0.7561027674705951,0.9680135846138,0.26859787106513977,362.8961038961039,0.0,0.0,0.0,0.755,0.009,0.21,0.0105,0.0125,0.0065,0.014,1
0.010557474803819744,50.0,50.0,0.0,4.0,19.0,27.0,-0.3,0.08,0.38,0.54,0.7127317440509796,0.9793825149536133,0.29689720273017883,700.64,0.0,0.0,0.0,0.745,0.0075,0.21,0.0095,0.0185,0.0065,0.0145,1
-0.006645110740876703,28.0,28.0,0.0,1.0,14.0,13.0,-0.4642857142857143,0.03571428571428571,0.5,0.4642857142857143,0.7252684384584427,0.9522677063941956,0.26938191056251526,370.7142857142857,0.0,0.0,0.0,0.75,0.0075,0.205,0.009,0.015,0.007,0.0155,0
-0.004582693402243265,24.0,24.0,0.0,6.0,6.0,12.0,0.0,0.25,0.25,0.5,0.703835184375445,0.9654630422592163,0.28988462686538696,669.25,0.0,0.0,0.0,0.75,0.0075,0.205,0.009,0.0185,0.007,0.0155,0
-0.015594035005383589,36.0,36.0,0.0,11.0,5.0,20.0,0.16666666666666666,0.3055555555555556,0.1388888888888889,0.5555555555555556,0.6965158614847395,0.9630252718925476,0.25990989804267883,780.9444444444445,0.0,0.0,0.0,0.755,0.0075,0.19,0.009,0.018,0.007,0.0165,0
-0.01267237183719594,83.0,83.0,0.0,10.0,29.0,44.0,-0.2289156626506024,0.12048192771084337,0.3493975903614458,0.5301204819277109,0.7173686921596527,0.9731566905975342,0.2524891495704651,559.6506024096385,0.0,0.0,0.0,0.76,0.0075,0.19,0.0085,0.0165,0.007,0.0145,0
-0.03242041484964453,16.0,16.0,0.0,3.0,8.0,5.0,-0.3125,0.1875,0.5,0.3125,0.7034817207604647,0.9794122576713562,0.26898467540740967,245.625,0.0,0.0,0.0,0.8,0.0075,0.17,0.008,0.0085,0.007,0.0085,0
0.008281380656255166,9.0,9.0,0.0,1.0,6.0,2.0,-0.5555555555555556,0.1111111111111111,0.6666666666666666,0.2222222222222222,0.7380043135748969,0.9823968410491943,0.5625219345092773,323.55555555555554,0.0,0.0,0.0,0.78,0.0075,0.19,0.0065,0.0085,0.0065,0.0075,1
-0.04492163272121452,37.0,37.0,0.0,6.0,14.0,17.0,-0.21621621621621623,0.16216216216216217,0.3783783783783784,0.4594594594594595,0.7616069341028059,0.9586330652236938,0.2741090953350067,523.7567567567568,0.0,0.0,0.0,0.775,0.0075,0.195,0.0065,0.006,0.0065,0.0075,0
-0.0012980260209154437,30.0,30.0,0.0,3.0,7.0,20.0,-0.13333333333333333,0.1,0.23333333333333334,0.6666666666666666,0.7852031419674556,0.9796231389045715,0.28997889161109924,413.56666666666666,0.0,0.0,0.0,0.775,0.0075,0.19,0.008,0.008,0.005,0.0075,0
0.015240894376765013,17.0,17.0,0.0,1.0,5.0,11.0,-0.23529411764705882,0.058823529411764705,0.29411764705882354,0.6470588235294118,0.7779799279044656,0.9771295189857483,0.5317996740341187,313.29411764705884,0.0,0.0,0.0,0.775,0.0075,0.19,0.008,0.008,0.005,0.0075,1
-0.02136035617392551,47.0,47.0,0.0,7.0,7.0,33.0,0.0,0.14893617021276595,0.14893617021276595,0.7021276595744681,0.6970342137712113,0.976131796836853,0.2926614582538605,402.25531914893617,0.0,0.0,0.0,0.77,0.0065,0.195,0.008,0.007,0.0045,0.007,0
0.04241381366910879,78.0,78.0,0.0,12.0,27.0,39.0,-0.19230769230769232,0.15384615384615385,0.34615384615384615,0.5,0.7483356300836954,0.9602420330047607,0.3337208926677704,411.6923076923077,0.0,0.0,0.0,0.78,0.0065,0.185,0.0075,0.007,0.0045,0.007,1
-0.01435572794822626,47.0,47.0,0.0,3.0,14.0,30.0,-0.23404255319148937,0.06382978723404255,0.2978723404255319,0.6382978723404256,0.737710084052796,0.9672003388404846,0.2596270740032196,1057.872340425532,0.0,0.0,0.0,0.79,0.0065,0.185,0.0075,0.007,0.0045,0.007,0
0.007524336688927491,40.0,40.0,0.0,2.0,26.0,12.0,-0.6,0.05,0.65,0.3,0.7704871885478497,0.9837262034416199,0.4968715012073517,386.575,0.0,0.0,0.0,0.785,0.0055,0.2,0.0075,0.007,0.0045,0.006,1
-0.028051631358074758,25.0,25.0,0.0,0.0,12.0,13.0,-0.48,0.0,0.48,0.52,0.79704740524292,0.9649534821510315,0.49486225843429565,577.12,0.0,0.0,0.0,0.785,0.0055,0.21,0.0075,0.007,0.0045,0.006,0
-0.02605921919948706,11.0,11.0,0.0,1.0,5.0,5.0,-0.36363636363636365,0.09090909090909091,0.45454545454545453,0.45454545454545453,0.7949132214892994,0.9551557898521423,0.5286264419555664,626.2727272727273,0.0,0.0,0.0,0.78,0.006,0.185,0.0075,0.0065,0.0055,0.006,0
-0.010407466649210662,12.0,12.0,0.0,5.0,4.0,3.0,0.08333333333333333,0.4166666666666667,0.3333333333333333,0.25,0.7212590028842291,0.9225542545318604,0.3587542176246643,600.0833333333334,0.0,0.0,0.0,0.78,0.006,0.185,0.0075,0.0065,0.0055,0.006,0
0.006374621169101147,28.0,28.0,0.0,1.0,10.0,17.0,-0.32142857142857145,0.03571428571428571,0.35714285714285715,0.6071428571428571,0.7433511966041156,0.9601998925209045,0.47196975350379944,315.2142857142857,0.0,0.0,0.0,0.78,0.006,0.185,0.0075,0.0065,0.0055,0.0055,1
-0.043054594358384435,54.0,54.0,0.0,4.0,21.0,29.0,-0.3148148148148148,0.07407407407407407,0.3888888888888889,0.5370370370370371,0.7456930031379064,0.9607948064804077,0.25620052218437195,594.0,0.0,0.0,0.0,0.77,0.006,0.2,0.006,0.0065,0.005,0.0055,0
0.043292442257470753,25.0,25.0,0.0,0.0,10.0,15.0,-0.4,0.0,0.4,0.6,0.7363303923606872,0.9370137453079224,0.5005187392234802,732.28,0.0,0.0,0.0,0.77,0.006,0.21,0.006,0.0065,0.0055,0.0055,1
-0.01966175694724548,41.0,41.0,0.0,0.0,31.0,10.0,-0.7560975609756098,0.0,0.7560975609756098,0.24390243902439024,0.809676830361529,0.9793813824653625,0.5470094084739685,299.4634146341463,0.0,0.0,0.0,0.78,0.006,0.195,0.006,0.006,0.006,0.0055,0
0.00716408603257257,30.0,30.0,0.0,0.0,18.0,12.0,-0.6,0.0,0.6,0.4,0.7838601688543956,0.980012834072113,0.5108129978179932,607.0333333333333,0.0,0.0,0.0,0.785,0.006,0.19,0.0065,0.0065,0.007,0.0065,1
0.001044111088264188,12.0,12.0,0.0,1.0,8.0,3.0,-0.5833333333333334,0.08333333333333333,0.6666666666666666,0.25,0.7803523937861124,0.9706145524978638,0.2700793147087097,432.6666666666667,0.0,0.0,0.0,0.785,0.006,0.185,0.0045,0.0055,0.0065,0.006,1
-0.022921772461964807,0.0,0.0,0.0,0.0,0.0,0.0,0.0,0.0,0.0,0.0,0.0,0.0,0.0,0.0,0.0,0.0,0.0,0.8,0.0075,0.18,0.006,0.0055,0.0065,0.005,0
0.018017744604994945,14.0,14.0,0.0,0.0,8.0,6.0,-0.5714285714285714,0.0,0.5714285714285714,0.42857142857142855,0.7460274994373322,0.9830958843231201,0.46772146224975586,1431.2142857142858,0.0,0.0,0.0,0.81,0.0065,0.17,0.005,0.0055,0.0065,0.005,1
0.015600249938763966,29.0,29.0,0.0,6.0,5.0,18.0,0.034482758620689655,0.20689655172413793,0.1724137931034483,0.6206896551724138,0.7274516173477831,0.96499103307724,0.49379685521125793,827.5172413793103,0.0,0.0,0.0,0.825,0.006,0.155,0.0055,0.0055,0.0055,0.005,1
0.007309046280528975,1.0,1.0,0.0,0.0,1.0,0.0,-1.0,0.0,1.0,0.0,0.6384530067443848,0.6384530067443848,0.6384530067443848,338.0,0.0,0.0,0.0,0.82,0.0065,0.16,0.0045,0.0055,0.007,0.0065,1
0.00025788708826191,33.0,33.0,0.0,8.0,10.0,15.0,-0.06060606060606061,0.24242424242424243,0.30303030303030304,0.45454545454545453,0.7034052809079488,0.9816004037857056,0.32857969403266907,591.969696969697,0.0,0.0,0.0,0.825,0.006,0.155,0.0045,0.0055,0.007,0.0045,1
-0.013933657598476756,62.0,62.0,0.0,5.0,27.0,30.0,-0.3548387096774194,0.08064516129032258,0.43548387096774194,0.4838709677419355,0.7598232006834399,0.9672495126724243,0.44360673427581787,364.741935483871,0.0,0.0,0.0,0.83,0.006,0.15,0.0045,0.0055,0.007,0.0045,0
0.038213907680278325,15.0,15.0,0.0,1.0,7.0,7.0,-0.4,0.06666666666666667,0.4666666666666667,0.4666666666666667,0.7609154284000397,0.9689784049987793,0.37669989466667175,467.6666666666667,0.0,0.0,0.0,0.835,0.0065,0.145,0.0045,0.0055,0.007,0.0045,1
-0.02908371244163277,22.0,22.0,0.0,2.0,8.0,12.0,-0.2727272727272727,0.09090909090909091,0.36363636363636365,0.5454545454545454,0.7321051061153412,0.9524371027946472,0.26112425327301025,445.04545454545456,0.0,0.0,0.0,0.84,0.0065,0.14,0.0045,0.0075,0.008,0.0045,0
-0.030081001311243583,17.0,17.0,0.0,0.0,7.0,10.0,-0.4117647058823529,0.0,0.4117647058823529,0.5882352941176471,0.83903568983078,0.9307702779769897,0.6111215949058533,703.5882352941177,0.0,0.0,0.0,0.84,0.0065,0.13,0.0045,0.0055,0.0055,0.0045,0
0.02780116851156933,120.0,120.0,0.0,24.0,47.0,49.0,-0.19166666666666668,0.2,0.39166666666666666,0.4083333333333333,0.7386606740454833,0.9822631478309631,0.28125157952308655,441.875,0.0,0.0,0.0,0.845,0.0065,0.13,0.0045,0.006,0.0055,0.0045,1
0.005337891926791016,131.0,131.0,0.0,5.0,87.0,39.0,-0.6259541984732825,0.03816793893129771,0.6641221374045801,0.29770992366412213,0.7762751636159329,0.9771645665168762,0.27536076307296753,363.0381679389313,0.0,0.0,0.0,0.835,0.0065,0.13,0.0045,0.006,0.0055,0.0045,1
-0.023303818405658205,45.0,45.0,0.0,6.0,19.0,20.0,-0.28888888888888886,0.13333333333333333,0.4222222222222222,0.4444444444444444,0.7818611853652531,0.9674805402755737,0.2789258062839508,312.8666666666667,0.0,0.0,0.0,0.835,0.007,0.135,0.0045,0.006,0.0055,0.0045,0
0.01898719475609667,9.0,9.0,0.0,1.0,2.0,6.0,-0.1111111111111111,0.1111111111111111,0.2222222222222222,0.6666666666666666,0.7191331949498918,0.9385583996772766,0.4008161723613739,399.22222222222223,0.0,0.0,0.0,0.835,0.006,0.135,0.0045,0.006,0.0055,0.0045,1
0.004419747283806785,9.0,9.0,0.0,1.0,4.0,4.0,-0.3333333333333333,0.1111111111111111,0.4444444444444444,0.4444444444444444,0.7796163890096877,0.9666342735290527,0.5414367318153381,1209.4444444444443,0.0,0.0,0.0,0.835,0.006,0.135,0.0045,0.006,0.0055,0.0045,1
-0.015941074163459135,25.0,25.0,0.0,1.0,10.0,14.0,-0.36,0.04,0.4,0.56,0.7174532878398895,0.9369298815727234,0.3092705309391022,338.8,0.0,0.0,0.0,0.835,0.006,0.14,0.0055,0.006,0.0055,0.0045,0
-0.01578340702829273,19.0,19.0,0.0,1.0,7.0,11.0,-0.3157894736842105,0.05263157894736842,0.3684210526315789,0.5789473684210527,0.6919056255566446,0.8574593663215637,0.3834674060344696,189.68421052631578,0.0,0.0,0.0,0.835,0.006,0.14,0.0055,0.006,0.0055,0.0045,0
0.03575962715744829,35.0,35.0,0.0,3.0,14.0,18.0,-0.3142857142857143,0.08571428571428572,0.4,0.5142857142857142,0.750643139226096,0.9755643010139465,0.30498796701431274,241.68571428571428,0.0,0.0,0.0,0.835,0.006,0.14,0.005,0.006,0.0055,0.0045,1
0.024373273789077388,35.0,35.0,0.0,1.0,11.0,23.0,-0.2857142857142857,0.02857142857142857,0.3142857142857143,0.6571428571428571,0.7556412390300206,0.952191948890686,0.36975008249282837,404.0857142857143,0.0,0.0,0.0,0.835,0.006,0.135,0.005,0.006,0.0055,0.0045,1
0.028630458569791628,63.0,63.0,0.0,11.0,12.0,40.0,-0.015873015873015872,0.1746031746031746,0.19047619047619047,0.6349206349206349,0.7234587886976818,0.9668045043945312,0.28339871764183044,435.968253968254,0.0,0.0,0.0,0.835,0.006,0.135,0.005,0.006,0.0055,0.0045,1
0.007468742980051957,81.0,81.0,0.0,5.0,31.0,45.0,-0.32098765432098764,0.06172839506172839,0.38271604938271603,0.5555555555555556,0.7477036206810562,0.9720728993415833,0.3246136009693146,333.04938271604937,0.0,0.0,0.0,0.855,0.006,0.115,0.008,0.006,0.0055,0.0045,1
0.040189006466439636,26.0,26.0,0.0,6.0,8.0,12.0,-0.07692307692307693,0.23076923076923078,0.3076923076923077,0.46153846153846156,0.7299021035432816,0.9502728581428528,0.37535783648490906,293.9230769230769,0.0,0.0,0.0,0.855,0.006,0.115,0.008,0.006,0.0055,0.0045,1
0.0010466052540891724,42.0,42.0,0.0,6.0,20.0,16.0,-0.3333333333333333,0.14285714285714285,0.47619047619047616,0.38095238095238093,0.7202778834672201,0.9589881896972656,0.27911490201950073,475.1666666666667,0.0,0.0,0.0,0.855,0.006,0.125,0.0055,0.006,0.0055,0.0075,1
0.005514179064551428,0.0,0.0,0.0,0.0,0.0,0.0,0.0,0.0,0.0,0.0,0.0,0.0,0.0,0.0,0.0,0.0,0.0,0.855,0.006,0.125,0.0055,0.006,0.0055,0.007,1
-0.01768589666166953,3.0,3.0,0.0,0.0,1.0,2.0,-0.3333333333333333,0.0,0.3333333333333333,0.6666666666666666,0.6701661547025045,0.6903509497642517,0.6376727223396301,599.3333333333334,0.0,0.0,0.0,0.855,0.006,0.125,0.006,0.006,0.0055,0.0095,0
0.003714270336825365,13.0,13.0,0.0,1.0,9.0,3.0,-0.6153846153846154,0.07692307692307693,0.6923076923076923,0.23076923076923078,0.7730492972410642,0.953725278377533,0.3090112507343292,462.61538461538464,0.0,0.0,0.0,0.85,0.006,0.125,0.006,0.006,0.0055,0.0095,1
0.025696485901317345,42.0,42.0,0.0,2.0,12.0,28.0,-0.23809523809523808,0.047619047619047616,0.2857142857142857,0.6666666666666666,0.7648839638346717,0.9784983992576599,0.324598103761673,358.9761904761905,0.0,0.0,0.0,0.84,0.006,0.125,0.006,0.006,0.0055,0.01,1
0.028635017009827735,42.0,42.0,0.0,1.0,16.0,25.0,-0.35714285714285715,0.023809523809523808,0.38095238095238093,0.5952380952380952,0.7638264085565295,0.9779476523399353,0.3326995372772217,341.0238095238095,0.0,0.0,0.0,0.845,0.006,0.12,0.006,0.006,0.0055,0.0135,1
-0.02771761857482602,47.0,47.0,0.0,4.0,18.0,25.0,-0.2978723404255319,0.0851063829787234,0.3829787234042553,0.5319148936170213,0.7208846129001455,0.9778409600257874,0.29854002594947815,644.2127659574468,0.0,0.0,0.0,0.85,0.0065,0.115,0.005,0.005,0.0055,0.005,0
-0.020686995005648967,91.0,91.0,0.0,11.0,38.0,42.0,-0.2967032967032967,0.12087912087912088,0.4175824175824176,0.46153846153846156,0.7387464986397669,0.9681891798973083,0.2771662473678589,288.0879120879121,0.0,0.0,0.0,0.85,0.0065,0.115,0.005,0.005,0.0055,0.005,0
0.00103209494009171,30.0,30.0,0.0,1.0,9.0,20.0,-0.26666666666666666,0.03333333333333333,0.3,0.6666666666666666,0.7763738850752513,0.9363411068916321,0.5525088310241699,350.26666666666665,0.0,0.0,0.0,0.86,0.0055,0.12,0.005,0.005,0.0055,0.005,1
0.0036982684924087295,75.0,75.0,0.0,6.0,30.0,39.0,-0.32,0.08,0.4,0.52,0.7366864681243896,0.9789280891418457,0.26227304339408875,405.6,0.0,0.0,0.0,0.86,0.0055,0.115,0.005,0.005,0.0055,0.0045,1
-0.010525229750756537,84.0,84.0,0.0,9.0,48.0,27.0,-0.4642857142857143,0.10714285714285714,0.5714285714285714,0.32142857142857145,0.737522793667657,0.9762380123138428,0.26338985562324524,490.01190476190476,0.0,0.0,0.0,0.87,0.0055,0.11,0.005,0.005,0.0055,0.0045,0
-0.044280758670735665,33.0,33.0,0.0,2.0,13.0,18.0,-0.3333333333333333,0.06060606060606061,0.3939393939393939,0.5454545454545454,0.7603398796283838,0.9621500372886658,0.5174261927604675,815.7272727272727,0.0,0.0,0.0,0.885,0.0055,0.09,0.005,0.005,0.0055,0.0045,0
0.004485609622816966,14.0,14.0,0.0,2.0,9.0,3.0,-0.5,0.14285714285714285,0.6428571428571429,0.21428571428571427,0.758700526186398,0.9455130696296692,0.25450167059898376,670.3571428571429,0.0,0.0,0.0,0.895,0.005,0.085,0.005,0.0045,0.0055,0.0045,1
-0.049502623521370026,23.0,23.0,0.0,0.0,11.0,12.0,-0.4782608695652174,0.0,0.4782608695652174,0.5217391304347826,0.7461441340653793,0.9616308808326721,0.49998939037323,455.82608695652175,0.0,0.0,0.0,0.895,0.0045,0.085,0.005,0.0045,0.0055,0.0045,0
-0.004913576864694846,30.0,30.0,0.0,3.0,9.0,18.0,-0.2,0.1,0.3,0.6,0.7421894639730453,0.9734146595001221,0.4034287631511688,494.8,0.0,0.0,0.0,0.875,0.0045,0.105,0.005,0.0045,0.0055,0.0045,0
0.010136967185010448,29.0,29.0,0.0,0.0,19.0,10.0,-0.6551724137931034,0.0,0.6551724137931034,0.3448275862068966,0.7992408614734123,0.9551597237586975,0.495559424161911,344.13793103448273,0.0,0.0,0.0,0.875,0.0055,0.105,0.005,0.0045,0.0055,0.0045,1
0.0014429739259664842,16.0,16.0,0.0,0.0,11.0,5.0,-0.6875,0.0,0.6875,0.3125,0.7801848091185093,0.9341873526573181,0.5183370113372803,765.0,0.0,0.0,0.0,0.875,0.0045,0.11,0.005,0.0035,0.005,0.0045,1
-0.04087145290153238,14.0,14.0,0.0,0.0,8.0,6.0,-0.5714285714285714,0.0,0.5714285714285714,0.42857142857142855,0.8385251121861594,0.9641940593719482,0.6011501550674438,456.42857142857144,0.0,0.0,0.0,0.87,0.005,0.115,0.005,0.0035,0.005,0.0045,0
0.005668297136786293,7.0,7.0,0.0,1.0,4.0,2.0,-0.42857142857142855,0.14285714285714285,0.5714285714285714,0.2857142857142857,0.6017507527555738,0.9120210409164429,0.3632199466228485,185.14285714285714,0.0,0.0,0.0,0.87,0.005,0.115,0.005,0.0035,0.005,0.0045,1
-0.029543787686314715,43.0,43.0,0.0,3.0,28.0,12.0,-0.5813953488372093,0.06976744186046512,0.6511627906976745,0.27906976744186046,0.7830963682296664,0.977124035358429,0.301424115896225,383.93023255813955,0.0,0.0,0.0,0.825,0.005,0.115,0.005,0.0035,0.005,0.0045,0
0.011697388590560465,74.0,74.0,0.0,6.0,26.0,42.0,-0.2702702702702703,0.08108108108108109,0.35135135135135137,0.5675675675675675,0.7452511654512303,0.9756567478179932,0.2522258162498474,394.63513513513516,0.0,0.0,0.0,0.855,0.003,0.115,0.005,0.0035,0.005,0.0035,1
-0.006294995655865776,53.0,53.0,0.0,2.0,28.0,23.0,-0.49056603773584906,0.03773584905660377,0.5283018867924528,0.4339622641509434,0.76496647720067,0.9678932428359985,0.3473277986049652,509.9433962264151,0.0,0.0,0.0,0.855,0.003,0.135,0.005,0.0035,0.005,0.0035,0
-0.0229853353750471,57.0,57.0,0.0,4.0,26.0,27.0,-0.38596491228070173,0.07017543859649122,0.45614035087719296,0.47368421052631576,0.7403041767446619,0.9581563472747803,0.2748974859714508,355.50877192982455,0.0,0.0,0.0,0.845,0.005,0.14,0.005,0.0035,0.005,0.0035,0
0.01838246024056467,34.0,34.0,0.0,2.0,8.0,24.0,-0.17647058823529413,0.058823529411764705,0.23529411764705882,0.7058823529411765,0.715456485748291,0.9786052107810974,0.29844194650650024,259.02941176470586,0.0,0.0,0.0,0.825,0.005,0.155,0.005,0.0035,0.005,0.004,1
-0.021354275125062827,107.0,107.0,0.0,7.0,56.0,44.0,-0.45794392523364486,0.06542056074766354,0.5233644859813084,0.411214953271028,0.7673204140128377,0.9771816730499268,0.3061464726924896,428.4859813084112,0.0,0.0,0.0,0.825,0.005,0.16,0.005,0.0035,0.005,0.004,0
0.028711754640472265,60.0,60.0,0.0,3.0,23.0,34.0,-0.3333333333333333,0.05,0.38333333333333336,0.5666666666666667,0.7236928775906563,0.9563826322555542,0.27916282415390015,299.45,0.0,0.0,0.0,0.775,0.004,0.205,0.003,0.0035,0.005,0.004,1
0.0036630444996337275,54.0,54.0,0.0,1.0,29.0,24.0,-0.5185185185185185,0.018518518518518517,0.5370370370370371,0.4444444444444444,0.8045741761172259,0.9812976121902466,0.5072445869445801,501.44444444444446,0.0,0.0,0.0,0.785,0.0035,0.185,0.0035,0.0035,0.0045,0.0035,1
-0.14214831914414638,262.0,262.0,0.0,11.0,162.0,89.0,-0.5763358778625954,0.04198473282442748,0.6183206106870229,0.33969465648854963,0.7685179135954107,0.9807871580123901,0.2610810101032257,362.0419847328244,0.0,0.0,0.0,0.555,0.0035,0.425,0.0035,0.0035,0.0035,0.0035,0
-0.002586837699034561,146.0,146.0,0.0,11.0,78.0,57.0,-0.4589041095890411,0.07534246575342465,0.5342465753424658,0.3904109589041096,0.7462741420285343,0.9775936603546143,0.25028783082962036,360.7328767123288,0.0,0.0,0.0,0.67,0.0025,0.315,0.0025,0.003,0.0025,0.0025,0
0.05448159325264079,115.0,115.0,0.0,7.0,68.0,40.0,-0.5304347826086957,0.06086956521739131,0.591304347826087,0.34782608695652173,0.755611968299617,0.9853392839431763,0.259340763092041,425.1391304347826,0.0,0.0,0.0,0.67,0.0025,0.32,0.003,0.003,0.003,0.003,1
-0.011043493011344552,65.0,65.0,0.0,2.0,25.0,38.0,-0.35384615384615387,0.03076923076923077,0.38461538461538464,0.5846153846153846,0.7677752944139334,0.9645290970802307,0.30354270339012146,465.7230769230769,0.0,0.0,0.0,0.66,0.0015,0.315,0.0025,0.0025,0.0025,0.0025,0
-0.025419202148452058,147.0,147.0,0.0,3.0,90.0,54.0,-0.5918367346938775,0.02040816326530612,0.6122448979591837,0.3673469387755102,0.7636053262113713,0.9837783575057983,0.26176443696022034,398.5034013605442,0.0,0.0,0.0,0.685,0.0015,0.3,0.0025,0.0025,0.0025,0.0025,0
-0.006368417134641646,141.0,141.0,0.0,8.0,72.0,61.0,-0.45390070921985815,0.05673758865248227,0.5106382978723404,0.4326241134751773,0.7315369364640392,0.9826769232749939,0.26529571413993835,291.98581560283685,0.0,0.0,0.0,0.64,0.0015,0.335,0.0025,0.0025,0.0025,0.0025,0
0.022374314418961205,107.0,107.0,0.0,4.0,52.0,51.0,-0.4485981308411215,0.037383177570093455,0.48598130841121495,0.4766355140186916,0.7266575437839901,0.9788727760314941,0.315848171710968,377.196261682243,0.0,0.0,0.0,0.635,0.0025,0.34,0.0035,0.0035,0.0035,0.0035,1
-0.0026591732033605098,117.0,117.0,0.0,4.0,73.0,40.0,-0.5897435897435898,0.03418803418803419,0.6239316239316239,0.3418803418803419,0.7723150171785274,0.9774717688560486,0.42373406887054443,345.13675213675214,0.0,0.0,0.0,0.58,0.0025,0.39,0.0035,0.0035,0.0035,0.0035,0
-0.05059356333654996,481.0,481.0,0.0,22.0,276.0,183.0,-0.5280665280665281,0.04573804573804574,0.5738045738045738,0.3804573804573805,0.7596983858180889,0.9815447330474854,0.27689096331596375,286.36382536382536,0.0,0.0,0.0,0.585,0.0025,0.38,0.0035,0.0035,0.0035,0.0035,0
-0.006847213753719217,359.0,359.0,0.0,14.0,253.0,92.0,-0.6657381615598886,0.03899721448467967,0.7047353760445683,0.2562674094707521,0.779875364808319,0.9818560481071472,0.324247270822525,373.974930362117,0.0,0.0,0.0,0.575,0.0025,0.385,0.0035,0.0035,0.0035,0.0035,0
0.07275255116399393,186.0,186.0,0.0,6.0,129.0,51.0,-0.6612903225806451,0.03225806451612903,0.6935483870967742,0.27419354838709675,0.7884351760149002,0.985929548740387,0.3300279378890991,392.2204301075269,0.0,0.0,0.0,0.605,0.0025,0.355,0.0035,0.0035,0.0035,0.0035,1
0.00239520015812289,179.0,179.0,0.0,12.0,85.0,82.0,-0.40782122905027934,0.0670391061452514,0.4748603351955307,0.4581005586592179,0.7541018474701396,0.9843307137489319,0.2798644006252289,329.30167597765364,0.0,0.0,0.0,0.6,0.0025,0.345,0.0035,0.0035,0.0035,0.0035,1
0.015271837176342729,86.0,86.0,0.0,5.0,39.0,42.0,-0.3953488372093023,0.05813953488372093,0.45348837209302323,0.4883720930232558,0.7403865078854006,0.9766547679901123,0.25034546852111816,313.13953488372096,0.0,0.0,0.0,0.595,0.0025,0.385,0.0035,0.0035,0.0035,0.0035,1
-0.04180476339847061,133.0,133.0,0.0,7.0,58.0,68.0,-0.38345864661654133,0.05263157894736842,0.43609022556390975,0.5112781954887218,0.7417451748274323,0.9609184861183167,0.2836746275424957,416.17293233082705,0.0,0.0,0.0,0.575,0.0025,0.395,0.0035,0.0035,0.0035,0.0035,0
0.013036819055283644,152.0,152.0,0.0,12.0,64.0,76.0,-0.34210526315789475,0.07894736842105263,0.42105263157894735,0.5,0.7348073317032111,0.9759829044342041,0.2756129801273346,311.79605263157896,0.0,0.0,0.0,0.525,0.0025,0.435,0.0035,0.0035,0.0035,0.0035,1
0.0011935616057847653,62.0,62.0,0.0,4.0,20.0,38.0,-0.25806451612903225,0.06451612903225806,0.3225806451612903,0.6129032258064516,0.7352357699025062,0.9764810800552368,0.28913167119026184,234.53225806451613,0.0,0.0,0.0,0.565,0.0025,0.415,0.0035,0.0035,0.0035,0.0035,1
-0.011072205077542918,0.0,0.0,0.0,0.0,0.0,0.0,0.0,0.0,0.0,0.0,0.0,0.0,0.0,0.0,0.0,0.0,0.0,0.605,0.0025,0.365,0.0035,0.0035,0.0035,0.0035,0
-0.0050027944692985216,9.0,9.0,0.0,0.0,2.0,7.0,-0.2222222222222222,0.0,0.2222222222222222,0.7777777777777778,0.7757918238639832,0.8959830403327942,0.49628758430480957,964.2222222222222,0.0,0.0,0.0,0.645,0.0025,0.345,0.0035,0.0035,0.0035,0.0035,0
0.02466842371756961,114.0,114.0,0.0,8.0,57.0,49.0,-0.4298245614035088,0.07017543859649122,0.5,0.4298245614035088,0.738031255048618,0.9844618439674377,0.264749139547348,302.2719298245614,0.0,0.0,0.0,0.645,0.0025,0.315,0.0035,0.0035,0.0035,0.0035,1
-0.0020129044053529555,145.0,145.0,0.0,9.0,55.0,81.0,-0.31724137931034485,0.06206896551724138,0.3793103448275862,0.5586206896551724,0.7318339218353404,0.9710182547569275,0.26949140429496765,339.5793103448276,0.0,0.0,0.0,0.695,0.0025,0.28,0.0035,0.0035,0.0035,0.0035,0
-0.0013604637209745363,108.0,108.0,0.0,8.0,29.0,71.0,-0.19444444444444445,0.07407407407407407,0.26851851851851855,0.6574074074074074,0.760153654548857,0.9688513875007629,0.32702699303627014,348.77777777777777,0.0,0.0,0.0,0.57,0.0015,0.43,0.0025,0.0025,0.0025,0.0025,0
-0.004792416948548706,96.0,96.0,0.0,2.0,40.0,54.0,-0.3958333333333333,0.020833333333333332,0.4166666666666667,0.5625,0.7526404441644748,0.9758171439170837,0.370141863822937,353.3645833333333,0.0,0.0,0.0,0.55,0.0015,0.435,0.0025,0.0025,0.0025,0.0025,0
0.014120944793122092,152.0,152.0,0.0,13.0,56.0,83.0,-0.28289473684210525,0.08552631578947369,0.3684210526315789,0.5460526315789473,0.7186824069603494,0.9699506759643555,0.2968345284461975,465.2236842105263,0.0,0.0,0.0,0.58,0.0015,0.42,0.0025,0.0025,0.0025,0.0015,1
0.056347651223271455,97.0,97.0,0.0,5.0,39.0,53.0,-0.35051546391752575,0.05154639175257732,0.4020618556701031,0.5463917525773195,0.7630036734428602,0.9833469986915588,0.2665783762931824,428.35051546391753,0.0,0.0,0.0,0.575,0.0015,0.425,0.0025,0.0025,0.0025,0.0015,1
0.017113099943554033,94.0,94.0,0.0,9.0,53.0,32.0,-0.46808510638297873,0.09574468085106383,0.5638297872340425,0.3404255319148936,0.7789889735744354,0.9764946103096008,0.29027897119522095,423.09574468085106,0.0,0.0,0.0,0.63,0.0015,0.35,0.0015,0.0015,0.0015,0.0015,1
-0.038194783572842894,73.0,73.0,0.0,9.0,23.0,41.0,-0.1917808219178082,0.1232876712328767,0.3150684931506849,0.5616438356164384,0.7301118137085274,0.9797670841217041,0.32456010580062866,327.6575342465753,0.0,0.0,0.0,0.65,0.001,0.35,0.0015,0.0015,0.0015,0.0015,0
0.014728326418129711,130.0,130.0,0.0,7.0,59.0,64.0,-0.4,0.05384615384615385,0.45384615384615384,0.49230769230769234,0.752315215422557,0.9768438935279846,0.306872695684433,274.5615384615385,0.0,0.0,0.0,0.665,0.001,0.335,0.0015,0.0015,0.0015,0.0015,1
0.008727247106035563,94.0,94.0,0.0,11.0,27.0,56.0,-0.1702127659574468,0.11702127659574468,0.2872340425531915,0.5957446808510638,0.745401344717817,0.9501824378967285,0.2706362009048462,424.90425531914894,0.0,0.0,0.0,0.67,0.0025,0.325,0.001,0.002,0.0005,0.0005,1
0.030647502302608487,214.0,214.0,0.0,9.0,129.0,76.0,-0.5607476635514018,0.04205607476635514,0.602803738317757,0.35514018691588783,0.7514407553962458,0.9779154062271118,0.26059985160827637,332.6448598130841,0.0,0.0,0.0,0.675,0.0015,0.335,0.0005,0.0015,0.0005,0.0005,1
-0.005612954740563225,84.0,84.0,0.0,7.0,33.0,44.0,-0.30952380952380953,0.08333333333333333,0.39285714285714285,0.5238095238095238,0.7070704283458846,0.9859809875488281,0.26244354248046875,415.57142857142856,0.0,0.0,0.0,0.705,0.001,0.305,0.0005,0.0015,0.0005,0.0005,0
0.01227262602319179,175.0,175.0,0.0,12.0,83.0,80.0,-0.4057142857142857,0.06857142857142857,0.4742857142857143,0.45714285714285713,0.762881635768073,0.9826743006706238,0.3164480924606323,348.63428571428574,0.0,0.0,0.0,0.71,0.001,0.29,0.0005,0.0015,0.0005,0.0005,1
0.007938057328257031,177.0,177.0,0.0,5.0,85.0,87.0,-0.4519774011299435,0.02824858757062147,0.480225988700565,0.4915254237288136,0.746111608494473,0.9752122163772583,0.32014280557632446,385.6666666666667,0.0,0.0,0.0,0.735,0.001,0.265,0.0005,0.0005,0.0005,0.0005,1
0.018020133050582032,104.0,104.0,0.0,9.0,45.0,50.0,-0.34615384615384615,0.08653846153846154,0.4326923076923077,0.4807692307692308,0.7383847087621689,0.9826328754425049,0.28736117482185364,385.75,0.0,0.0,0.0,0.755,0.0005,0.255,0.0005,0.0005,0.0005,0.0005,1
0.010327798913849051,65.0,65.0,0.0,2.0,30.0,33.0,-0.4307692307692308,0.03076923076923077,0.46153846153846156,0.5076923076923077,0.7474815850074474,0.952523410320282,0.26604074239730835,394.95384615384614,0.0,0.0,0.0,0.745,0.0005,0.255,0.0005,0.0005,0.0005,0.0005,1
0.19700052563059067,270.0,270.0,0.0,11.0,155.0,104.0,-0.5333333333333333,0.040740740740740744,0.5740740740740741,0.3851851851851852,0.7581896751015275,0.9839155077934265,0.27958935499191284,324.5888888888889,0.0,0.0,0.0,0.9835,0.0005,0.016,0.0005,0.0005,0.0005,0.0005,1
0.05436659836092694,277.0,277.0,0.0,15.0,154.0,108.0,-0.5018050541516246,0.05415162454873646,0.555956678700361,0.3898916967509025,0.7439899051877996,0.9816048741340637,0.29496172070503235,335.94945848375454,0.0,0.0,0.0,0.998,0.0005,0.0015,0.0005,0.0005,0.0005,0.0005,1
0.04806719714189889,108.0,108.0,0.0,5.0,53.0,50.0,-0.4444444444444444,0.046296296296296294,0.49074074074074076,0.46296296296296297,0.7270447062673392,0.9733364582061768,0.2677834928035736,338.94444444444446,0.0,0.0,0.0,0.988,0.0065,0.002,0.0005,0.003,0.001,0.0005,1
-0.0029885279796335595,45.0,45.0,0.0,1.0,19.0,25.0,-0.4,0.022222222222222223,0.4222222222222222,0.5555555555555556,0.7384060409333971,0.9665459394454956,0.4814581573009491,633.7555555555556,0.0,0.0,0.0,0.987,0.0015,0.004,0.0015,0.0005,0.0015,0.0005,0
0.07217846193741728,0.0,0.0,0.0,0.0,0.0,0.0,0.0,0.0,0.0,0.0,0.0,0.0,0.0,0.0,0.0,0.0,0.0,0.99,0.0015,0.0025,0.002,0.0005,0.0015,0.0005,1
0.03337014994999343,101.0,101.0,0.0,8.0,53.0,40.0,-0.44554455445544555,0.07920792079207921,0.5247524752475248,0.39603960396039606,0.7566863018097264,0.9829609990119934,0.30531102418899536,433.8217821782178,0.0,0.0,0.0,0.9915,0.001,0.004,0.001,0.001,0.001,0.001,1
-0.0076909713557355985,92.0,92.0,0.0,9.0,42.0,41.0,-0.358695652173913,0.09782608695652174,0.45652173913043476,0.44565217391304346,0.7376216795781384,0.9785236120223999,0.250900000333786,480.4673913043478,0.0,0.0,0.0,0.9885,0.002,0.003,0.001,0.001,0.001,0.001,0
-0.010609821618730919,140.0,140.0,0.0,15.0,54.0,71.0,-0.2785714285714286,0.10714285714285714,0.38571428571428573,0.5071428571428571,0.7434036333646094,0.98759925365448,0.2547493875026703,336.7214285714286,0.0,0.0,0.0,0.985,0.002,0.003,0.001,0.0005,0.0005,0.001,0
-0.024795760849878334,249.0,249.0,0.0,10.0,149.0,90.0,-0.5582329317269076,0.040160642570281124,0.5983935742971888,0.3614457831325301,0.7670249178945778,0.9852789640426636,0.256860613822937,337.0240963855422,0.0,0.0,0.0,0.994,0.0015,0.003,0.001,0.0005,0.0005,0.001,0
-0.03730937602556139,82.0,82.0,0.0,7.0,40.0,35.0,-0.4024390243902439,0.08536585365853659,0.4878048780487805,0.4268292682926829,0.7407198406574202,0.9778432250022888,0.2632289230823517,341.8658536585366,0.0,0.0,0.0,0.987,0.0005,0.0025,0.0005,0.0005,0.0005,0.0005,0
0.030000172998951413,90.0,90.0,0.0,4.0,37.0,49.0,-0.36666666666666664,0.044444444444444446,0.4111111111111111,0.5444444444444444,0.7600258770916197,0.9765555262565613,0.35173293948173523,447.0,0.0,0.0,0.0,0.9915,0.002,0.0025,0.001,0.001,0.001,0.0005,1
0.002155277175154069,148.0,148.0,0.0,13.0,60.0,75.0,-0.31756756756756754,0.08783783783783784,0.40540540540540543,0.5067567567567568,0.7184701004141086,0.9757519960403442,0.2517777979373932,301.97972972972974,0.0,0.0,0.0,0.996,0.002,0.0015,0.001,0.001,0.001,0.0005,1
0.008867833357420807,134.0,134.0,0.0,7.0,75.0,52.0,-0.5074626865671642,0.05223880597014925,0.5597014925373134,0.3880597014925373,0.7552702202280955,0.9840144515037537,0.25399529933929443,368.47014925373134,0.0,0.0,0.0,0.991,0.002,0.0015,0.001,0.001,0.001,0.001,1
-0.03452149826908979,188.0,188.0,0.0,13.0,118.0,57.0,-0.5585106382978723,0.06914893617021277,0.6276595744680851,0.30319148936170215,0.7555824553078794,0.9761843681335449,0.2587326169013977,360.56382978723406,0.0,0.0,0.0,0.9905,0.002,0.0015,0.001,0.001,0.001,0.001,0
0.03726549459586437,134.0,134.0,0.0,4.0,74.0,56.0,-0.5223880597014925,0.029850746268656716,0.5522388059701493,0.417910447761194,0.7580277132454203,0.9843517541885376,0.34764233231544495,416.5,0.0,0.0,0.0,0.9895,0.002,0.0015,0.001,0.0005,0.0005,0.0005,1
-0.022278476955177595,51.0,51.0,0.0,5.0,29.0,17.0,-0.47058823529411764,0.09803921568627451,0.5686274509803921,0.3333333333333333,0.719816547982833,0.9718276262283325,0.366548627614975,450.4313725490196,0.0,0.0,0.0,0.991,0.002,0.0015,0.001,0.001,0.0005,0.0005,0
0.001977290651014485,1.0,1.0,0.0,1.0,0.0,0.0,1.0,1.0,0.0,0.0,0.9397420287132263,0.9397420287132263,0.9397420287132263,92.0,0.0,0.0,0.0,0.989,0.002,0.0015,0.001,0.001,0.0005,0.0005,1
