pLLA;pUP;USDT;MERVAL;actividad;prediccion
-0.010465434;0.006733383;0.001005561;-0.021938375;VERDADERO;VERDADERO
-0.010723865;0;-0.000358862;0.002339115;VERDADERO;VERDADERO
-0.007299239;0.050409503;0.001004067;0.012712117;VERDADERO;VERDADERO
-0.030489322;0.034304231;0.000429605;0.006163417;VERDADERO;
0;-0.005532489;0.002853222;;FALSO;
0.003930294;-0.005603878;0.001171515;;FALSO;FALSO
0;0;0.004724855;-0.024932319;VERDADERO;VERDADERO
0;0;-0.001616177;0.02572092;VERDADERO;VERDADERO
0;0;-0.001692883;0.001785815;VERDADERO;VERDADERO
-0.206473888;0.185391282;-7.07E-05;0.001559853;VERDADERO;FALSO
0.085430195;-0.038458252;0.001763563;-0.008312129;VERDADERO;
0.00513964;-0.004039978;-0.001304347;;FALSO;
-0.084320886;0.046163184;-0.000211885;;FALSO;FALSO
-0.11270428;0.067467839;-0.00017665;-0.002972942;VERDADERO;FALSO
0.052936075;-0.029071448;0.000670889;-0.012285144;VERDADERO;FALSO
0.027583522;0.003327943;0.000105835;-0.001498234;VERDADERO;FALSO
-0.013572807;0;0.000141073;-0.015819744;VERDADERO;VERDADERO
0.006839425;0;0.001478511;0.002397558;VERDADERO;
-0.172711518;0.05299042;0.0006672;;FALSO;
0.065501549;-0.008893713;0.001331333;;FALSO;
0.139879086;-0.075008172;-0.001155924;;FALSO;
0.030382629;-0.00357446;-0.00203911;;FALSO;VERDADERO
-0.017973371;0;0.002564912;0.016278734;VERDADERO;FALSO
0.012064511;0.00357446;0.000560154;-0.003784432;VERDADERO;FALSO
0;-0.010812869;-0.001331548;-0.001512401;VERDADERO;
0;0;-0.000175508;;FALSO;
0.095718532;-0.062709737;0.000701607;;FALSO;FALSO
0;0;7.01E-05;-0.024368565;VERDADERO;VERDADERO
-0.034762106;-0.008515851;0.000140163;0.004173591;VERDADERO;VERDADERO
-0.098204483;0.008515851;0.000770088;0.022234192;VERDADERO;FALSO
0.071552289;0.047860616;0.000908347;-0.007858138;VERDADERO;VERDADERO
0.010857928;-0.015374862;0.003510663;0.019664559;VERDADERO;
0;0.007755465;-0.000138498;;FALSO;
-0.010857928;-0.007755465;0.000761192;;FALSO;VERDADERO
0.031791834;-0.015939201;0.004710361;0.001990787;VERDADERO;FALSO
0.010100327;0;0.014163215;-0.010826431;VERDADERO;VERDADERO
-0.02044116;0.012008907;-0.006368411;0.019208494;VERDADERO;FALSO
0.010340833;-0.003966187;0.002945742;-0.005563408;VERDADERO;VERDADERO
0;-0.024589273;0.002428556;0.013034963;VERDADERO;
-0.00513964;0.024589273;0.001820805;;FALSO;
0.00513964;-0.020393159;-0.000231315;;FALSO;
0;0.012350438;0.000462507;;FALSO;VERDADERO
0;-0.004077912;-0.001488387;0.009556294;VERDADERO;FALSO
0.010100327;-0.038534131;0.001323263;-0.008410652;VERDADERO;FALSO
0;0.01754964;-0.000958963;-0.004991841;VERDADERO;FALSO
0;0;0.005362744;-0.006077365;VERDADERO;
0;0;-0.003908595;;FALSO;
0;0.004278798;0.00381049;;FALSO;FALSO
0.00496342;0.004237053;0.000522971;-0.007328817;VERDADERO;VERDADERO
0.004907334;0;-0.001210327;0.003287314;VERDADERO;
0.009651386;0;0.001373626;;FALSO;FALSO
0;0;-0.00068627;-0.015165974;VERDADERO;FALSO
0;0;0.002250827;-0.03327444;VERDADERO;
0;0;0.003209207;;FALSO;
0;0;0.001579665;;FALSO;FALSO
-0.01455872;-0.004237053;0.007781663;-0.017200276;VERDADERO;FALSO
0.004907334;0;0.002866849;-0.007643785;VERDADERO;VERDADERO
-0.009870754;0;-0.003752777;0.040179875;VERDADERO;FALSO
-0.010100327;0.004237053;0.003595748;-0.014579431;VERDADERO;VERDADERO
0.010100327;0;-0.022497985;0.027362332;VERDADERO;
0;0;0.005522438;;FALSO;
0;0;-0.007080061;;FALSO;VERDADERO
0;0;-0.013727243;0.021870551;VERDADERO;FALSO
0;0.004196115;-0.003474787;-0.015072721;VERDADERO;FALSO
0;0;-0.016187198;-0.020696352;VERDADERO;
0;0.012350438;-0.002048478;;FALSO;
0;-0.004077912;0.001761554;;FALSO;
0;0.004077912;-0.000251214;;FALSO;
-0.031034234;0.012008907;-0.003568527;;FALSO;FALSO
-0.010857928;0.019305155;-0.018938432;-0.027209378;VERDADERO;VERDADERO
-0.198657087;0.063153801;0.012153583;0.024391869;VERDADERO;VERDADERO
-0.026872146;0.006482128;0.007652643;0.014896681;VERDADERO;FALSO
0.043905486;0.021954576;0.004170064;-0.001292888;VERDADERO;FALSO
-0.025807264;0.01502899;-0.001110499;-0.001461779;VERDADERO;
0.008773924;-0.002964479;0.000430208;;FALSO;
-0.026872146;0;0.000608732;;FALSO;FALSO
0.018098222;0;-0.002548031;-0.009070589;VERDADERO;FALSO
-0.008954843;0.002964479;-0.000648362;-0.00408479;VERDADERO;FALSO
0;0.002944381;0.000756328;-0.011828262;VERDADERO;
0;0.005829544;-3.60E-05;;FALSO;
0;0;-0.000143973;;FALSO;
0;-0.002904991;0.000215942;;FALSO;
-0.14976232;0.036328746;0.000287755;;FALSO;FALSO
0.04830468;-0.005395032;0.000467196;-0.008540947;VERDADERO;VERDADERO
0.06366908;-0.051831638;0.002078311;0.014525676;VERDADERO;FALSO
0;0.009079658;-0.012879409;-0.014529207;VERDADERO;VERDADERO
0;0;-0.005447048;0.000380883;VERDADERO;VERDADERO
0;0.002984854;-0.000149178;0.010954014;VERDADERO;
0;0.002964479;0.005485742;;FALSO;
0;0;-0.004182168;;FALSO;VERDADERO
0.028645181;0;-0.001079826;0.023197562;VERDADERO;VERDADERO
0;0;-0.000372977;0.010596309;VERDADERO;VERDADERO
0.009143379;0;0.000335694;0.003059967;VERDADERO;FALSO
0;0.002944381;0.002972595;-0.000598603;VERDADERO;VERDADERO
0.034762106;-0.014925678;0.003760787;0.003741469;VERDADERO;
0.008272526;0;-0.001139543;;FALSO;
0.126982479;-0.065430926;-0.000994948;;FALSO;VERDADERO
-0.012409258;-0.007119741;-0.00084935;0.0094768;VERDADERO;VERDADERO
-0.114573221;0.072550667;0.001107518;0.001638907;VERDADERO;FALSO
0.046576142;-0.01861547;-0.000774966;-0.010893125;VERDADERO;FALSO
0.067997079;-0.043298882;-0.002816254;-0.000871786;VERDADERO;VERDADERO
-0.053519256;0.017168025;-0.000967663;0.00577824;VERDADERO;
-0.014477823;0.003353642;0.001487821;;FALSO;
0;-0.003353642;-7.43E-05;;FALSO;VERDADERO
0;0.016515088;-0.000520247;0.004585007;VERDADERO;FALSO
0.028488538;-0.003253157;0.004291921;-0.002885889;VERDADERO;FALSO
0;0.003253157;0.001763635;-0.001990377;VERDADERO;FALSO
0.033168363;-0.037199687;0.005067161;-0.006772358;VERDADERO;FALSO
0;0;0.003537325;-0.005503589;VERDADERO;
-0.00643411;0.007004902;0.000646592;;FALSO;
-0.040744968;0.006893708;-0.000646592;;FALSO;FALSO
-0.044967146;0;-0.002813078;-0.014079863;VERDADERO;VERDADERO
-0.059121452;0.02004792;-0.000651768;0.003596509;VERDADERO;FALSO
-0.124938737;0.066480057;0.001266429;-0.019509166;VERDADERO;FALSO
0.034762106;0;0.002270308;-0.000563777;VERDADERO;VERDADERO
0.099131473;-0.023014363;-0.001728681;0.006619137;VERDADERO;
-0.036983566;0.005868934;0.000216462;;FALSO;
-0.062147907;-0.008833413;-0.000758089;;FALSO;FALSO
0.081033251;-0.002984854;-0.000325301;-0.009276785;VERDADERO;VERDADERO
-0.028645181;-0.00300551;-0.001630168;0.018420135;VERDADERO;FALSO
-0.009984221;0.00300551;0.00068904;-0.006234563;VERDADERO;VERDADERO
0.009984221;0.002984854;0.001591487;0.003267678;VERDADERO;FALSO
-0.009984221;0.008833413;0.001909307;-0.012182618;VERDADERO;
-0.010219165;0;0.001829366;;FALSO;
0;0;-0.000680628;;FALSO;
-0.010465434;-0.002924553;0.000215051;;FALSO;FALSO
-0.02171925;0.002924553;-0.0037427;-0.011317374;VERDADERO;FALSO
0;0.002904991;-0.005418977;-0.004519905;VERDADERO;VERDADERO
0.010995384;-0.005829544;0.001242513;0.002768332;VERDADERO;
-0.010995384;0.020069983;0.005043032;;FALSO;
0.010995384;0;0.002768621;;FALSO;
0;0;0.002323487;;FALSO;FALSO
0.041392685;-0.00848811;-0.004587408;-0.018698321;VERDADERO;VERDADERO
0;-0.002866641;-0.001913751;0.01880159;VERDADERO;FALSO
0;-0.002885688;0.003460245;-0.008538967;VERDADERO;VERDADERO
-0.03066882;0.011429462;0.001648314;0.003111509;VERDADERO;VERDADERO
0.020684599;-0.005677133;-0.000107308;0.000453292;VERDADERO;
0.009984221;0;0.000679172;;FALSO;
-0.009984221;0.002847843;-0.000357326;;FALSO;FALSO
0;0;0.004869979;-0.009954855;VERDADERO;VERDADERO
-0.042403849;0.005640267;0.002888966;0.007825144;VERDADERO;VERDADERO
0;0.0027929;0.002869875;0.006774997;VERDADERO;VERDADERO
0;-0.0027929;-0.000907909;0.003174304;VERDADERO;VERDADERO
0;0;0.004762773;0.000112051;VERDADERO;
0;0;0.001897465;;FALSO;
0;0;-0.000172155;;FALSO;FALSO
0.042403849;0;0.009503392;-0.006051283;VERDADERO;VERDADERO
0.090807414;-0.05999793;-0.004844932;0.01659596;VERDADERO;
-0.008272526;-0.00322897;0.001258776;;FALSO;FALSO
0.008272526;0.022114314;0.001627589;-0.012630794;VERDADERO;FALSO
0;0;-0.000406326;-0.013064093;VERDADERO;
-0.008272526;0.009143379;0.000440169;;FALSO;
-0.017033339;0.005990364;-0.000169243;;FALSO;VERDADERO
-0.008773924;0;0.009079191;0.012074054;VERDADERO;VERDADERO
0.008773924;0;-0.006884159;0.002318085;VERDADERO;FALSO
-0.026872146;0.002964479;-0.002499835;-0.01012064;VERDADERO;VERDADERO
0;-0.008954843;0.004482688;0.008246059;VERDADERO;VERDADERO
-0.009340026;0;0.005067049;0.001919472;VERDADERO;
0.009340026;0;-0.000829345;;FALSO;
0.009143379;-0.003026455;-0.000132842;;FALSO;FALSO
0;0;-0.002865981;-0.006923279;VERDADERO;FALSO
0;0;-0.008440379;-0.006854512;VERDADERO;VERDADERO
0;0;0.001259566;0.015530208;VERDADERO;VERDADERO
-0.009143379;0;0.001289817;0.01058505;VERDADERO;VERDADERO
0;0;0.006191813;0.012434053;VERDADERO;
0.009143379;0;-0.00147264;;FALSO;
0;0;-0.000167662;;FALSO;VERDADERO
0;0;0.003274432;0.003243782;VERDADERO;VERDADERO
0;0.003026455;-0.002135605;0.01745372;VERDADERO;VERDADERO
0;0;0.007724973;0.000454676;VERDADERO;VERDADERO
0.017728767;0;0.014032621;0.002394637;VERDADERO;FALSO
-0.055517328;0.023481096;0.001461096;-0.007680841;VERDADERO;
-0.009984221;0.002847843;0.004510962;;FALSO;
0;-0.002847843;-0.003845571;;FALSO;VERDADERO
-0.128318477;-0.002866641;-0.004359369;0.001613135;VERDADERO;VERDADERO
0.128318477;0.005714484;-0.003532174;0.011159888;VERDADERO;VERDADERO
-0.010219165;0.008433168;-0.002133177;0.012435939;VERDADERO;FALSO
-0.032184683;0.005532489;-0.001135496;-0.012037656;VERDADERO;FALSO
0.010995384;0;-0.000715263;-0.008984155;VERDADERO;
-0.033858267;0.008168789;0.002174642;;FALSO;
-0.011899223;-0.002705893;-0.001361934;;FALSO;VERDADERO
0.011899223;-0.002722858;-0.001170781;0.00044828;VERDADERO;VERDADERO
-0.02413368;0.00811789;-0.00130458;0.001606137;VERDADERO;FALSO
-0.146128036;0.01837169;-0.000686477;-0.004571049;VERDADERO;FALSO
0.120573931;-0.007778617;-0.003448755;-0.019231036;VERDADERO;
-0.056115942;0;0.003154218;;FALSO;
0;-0.002624144;0.001372799;;FALSO;
0.014723257;0;-0.000882015;;FALSO;VERDADERO
0.102662342;-0.024359346;-0.005330045;0.001948175;VERDADERO;FALSO
0.01128101;-0.031756596;-0.000596285;-0.02149882;VERDADERO;FALSO
0;0.040029122;0.001588279;-0.002133808;VERDADERO;VERDADERO
-0.01128101;-0.040029122;0.005350584;0.00440235;VERDADERO;VERDADERO
-0.011581873;0.031756596;0.001855614;0.000626727;VERDADERO;
-0.02413368;0;0.002849329;;FALSO;
0.068715812;0;-0.002200111;;FALSO;FALSO
-0.010723865;-0.0027929;0.009401445;-0.017750246;VERDADERO;VERDADERO
-0.010995384;-0.011354751;-0.000285772;0.002461764;VERDADERO;FALSO
0;0.002866641;-0.000858447;-0.012830839;VERDADERO;VERDADERO
-0.046996563;0.022276395;-0.003226358;0.005080138;VERDADERO;FALSO
0;0;0.00233432;-0.002733828;VERDADERO;
-0.081670046;0;0.00431569;;FALSO;
0.069080919;0.002705893;-0.002406421;;FALSO;FALSO
-0.069080919;0.005361728;0.005019342;-0.009982348;VERDADERO;VERDADERO
0;0;-0.004036165;0.007983235;VERDADERO;FALSO
0.014723257;0;0.000980956;-0.009274046;VERDADERO;VERDADERO
0.014240439;-0.00267259;0.003964463;0.012469414;VERDADERO;VERDADERO
0;0.00267259;0.000125265;0.001590977;VERDADERO;
0;0;0.002777846;;FALSO;
-0.537119184;0.043084901;0.013387531;;FALSO;FALSO
-0.102984161;0.011899223;-0.004396498;-0.061734376;VERDADERO;FALSO
-0.012409258;-0.002353905;0.001794294;-0.00112345;VERDADERO;VERDADERO
0.100670162;-0.002366733;-0.00024286;0.023660999;VERDADERO;FALSO
-0.140178703;-0.004772515;0.004591277;-0.004796009;VERDADERO;FALSO
-0.014010714;-0.00240607;0.007358827;-0.011039419;VERDADERO;
0.083901885;0.00240607;0.002562564;;FALSO;
0.005829544;0.004772515;-0.000528947;;FALSO;FALSO
0.064457989;0.004720639;0.005115424;-0.00276586;VERDADERO;VERDADERO
0.073317972;0;-0.003442632;0.009717072;VERDADERO;FALSO
-0.012837225;0;0.004545492;-0.001154864;VERDADERO;FALSO
0.045322979;-0.004720639;0.012598237;-0.021972445;VERDADERO;FALSO
-0.045322979;-0.004772515;0.007176738;-0.002973803;VERDADERO;
-0.065501549;0;2.77E-05;;FALSO;
-0.095649361;0;-0.003252325;;FALSO;VERDADERO
0.178184249;0;-0.032131029;0.031596067;VERDADERO;VERDADERO
-0.130542614;0;-0.009261656;0.001040222;VERDADERO;VERDADERO
-0.10116089;0;-0.004101367;0.006632417;VERDADERO;FALSO
0.040744968;-0.004825544;0.003610014;-0.018155367;VERDADERO;VERDADERO
0.142408146;0.002419474;0.014295942;0.005661604;VERDADERO;
0.084595495;0.00240607;0.002963063;;FALSO;
0.140046155;-0.00240607;-0.004780509;;FALSO;VERDADERO
-0.268845312;0;0.0056655;0.000518389;VERDADERO;FALSO
0.015239967;0.014240439;0.007971609;-0.004808599;VERDADERO;FALSO
-0.0257054;0.004644905;0.007059988;-0.002172625;VERDADERO;VERDADERO
-0.100900496;0.006875518;0.001449402;0.01071345;VERDADERO;FALSO
-0.159700843;0.002267861;-0.001022605;-0.000874193;VERDADERO;
0.028028724;0.002930625;0.000199029;;FALSO;
0.193820026;-0.005653484;-0.000882105;;FALSO;FALSO
-0.042552351;0.0011366;-0.001769604;-0.000590962;VERDADERO;FALSO
-0.00643411;0.000453808;0.004410563;-0.002081321;VERDADERO;VERDADERO
-0.182622126;0.004063076;0.000735469;0.006132649;VERDADERO;VERDADERO
0.0641175;0;-0.016710127;0.024471534;VERDADERO;
0.024823584;-0.000899626;0.012963249;;FALSO;
0.038458252;-0.000225198;-0.003980834;;FALSO;
-0.007424018;-0.000450747;-0.004104784;;FALSO;VERDADERO
0.145057025;-0.010036664;-0.022439989;0.007432069;VERDADERO;FALSO
0.020933907;-0.001850033;0.011975264;-0.016587756;VERDADERO;VERDADERO
0.318554341;-0.017255874;-0.000982938;0.006396375;VERDADERO;VERDADERO
0.070090069;-0.008031452;0.012607871;0.003790252;VERDADERO;VERDADERO
0.283996656;-0.057991947;0.008717726;0.013310151;VERDADERO;
-0.105130343;0.043759696;0.000907558;;FALSO;
-0.253891599;0.00353909;0.000453069;;FALSO;FALSO
-0.129094696;0.02613637;0.004840867;-0.002437758;VERDADERO;VERDADERO
0.309302522;-0.025130476;0.010589364;0.005329825;VERDADERO;VERDADERO
-0.170392843;0.021798886;0.002695714;0.003447509;VERDADERO;VERDADERO
-0.088500175;0.008984093;-0.01055085;0.007826151;VERDADERO;VERDADERO
-0.074447744;0.003727873;0.00475762;0.004485176;VERDADERO;
-0.150385859;0.008044849;0.000275009;;FALSO;
0.777318471;-0.110088978;-0.035771326;;FALSO;VERDADERO
-0.034692647;-0.039927947;0.006135921;0.085556319;VERDADERO;VERDADERO
-0.065144735;0.046336164;0.005062413;0.023611114;VERDADERO;VERDADERO
0.089717441;-0.038367235;-0.000174591;0.020875241;VERDADERO;FALSO
-0.082435687;0.048371169;0.001075527;-0.001297901;VERDADERO;VERDADERO
0.363830744;-0.208493351;0.000841122;0.031346822;VERDADERO;
-0.193624794;0.131735346;0.000405477;;FALSO;
-0.067760838;0.025852652;-0.002205724;;FALSO;VERDADERO
0.119609903;-0.032306892;0.004227448;0.014492471;VERDADERO;FALSO
0.001852005;-0.023557154;0.001868925;-0.003340181;VERDADERO;FALSO
-0.107826427;0.040010943;-0.005311478;-0.004607858;VERDADERO;FALSO
0.008600172;0.008483858;-0.000988619;-0.010768554;VERDADERO;FALSO
-0.127786579;0.061091045;-0.005271695;-0.016203331;VERDADERO;
-0.17401825;-0.01601267;0.000706601;;FALSO;
0.034284597;0.040836254;-8.83E-05;;FALSO;VERDADERO
0.071225588;-0.024823584;-0.002241982;0.013028947;VERDADERO;VERDADERO
0.279840697;-0.090846588;0.002536119;0.000935988;VERDADERO;VERDADERO
-0.177370478;0.050883288;-0.00079463;0.003851251;VERDADERO;FALSO
0.171584085;-0.046065392;0.003987878;-0.014992497;VERDADERO;VERDADERO
-0.021221662;0.006791295;0.000787373;0.016184164;VERDADERO;
-0.028074036;0.007680918;0.000262141;;FALSO;
-0.010270956;0.00657039;0.001395418;;FALSO;FALSO
-0.058734966;0.039253299;-0.003906811;-0.009675421;VERDADERO;VERDADERO
0.120882873;-0.074912961;-0.001760775;0.000858801;VERDADERO;FALSO
0.307416794;-0.339108247;0.001526417;-0.009422254;VERDADERO;FALSO
0.004729206;-0.025460446;0.002833096;-0.002914019;VERDADERO;FALSO
-0.188173437;0.088637487;0.003537233;-0.013762902;VERDADERO;
