pos_prob_mean;retorno_log_merval;retorno_log_dolar;prediccion
0.10707154173992182;;;0.0
0.025511440820991993;0.0;0.0;0.0
0.025511440820991993;-0.04289102586283278;0.022989518224698635;1.0
0.025511440820991993;0.013519741657409767;0.0;1.0
0.10242561169944932;0.041812049412063956;-0.004270469123452081;1.0
0.0672563754953444;0.019592540569624006;0.004270469123452081;
0.04314240533858538;;;
0.20581831201265333;;;1.0
0.1430177978988065;0.008991513808068063;0.00283688133519977;1.0
0.4518902351458867;0.0003985762538398774;0.005649732542119423;1.0
0.4518902351458867;0.04004267595898092;0.005617992304222774;1.0
0.05255828984081745;0.04153331794285542;0.005586606708639863;1.0
0.5526807222287266;0.03359899844447156;0.022039459566292052;
0.1495645915428477;;;
0.10075997548352783;;;1.0
0.1618162840604782;0.03410443144038666;0.0027210901143606137;1.0
0.6582503033181032;0.039879645445976664;0.02150620522096336;0.0
0.09414893386161162;-0.10239485260348502;-0.0026631174194839957;0.0
0.18590723280794919;-0.0008160628821283211;-0.008032171697264445;1.0
0.03562486980808899;0.05178641200609313;0.00536194314138605;
0.0819913638018382;;;
0.11065401750312624;;;1.0
0.11347476612233247;0.010770280119794862;0.0;1.0
0.10888409323524684;0.0069496966083342215;0.013280407667894067;1.0
0.2455503039062023;0.031108638775377173;0.005263170044274901;1.0
0.02465411089360714;0.005464253501019201;0.0052356140539444596;0.0
0.03005307393946818;-0.027935448987861378;0.002607563407081237;
0.065454444848001;;;
0.02918817661702633;;;0.0
0.02918817661702633;-0.03367173370880394;-0.007843177461025697;1.0
0.02918817661702633;0.03073382152876114;-0.005263170044274901;0.0
0.07405364928910366;-0.009857177656437344;-0.010610179112015672;0.0
0.14135992049705237;-0.008829523053677235;0.0026631174194839957;0.0
0.14135992049705237;-0.03885992553956896;0.002656044058116258;
0.14135992049705237;;;
0.18317732608486567;;;1.0
0.03209153818897903;0.017549904030692787;-0.016043124840575906;1.0
0.03209153818897903;0.013034123336330694;0.010723963362975653;1.0
0.053437858397956006;0.013366293548573438;0.009290046907092453;0.0
0.10620619522788646;-0.007568801131537128;-0.003970885429492199;1.0
0.09554797845582168;0.006660842835239933;-0.005319161477600254;
0.09554797845582168;;;
0.09554797845582168;;;1.0
0.04579334885056596;0.030456086206358535;0.005319161477600254;1.0
0.04579334885056596;0.0032474984459280876;0.0;0.0
0.19823005891405046;-0.013610528081242634;-0.002656044058116258;1.0
0.16549485859236326;0.00889082165993571;-0.0026631174194839957;0.0
0.024349620565772057;-0.03266815727986305;0.0;
0.024349620565772057;;;
0.1106698253279319;;;
0.11012943985548279;;;
0.11274431984159439;;;0.0
0.09810083914392938;-0.017257942027130824;0.0;1.0
0.21332000568509102;0.013342325889125206;0.005319161477600254;1.0
0.019453147038196523;0.0012854326807083538;0.0;
0.0641304266710694;;;
0.0641304266710694;;;1.0
0.08161465349257924;0.00858481066863348;-0.005319161477600254;0.0
0.08161465349257924;-0.01207827104952841;-0.0053476063265947005;1.0
0.08161465349257924;0.008538600082465209;0.0;0.0
0.08161465349257924;-0.027755524104509988;0.0053476063265947005;1.0
0.11245473713909344;0.012754617110953603;-0.0053476063265947005;
0.09785447090389461;;;
0.15627233581617475;;;1.0
0.09161717859096825;0.028681979912541067;-0.008075414005546122;0.0
0.1335749463664729;-0.026098534452327016;-0.0027063615977427347;1.0
0.14275063931261403;0.017736229778863688;0.017461827163661958;0.0
0.34712401777505875;-0.013473540019775854;-0.012056408596754054;0.0
0.047882808663416654;-0.04602308547604572;0.0;
0.17772652162238955;;;
0.22239819596086569;;;0.0
0.19620741524208793;-0.04849243209057619;0.010723963362975653;0.0
0.14974598399324654;-0.02145591927877355;0.0;0.0
0.12406273237429559;-0.04938821910213065;0.005319161477600254;1.0
0.1414229263152395;0.06264108580231031;0.010554187678690319;0.0
0.10942370444536209;-0.007404645539313748;0.0;
0.012676116079092026;;;
0.012676116079092026;;;0.0
0.12334038331531562;-0.0030758901303631347;0.007843177461025697;1.0
0.12683751461464543;0.034374918042946234;0.020619287202735315;0.0
0.15956711089238523;-0.01708199920614817;-0.007682496172016329;0.0
0.5512584000825882;-0.025386782287968757;-0.005154650588663934;
0.5512584000825882;;;
0.38745224475860596;;;
0.38745224475860596;;;1.0
0.38745224475860596;0.06386933747529433;0.0025806465934916645;1.0
0.38745224475860596;0.036326388513687746;0.01788042527784839;1.0
0.38745224475860596;0.027338983195665634;-0.010178204915756162;1.0
0.38745224475860596;0.010125040815600173;0.0;0.0
0.38745224475860596;-0.023819123290884647;0.005102051883895342;
0.38745224475860596;;;
0.38745224475860596;;;1.0
0.15647851722314954;0.03589820588099357;-0.007662872745568983;0.0
0.12693343872916346;-0.012679328669264578;0.0;1.0
0.08895131442598843;0.005397197920427033;0.0;
0.10258194215324086;;;
0.1667225209530443;;;
0.08493126803924414;;;
0.1325992874668113;;;
0.29806651547551155;;-0.002567395505246317;1.0
0.003904234617948532;0.02774684059232868;0.007682496172016329;1.0
0.07368204992656645;0.026147389583433878;0.010152371464018373;1.0
0.12670701061870204;0.012953032945778986;0.005037794029957077;1.0
0.048006439193462334;0.01973524162901441;0.0;
0.13575082789996967;;;
0.13823352593595736;;;1.0
0.20118036516881765;0.020028963365248842;0.01990115431729489;1.0
0.16171612538910735;0.010622560519587765;0.02433210065953073;0.0
0.0823854714232896;-0.031780128689975484;0.011947573421117852;1.0
0.12028392437272346;0.02305058322808229;0.019988907741929296;1.0
0.1480837843613699;0.0316516707780341;0.023015975700920954;
0.4773031286895275;;;
0.12367590858290593;;;1.0
0.11317044859979211;0.028905323024179808;0.0445012246705101;1.0
0.09266339951248553;0.012070256753073494;0.06935551881640212;1.0
0.0659551041899249;0.005721774911391364;-0.04357535853863137;0.0
0.10082897050253879;-0.026557146960755063;-0.014957543819619445;1.0
0.12299637403339148;0.0038704150244619484;0.004296462033505755;
0.09577495312551036;;;
0.09577495312551036;;;
0.09577495312551036;;;0.0
0.09577495312551036;-0.00784719428475178;0.01066108178611369;0.0
0.09577495312551036;-0.02612379749539606;-0.01066108178611369;0.0
0.09577495312551036;-0.02195745692737283;-0.0021459235702767643;1.0
0.09577495312551036;0.05317260760865139;0.0021459235702767643;
0.09577495312551036;;;
0.09577495312551036;;;1.0
0.09577495312551036;0.024126077087517572;0.002141328441343404;1.0
0.09577495312551036;0.011033012962245792;0.0021367529497346993;1.0
0.06488320856587962;0.00881174123213846;0.002132196969840905;1.0
0.08490924790012053;0.008926311878628468;0.006369448285480139;1.0
0.10110430723871104;0.02599030055178808;-0.002118644860285457;
0.017569375806488097;;;
0.24453047127462924;;;0.0
0.15734985237941146;-0.002949638729020876;0.01890812633683492;0.0
0.22172724078409373;-0.005602360694192399;0.01035205932103267;1.0
0.22027360694482923;0.027831256201388044;-0.0020618564005587814;1.0
0.07611769883494292;0.01038552582026675;0.0020618564005587814;1.0
0.06377961114048958;0.022294168957353477;-0.004127972838031013;
0.2706485824393375;;;
0.2706485824393375;;;1.0
0.0023762944620102644;0.0008883550816864982;0.008238975544553107;1.0
0.1592594477115199;0.005316555740149553;0.004094171532663005;1.0
0.10917701549152588;0.0025877178502167197;0.0020408170348531485;
0.1254824978299439;;;
0.0033029948826879263;;;
0.0033029948826879263;;;
0.04252155590802431;;;1.0
0.09916391219943761;0.013662248617407613;-0.0020408170348531485;0.0
0.11840587873336707;-0.008632029022063392;0.0020408170348531485;0.0
0.11840587873336707;-0.0038309472051061277;-0.006134988567516153;1.0
0.04867638398094901;0.032485281615169725;0.0;0.0
0.015780327608808875;-0.001237415404151676;0.0;
0.16683977576238768;;;
0.10056732487383074;;;1.0
0.12766843674458064;0.022106276925748958;-0.007205383721269776;1.0
0.10782763709662467;0.05376815504034127;-0.0031039859375914247;0.0
0.1557941587442266;-0.0008591822007826266;-0.0020746895408603194;1.0
0.11515644905973632;0.0012530556359617862;0.0;1.0
0.12721039794170916;0.0022447404898535694;-0.002079002827833243;
0.06631425092928112;;;
0.1317858129639977;;;0.0
0.10162514418784883;-0.00023839557273497292;0.002079002827833243;1.0
0.058674369123764336;0.0005840991615428948;0.01033067038787916;0.0
0.00643194792792201;-0.008417188473082149;0.014285957247476944;1.0
0.044856864027678967;0.03409949262400325;-0.018405427542715458;1.0
0.11198108643293381;0.04390357216533225;0.01026703063974388;
0.08323776585582111;;;
0.07824332245132502;;;
0.07243573851883411;;;
0.2654561698436737;;;1.0
0.05439825338544324;0.04883936183747295;0.0;0.0
0.14281723987577216;-0.034846945790883765;0.0020408170348531485;1.0
0.17487427221411572;0.013281322792817463;0.004069181606725536;
0.11474878449729685;;;
0.09928373731672764;;;1.0
0.08716351771727204;0.027357026323265643;-0.004069181606725536;0.0
0.16951004466197142;-0.03777626351734931;0.00609757986811843;0.0
0.3032716901041567;-0.01635147369957224;0.0;1.0
0.029757289500493143;0.016570002282660923;-0.0040609192863154675;1.0
0.029757289500493143;0.02329152645072874;0.0;
0.029757289500493143;;;
0.029757289500493143;;;1.0
0.029757289500493143;0.02396220803737137;0.0020325210249225734;1.0
0.06360599978102578;0.011046841139950914;-0.004069181606725536;0.0
0.06360599978102578;-0.010785778016153102;-0.0020408170348531485;0.0
0.06360599978102578;-0.044920121713515115;-0.0020449904877271052;1.0
0.06360599978102578;0.014342856412184801;0.0020449904877271052;
0.06360599978102578;;;
0.06360599978102578;;;0.0
0.06360599978102578;-0.006651263218955705;0.0061099986415786844;1.0
0.05364209452219417;0.00472297324571791;0.006072893157899273;1.0
0.08902009669691324;0.020569226779022287;;1.0
0.03784607816487551;0.044389800117139444;;0.0
0.15285223869917294;-0.017519731063588395;0.04729945676923908;
0.0785269858315587;;;
0.0799972452223301;;;1.0
0.04691066247011934;0.030084022066255045;-0.003857285399758048;1.0
0.008261328563094139;8.317610136465703e-05;0.0;0.0
0.1858885164062182;-0.008073988358850315;0.009615458699442136;1.0
0.06589401537452691;0.012936501746976248;0.0;1.0
0.1033891173709115;0.02975494219272079;0.005725206478039979;
0.23678209251077958;;;
0.2127236371366855;;;0.0
0.41450927965343;-0.013433048932078862;0.04465858352666974;1.0
0.3195708387841781;0.010203561032215092;-0.029549703101867664;0.0
0.2580803260207176;-0.0007341770332924824;0.01857063581945617;0.0
0.2580803260207176;-0.04536039200122843;0.012797249601470106;1.0
0.06671774925052887;0.016689833095917095;-0.00363967644744978;
0.14946974890873485;;;
0.14946974890873485;;;0.0
0.14946974890873485;-0.0014208801790669412;-0.0018248180246285273;0.0
0.14946974890873485;-0.009040210463972187;0.018100041643617892;0.0
0.1233248656587393;-0.01736308579717516;0.0;0.0
0.10387474003417248;-0.008367758936953962;0.017778246021284083;1.0
0.04832518322823139;0.022518354615144176;0.0070237338793068815;
0.08481722123300035;;;
0.09816830419003963;;;1.0
0.1080360991114643;0.0018363405796648635;0.03777273081485788;1.0
0.1583788535351575;0.0300329018332004;0.003364174745631665;0.0
0.1646998155862093;-0.0105944547375465;0.003352895010311663;1.0
0.12410425629466772;0.019535602843788524;0.0033416906619025966;1.0
0.1179341663487767;0.020770043763430834;0.0008336807485775921;
0.05177411073236726;;;
0.18296362960598234;;;1.0
0.1203710367612075;0.0324947063138179;0.11778303565638382;1.0
0.07393839893621909;0.060853788146964405;0.07145896398214457;1.0
0.05704240101289802;0.06584008552617959;0.06669137449867257;1.0
0.16318976008484812;0.033523648240695536;-0.026145280104322488;1.0
0.13745183887316242;0.0033772927381452433;-0.054435206555017324;
0.15090188724999568;;;
0.06076567073288406;;;
0.091522538557183;;;1.0
0.08397117769887108;0.01638752045113634;0.009742596198818454;1.0
0.10929910641073459;0.03564323113523926;0.01101939524961093;0.0
0.04103116628773991;-0.003238386957804096;-0.01379332213233564;1.0
0.07399908381585892;0.02837396845811746;0.006920442844573493;
0.02007993496954441;;;
0.0974119132287194;;;1.0
0.029096884420141578;0.05300579786721826;0.010974047031976575;1.0
0.035466949759132185;0.026780696666790504;0.016238516492908417;0.0
0.11494582203862767;-0.011397555685297434;-0.01351371916672317;0.0
0.11494582203862767;-0.033457707778303813;-0.0068259650703996755;0.0
0.12260467522311956;-0.029202747320152156;-0.0034305350967889225;
0.10925406388317545;;;
0.15246299722440942;;;0.0
0.14310171787605383;-0.0024431514437637247;0.0;0.0
0.12476178082976151;-0.05704109748623587;-0.0068965790590604925;0.0
0.07998869149798499;-0.023941264432894016;-0.0069444723528109265;0.0
0.06138987633832065;-0.06356921397931892;0.0;0.0
0.0722312016878277;-0.028625868947001365;-0.0140353181163837;
0.11814145501703024;;;
0.07155879124708962;;;0.0
0.03630458465777338;-0.03530956592493695;0.009845367852529208;1.0
0.15833511017262936;0.0456493162830931;0.01803100167572591;1.0
0.05498430243908213;0.028082597054266856;0.006849341845574841;1.0
0.11681217840763138;0.032607942636063925;-0.01790681456380039;0.0
0.08053703633144156;-0.007443423355489642;0.011057472718225547;
0.14036594182252884;;;
0.06555308933439087;;;1.0
0.0744395721110278;0.03069855661478904;0.010936540995844624;0.0
0.05158354530835317;-0.01468162953312202;0.0027155481724827624;0.0
0.10054955165833235;-0.025720016632822862;-0.006802747322752545;0.0
0.1310029472629337;-0.014838216367062174;0.01355952978563213;0.0
0.08384301892385401;-0.0006557395052464443;0.0;
0.0866357651927198;;;
0.09565063365324236;;;0.0
0.06747782400074917;-0.008797292876133511;0.0;0.0
0.09901071241340385;-0.009696017606561469;0.017356911035939504;1.0
0.023406735585572627;0.025035026294286666;;1.0
0.06039441501100858;0.0429493331632429;0.04148358898699378;0.0
0.057783233001828194;-0.03304386691123895;0.01261846395921129;
0.057783233001828194;;;
0.09462946828372859;;;0.0
0.16347241151281866;-0.010257398110137927;0.0;1.0
0.19059513915547616;0.00822536170972299;0.01246122043781206;1.0
0.14443674646863328;0.055959756279870376;0.04005389775185897;1.0
0.16210879293270408;0.032040871075802;0.0;1.0
0.08504657883064023;0.02551849836476272;0.040226933508943574;
0.08881869752076454;;;
0.06769308845145167;;;1.0
0.11711388749868742;0.030863105440049665;0.07165598890643565;1.0
0.059404477859939575;0.07311726414621056;0.061875403718087085;1.0
0.04469447368731933;0.02645840288429646;0.0;1.0
0.06775956141731901;0.059765227360642825;-0.030459207484708095;
0.07564318552071791;;;
0.06582225998087475;;;
0.06345032305560178;;;
0.15010923286899924;;;1.0
0.3488690219819546;0.07958086477869486;0.005141399500418586;0.0
0.06848445001159267;-0.03054120365479207;-0.08561375272299188;0.0
0.1349186024865106;-0.044573356535279274;-0.005602255548669888;1.0
0.11380828269054445;0.046946284775616576;0.0;
0.07830441738233755;;;
0.09550614809375946;;;0.0
0.02437056502741244;-0.132817188082905;0.1888544778355774;0.0
0.09028255119082633;-0.06948347401323218;0.0;1.0
0.0716179317006698;0.04790769669043016;-0.08237099743312726;0.0
0.16004627267830074;-0.019326142335273744;-0.02040887163120697;0.0
0.18717233673151995;-0.026400904763304922;0.005141399500418586;
0.12710061255511979;;;
0.09213376382146687;;;0.0
0.03501044912263751;-0.1025112300072788;-0.015504186535965303;0.0
0.03501044912263751;-0.021424717847843056;-0.053488684950986354;1.0
0.15224663884346856;0.06209932753589342;-0.00550965581096996;1.0
0.06886646907736102;0.05959176193258564;0.010989121575595284;0.0
0.033689078608793874;-0.026037204757324517;0.0;
0.005751056130975485;;;
0.0071715377271175385;;;
0.19653998066011505;;0.0;0.0
0.2811111927963793;-0.04177970542320075;-0.0390021578032691;0.0
0.1268766615325692;-0.04387512680070316;0.0;1.0
0.09879491369419989;0.06458339422686699;0.06595796779179786;1.0
0.13586771980829773;0.056512456813214484;0.010582109330536937;
0.04887692257761955;;;
0.08062034304020926;;;0.0
0.1057453934683989;-0.03594327584420931;-0.03753791931906569;0.0
0.10850409639533609;-0.0038506355189031893;0.0;0.0
0.10606163769791072;-0.00815589569518771;0.04800921918636103;0.0
0.1563839605258463;-0.04398747511267587;-0.026386755173194665;1.0
0.13191177395742332;0.06865520737760455;0.0;
0.05300502999733876;;;
0.14064185959014952;;;
0.19146101158490875;;;1.0
0.0875117274965563;0.20574623876222375;0.12547765781742548;1.0
0.0987723312151342;0.056633527538359374;0.00938974034983886;1.0
0.10842518402572512;0.046997798691624126;-0.03325722175648238;1.0
0.10295171549828523;0.0430085709105672;-0.049515064527380304;
0.07542853125379281;;;
0.09277004882044691;;;0.0
0.0641348381905118;-0.08400497964377962;-0.005089069507471677;0.0
0.31198845027635497;-0.08693325769280413;-0.04700604237592998;1.0
0.061673700811557604;0.02168780814147908;-0.021622464013166365;1.0
0.061673700811557604;0.02870557018137987;-0.022100347000665543;1.0
0.06541205570101738;0.06747182865618129;0.05436120921888765;
0.05692712937889155;;;
0.018968982622027397;;;0.0
0.0482809953391552;-0.02889648365616715;-0.02681125745065671;1.0
0.1234852597117424;0.04610172122342604;-0.02197890671877545;1.0
0.02443789690732956;0.010374455607438549;0.04879016416943216;1.0
0.10771211885730736;0.05155765236667875;0.036367644170874236;
0.020586536119713686;;;
0.023428142070770264;;;
0.15555934385660278;;;1.0
0.06886525509513117;0.03648067759390905;0.010152371464018373;1.0
0.0613899295128984;0.03342192298346269;0.06831924397747713;0.0
0.1666611460968852;-0.0064941678623284815;-0.004728141195945668;0.0
0.11704718921277107;-0.013835398648263109;-0.07885857491231985;0.0
0.06122646249387777;-0.06689298929237708;-0.020726130517116914;
0.09309707888725983;;;
0.07365832872446157;;;0.0
0.08686724719194364;-0.004093026955969137;0.015584731016698328;0.0
0.08028102364774133;-0.008076988350596892;0.005141399500418586;1.0
0.07142754545804628;0.005942105566360212;0.005115100666770012;1.0
0.11893619988655575;0.024687548460928355;-0.005115100666770012;1.0
0.15856850114922857;0.005889902602625341;0.010204170174241689;
0.19345107632007721;;;
0.14706351422402705;;;
0.10772966570220888;;;0.0
0.004377590958029032;-0.03798159479170948;0.0;0.0
0.08984726810106827;-0.0449693004901448;0.005063301956546695;1.0
0.09019720184255335;0.03499999067522097;0.0;1.0
0.21890015331242818;0.0279627832256768;0.024938948347251966;
0.24390451667364688;;;
0.24390451667364688;;;
0.24390451667364688;;;1.0
0.24390451667364688;0.0007698411883954037;-0.01990115431729489;1.0
0.03170430830990275;0.044143485862287335;0.0;1.0
0.20816643461585044;0.032754260468712104;0.014962872676711925;1.0
0.12204411067068577;0.049123274721383225;0.004938281640582964;
0.12204411067068577;;;
0.12204411067068577;;;1.0
0.047592476941645145;0.04586475966407555;0.02433210065953073;0.0
0.08220489043213258;-0.040949727666086844;0.06513930217096142;1.0
0.09838911111466586;0.009238894701598;0.026668247082161756;0.0
0.10970932521614367;-0.025069075998189305;-0.026668247082161756;0.0
0.10427984055085796;-0.010400436158645832;0.0;
0.13117404416872477;;;
0.07206769443915359;;;1.0
0.07822135169849251;0.005054365591290022;0.008968669982760247;1.0
0.28086409240495414;0.01852229919044568;0.04367506350266215;1.0
0.06210712085500264;0.0609194272872724;0.037740327982846544;1.0
0.0901497478805729;0.008349584570730428;0.012270092591814219;1.0
0.09517523509243296;0.03572982860148066;-0.016393809775676615;
0.049973786634948565;;;
0.08610940675541598;;;1.0
0.04127180913928896;0.03765631236408851;0.012320484388040676;0.0
0.06362902000546455;-0.011120159726219825;0.016194685919980856;1.0
0.10037112492136657;0.03677275870591501;0.0;1.0
0.022169537997494142;0.026241354347932955;-0.008064559836729934;0.0
0.05897699296474457;-0.02467665866530666;-0.020450610471291597;
0.14472672791453078;;;
0.09714369436304243;;;0.0
0.12272980669513345;-9.572324495721318e-06;0.0041237171838623965;1.0
0.1021889099793043;0.010731863728064894;-0.008264509849893464;0.0
0.1021889099793043;-0.005199210824835987;-0.016736792355524166;1.0
0.04173010835124148;0.032701711868439176;0.0;1.0
0.050919695851278673;0.01049167765516934;-0.017021687569430455;
0.04028538415311939;;;
0.06253884686157107;;;0.0
0.09721473151391062;-0.04284836514837842;-0.012959144642504583;0.0
0.053923291455691635;-0.03662126735744664;-0.013129291441792645;0.0
0.10001020611574253;-0.053012104913651825;0.02178735418490696;0.0
0.14540342862407366;-0.03260257151423218;-0.02178735418490696;1.0
0.1602775538340211;0.011231537526946056;0.0;
0.1602775538340211;;;
0.1276502994199594;;;
0.11201238838712806;;;
0.2884086553751717;;;0.0
0.24027634455511968;-0.020528980537706687;-0.035878287664901976;0.0
0.5968735098838807;-0.010756096883167032;-0.027779564107076382;0.0
0.2584524601697922;-0.026292769234759206;0.018605187831035153;
0.06811352321181048;;;
0.16910754899228259;;;1.0
0.14789103678105256;0.006448285139132537;0.013730192811901354;0.0
0.007429119199514389;-0.01176855546633071;0.00453515516539138;0.0
0.19444110404058804;-0.01924957543664263;0.0;1.0
0.08282304162345827;0.0345269701309725;-0.027524673390090015;1.0
0.06183531573465602;0.027118876461065256;0.0;
0.06868496523820795;;;
0.06961696661353388;;;0.0
0.07144484278531028;-0.023025151088660323;-0.004662013105811269;0.0
0.050701394056280456;-0.04361335962352442;-0.00938974034983886;0.0
0.030964404344558716;-0.034924387280712565;-0.02386748140664352;1.0
0.030964404344558716;0.01577050752850262;-0.01459879942115272;1.0
0.1151174433662423;0.03889707522513319;0.019418085857101808;
0.11518077213655818;;;
0.03523682180093601;;;0.0
0.1598743401818819;-0.006986706172153134;-0.034233171642242155;0.0
0.056524223709082014;-0.053858090616728305;-0.004987541511039417;1.0
0.08404274950070041;0.006984829077962829;-0.020202707317519497;0.0
0.07149861108225125;-0.0048474611704723;-0.005115100666770012;1.0
0.13506070188013836;0.007538801061443223;0.010204170174241689;
0.12900690687820315;;;
0.12605391684243636;;;0.0
0.13757039068654053;-0.04547253643575466;0.010101095986503772;1.0
0.13749791904212377;0.06962246428897423;0.014962872676711925;1.0
0.13949967648262496;0.022983874221901957;;0.0
0.15882761421380565;-0.011116935860320254;0.004938281640582964;1.0
0.009627263061702251;0.028349167942584685;0.0;
0.010198540054261684;;;
0.04876704926912983;;;1.0
0.10073669919594457;0.050316320213928734;-0.004938281640582964;1.0
0.06552935550765444;0.005146248792661012;0.009852296443011888;1.0
0.05883317068219185;0.04773025156390176;0.0;1.0
0.10373446398462431;0.03345189749166266;;1.0
0.06144776630817967;0.001557341875633611;;
0.08578690886497498;;;
0.08578690886497498;;;0.0
0.036883868277072906;-0.011889656970041074;-0.009852296443011888;1.0
0.14680515233631014;0.0014491962135121383;-0.00496278934212846;0.0
0.09143435657024383;-0.0009645239636260072;-0.004987541511039417;
0.11218289099633694;;;
0.12076722305852833;;;
0.0983872107106201;;;
0.0983872107106201;;;
0.1334974571435275;;;
0.2051893097348511;;;0.0
0.17054452228088243;-0.0006974087344993052;-0.005012541823544048;0.0
0.17376650443587166;-0.02463804301571315;-0.005037794029957077;1.0
0.0765449459005288;0.026065313850214267;-0.015267472130788384;
0.11900947816304616;;;
0.09464597320252591;;;1.0
0.14148302413249278;0.012493569855168474;0.0;1.0
0.050352156826514095;0.018988442512496206;0.015267472130788384;0.0
0.06140222928176323;-0.015487853612636826;0.0;1.0
0.0853560788981507;0.020337987278972847;0.0;0.0
0.11933608187966127;-0.011805265809778476;0.005037794029957077;
0.14698394887053814;;;
0.0922909242674775;;;0.0
0.08893043490512888;-0.038497035637162114;0.010000083334583465;1.0
0.12791892122477294;0.004760164305778858;0.019705071079332726;0.0
0.11397045571357012;-0.026003415817431375;-0.004889985294192378;1.0
0.05882333560536305;0.0004067912879968105;-0.004914014802428923;1.0
0.016519879922270775;0.013869589488816558;-0.009901070982711424;
0.016519879922270775;;;
0.09389253256009206;;;1.0
0.07797286275607081;0.06444812090625263;0.019705071079332726;0.0
0.10290067130699754;-0.01799878111883224;-0.004889985294192378;0.0
0.12052808036761624;-0.03519530724491027;0.004889985294192378;1.0
0.06633208345499683;0.03470793221544177;0.019324272826402478;1.0
0.15155944052094128;0.02718614645833206;0.0;
0.21833884545291463;;;
0.17129316487434235;;;1.0
0.18870806973427534;0.02211467160003444;-0.009615458699442136;1.0
0.18870806973427534;0.011792715858488734;-0.004842624475787538;
0.18870806973427534;;;1.0
0.09625554109685296;0.034228035523863554;0.0;1.0
0.11957091039333206;0.05837053849253948;0.0;
0.1351750619344514;;;
0.13740719158364378;;;1.0
0.1297177335061133;0.029735937341913043;0.004842624475787538;0.0
0.12419204100464973;-0.02176367920263722;-0.004842624475787538;0.0
0.3776412904262543;-0.00900791678975743;0.0;0.0
0.3776412904262543;-0.010797142828062434;0.004842624475787538;0.0
0.3776412904262543;-0.019287596057099066;-0.004842624475787538;
0.3776412904262543;;;
0.016766138840466738;;;0.0
0.016766138840466738;-0.02195997671236327;0.004842624475787538;1.0
0.1937249810706746;0.02364522121605006;0.02386748140664352;1.0
0.14308389766457758;0.047043647862365034;0.027908788117076533;1.0
0.22233466880529054;0.0023973200980140774;0.0;0.0
0.09806595672853291;-0.005333696141844868;0.018182319083190457;
0.09554296154528856;;;
0.4084486717151271;;;1.0
0.06793386121797892;0.04124846331345999;0.052643733485422395;1.0
0.1318313400959596;0.029261358709451457;0.04184710993550045;0.0
0.12150366380528357;-0.011614796934324545;0.036221263434318196;0.0
0.15383645018285258;-0.03190258546243108;0.003944778291016249;1.0
0.10769186004763469;0.0046345778876411;-0.048396540861850745;
0.10051477544009685;;;
0.49593652598559856;;;0.0
0.1173742005827508;0.0;-0.012474174225175716;1.0
0.31969642573191476;0.03527756902661139;0.004175371410481077;0.0
0.19871048349887133;-0.004890648050777102;0.01652930195121094;1.0
0.19871048349887133;0.04690118301438062;0.0;1.0
0.19871048349887133;0.005103173141240092;-0.004106781952653904;
0.19871048349887133;;;
0.19871048349887133;;;1.0
0.09357364763590423;0.0047307804353486915;0.008196767204178279;0.0
0.06577659454196691;-0.048203203016432994;0.024194728587056957;0.0
0.04525420814752579;-0.006608072361949269;-0.012024192966801017;0.0
0.33744772151112556;-0.04360585419262719;0.0;1.0
0.33744772151112556;0.01024244656071538;0.012024192966801017;
0.09931405847809012;;;
0.05290022981353104;;;1.0
0.10547252535900992;0.03709858455310133;0.011881327886753112;0.0
0.13825492016521507;-0.020349272111259253;0.011741817876683491;1.0
0.08029700225082839;0.014923027433018987;-0.0078125397367943;1.0
0.1169153572165317;0.023391198656977252;-0.03187520853044834;0.0
0.04158902549269525;-0.014328356112139673;0.02794593039055915;
0.016889547663075582;;;
0.25581464916467667;;;
0.046300515403143234;;;0.0
0.14818412281793394;-0.01588796023946415;0.019493794681000765;1.0
0.2185034540016204;0.012146068835319213;-0.0038684767779200158;
0.08925443109021419;;;
0.11103158901609919;;;
0.03583514876663685;;;
0.16613217939933142;;;0.0
0.008888067211955786;-0.013739061803873298;0.022989518224698635;1.0
0.14384196759324128;0.010026411983883321;0.026169717733385056;1.0
0.10831326092089955;0.002449532112933639;0.0;1.0
0.09581564471591264;0.038130694252632935;-0.00740744127786197;0.0
0.15425591023328403;-0.015012468722032324;0.00740744127786197;
0.13941369900175443;;;
0.13941369900175443;;;0.0
0.1467367339758075;-0.010331879403048916;0.02909296094166436;1.0
0.19772814662428573;0.025786883075143763;0.01776245633984086;0.0
0.08483669472237428;-0.020293865276784118;-0.01776245633984086;1.0
0.3635902311652899;0.005738354227462494;0.0;1.0
0.1092236686359953;0.010047049525713447;0.010695289116748441;
0.094872678630054;;;
0.094872678630054;;;1.0
0.15560071106607976;0.008673594395478545;0.014084739881738528;
0.21695390343666077;;;1.0
0.07328789997180658;0.028075514312517313;0.006968669316093745;1.0
0.07328849739860743;0.009227658731509436;0.010362787035546717;1.0
0.1380462941384929;0.005807189412038838;0.02377021933391177;
0.104050716244464;;;
0.051425399440159274;;;0.0
0.12798698303956055;-0.13098643559304612;-0.058738817171659186;1.0
0.06905395606270012;0.01404327306993558;-0.007142887512380014;0.0
0.024563609223280634;-0.0011616763533819352;0.03521490629106694;1.0
0.050390072968891926;0.002813363324781548;0.0;1.0
0.11296253061820087;0.02597335634511211;-0.0069444723528109265;
0.11224663810571656;;;
0.22411505918269262;;;1.0
0.19559132883029923;0.013539375017398214;-0.003490404939769043;1.0
0.10748630421071806;0.02806499350174363;0.003490404939769043;0.0
0.2258809407186859;-0.0332936564546884;0.0034782643763247023;0.0
0.18765441764315421;-0.02809638623608457;-0.0034782643763247023;1.0
0.17138503559981472;0.002429633094928718;-0.006993035490970634;
0.14914172660559416;;;
0.14914172660559416;;;0.0
0.05921691283583641;-0.04021361718199756;-0.014134510934905364;0.0
0.05921691283583641;-0.04790707264476346;-0.021583571667174617;1.0
0.05921691283583641;0.048319479272738164;-0.010969031370573923;1.0
0.05921691283583641;0.012316432640805175;0.007326040092073605;0.0
0.1214708610832329;-0.045595402440838484;0.010889399799268062;
0.09898865507289645;;;
0.0643128084950149;;;0.0
0.11458829262846848;-0.008989248207882383;-0.0036166404701889476;1.0
0.1363474407698959;0.02574623794374631;-0.010929070532189833;0.0
0.030687189705945042;-0.003718559808243427;0.007299302481611036;1.0
0.14939390269301092;0.05245413068470839;-0.007299302481611036;1.0
0.16475436056224518;0.034380080833198434;-0.022223136784710107;
0.18951692132199285;;;
0.22185324661647124;;;1.0
0.11237413386026254;0.0031580964220676577;0.007462721201589417;1.0
0.10824920931675781;0.0017556429362386439;-0.003724399090982544;1.0
0.08158528097434707;0.009761231512877444;-0.003738322110606873;1.0
0.13829303737154253;0.022494285492500765;0.003738322110606873;1.0
0.037060451323420486;0.0033122788545174586;-0.011257154524634494;
0.24265123956823065;;;
0.11802987012998674;;;1.0
0.07649117922349098;0.004685461408231006;0.011257154524634494;1.0
0.11363613625835109;0.0013267600360151732;-0.003738322110606873;0.0
0.14377529692969152;-0.02329063368515527;0.0;0.0
0.052977533428929746;-0.02729952530004809;-0.0037523496185505323;1.0
0.07054687041359452;0.01855795039229413;0.0;
0.035593513399362564;;;
0.09467299864627421;;;0.0
0.05136815952730602;-0.008727637220536266;0.0;1.0
0.08398209884346995;0.014415963287934375;0.0;1.0
0.08046702399733477;0.000872072042646721;-0.0037664827954770885;1.0
0.10564394315323708;0.02599539609821022;-0.015209418663528318;1.0
0.036273480903002475;0.0340026622903391;-0.015444322427473622;
0.036273480903002475;;;
0.036273480903002475;;;1.0
0.16146304986129204;0.021466687810546503;0.0;0.0
0.08453278894542576;-0.01122047160141193;0.0038835000263972574;1.0
0.09905446708344168;0.034920864074681646;0.0038684767779200158;0.0
0.11182954341660593;-0.01765997639080652;-0.03137512256775388;0.0
0.053342688975164726;-0.025120523430889108;-0.012024192966801017;
0.05446494029213985;;;
0.30907304829452187;;;1.0
0.019883709623374872;0.009761295277165516;0.016000341346440905;0.0
0.023022066336125135;-0.01353393710344264;0.0;1.0
0.19535063473378914;0.02813613764220335;0.011834457647002417;1.0
0.14273224810798033;0.014590937399873383;-0.003929278139889192;1.0
0.12368271720840278;0.015342648856433883;-0.011881327886753112;
0.10550909691313602;;;
0.1547216023044551;;;0.0
0.19223499457043866;-0.0026783423519205485;0.0;1.0
0.1527036777145024;0.0002349586489103217;0.003976148379639888;1.0
0.18457811709557628;0.0009927249680270478;-0.016000341346440905;1.0
0.0952400401848453;0.017451384302967554;-0.00809721023262;0.0
0.0488323294557631;-0.0131473964075699;0.004056800695614982;
0.060523098299123404;;;
0.1161101902689552;;;0.0
0.06992925158137399;-0.01810101353628646;-0.008130126083250921;0.0
0.011462528049014509;-0.008729622863647535;0.0;0.0
0.03993319356814027;-0.017356925834553394;-0.004089985251524375;0.0
0.0783039778470993;-0.016452179602252315;0.0;1.0
0.06515177770947608;0.007031353385681172;0.012220111334775297;
0.13599456632177212;;;
0.14416151156959434;;;0.0
0.14416151156959434;-0.017737353438558756;-0.0163268932874292;1.0
0.058130715042352676;0.01830670926602629;-0.0041237171838623965;0.0
0.08546076858229022;-0.007899179264885703;-0.012474174225175716;1.0
0.10470363781838347;0.022958510812149058;-0.008403410796379518;1.0
0.049152408877168506;0.0008674338940508619;-0.008474626990971679;
0.08249138666927734;;;
0.15488379347710785;;;0.0
0.1748380745138631;-0.024155414498986616;-0.008547060578458776;1.0
0.10033419109869658;0.009736684732878587;-0.00862074304390692;1.0
0.10330399663127811;0.02315803845348796;0.0;1.0
0.09415441040561015;0.006220128400206804;0.01290340483590846;
0.07443901790759049;;;
0.055645893793553114;;;
0.0623142705274191;;;1.0
0.05558418343518523;0.011945270045668366;0.0;1.0
0.0766628985567128;0.0065380469570133215;0.037740327982846544;0.0
0.08166344321216457;-0.0223764956602146;-0.012422519998557036;1.0
0.11480694459751248;0.014279388382451685;0.0;1.0
0.11480694459751248;0.011987120401107276;0.012422519998557036;
0.5935106873512268;;;
0.01178456493653357;;;0.0
0.13638738964604957;-0.0014407108900158505;0.004106781952653904;0.0
0.14637137403769884;-0.007257537139034653;0.004089985251524375;0.0
0.1175450156285503;-0.018549564243029337;-0.004089985251524375;1.0
0.11886732646433468;0.04176624904541448;-0.020704673361692016;1.0
0.15530939828493587;0.012243691380916744;0.016597891409038112;
0.07540752418895459;;;
0.10245732014170951;;;0.0
0.15228723669424654;-0.011206928904103464;-0.012422519998557036;0.0
0.08281841275236773;-0.0033941398671473166;-0.021053409197832273;0.0
0.0883731058200023;-0.004400559451045893;-0.012848142477849045;1.0
0.0883731058200023;0.006081490059001382;0.01709443335929972;1.0
0.09759220318228472;0.0167009234669262;-0.008510689667907911;
0.07664193952972494;;;
0.09733286878929057;;;1.0
0.09622445782750016;0.020631196278689146;-0.017241806434506124;1.0
0.22497334770326102;0.006344903967908877;-0.03090753746307673;1.0
0.09529609003161289;0.023201260573612714;0.00892863074430128;1.0
0.1511370831479629;0.019511306250814542;-0.022472855852059048;0.0
0.15798170387279242;-0.02566493760488342;0.013544225107757768;
0.013524936744943261;;;
0.31626007457574207;;;1.0
0.09295462008301558;0.011820497910528971;0.0;1.0
0.10364722419008998;0.01209798931837014;0.0;1.0
0.16147686718031765;0.015049887077067226;0.004474280394920704;1.0
0.16424447974324033;0.02183807758470202;0.008888947417245774;0.0
0.1240997248423272;-0.00998043697076767;0.0;
0.11042780379837307;;;
0.15883086264881566;;;
0.16278821719181422;;;1.0
0.1343361130623073;0.02743837146779704;-0.004434597067865198;1.0
0.11507351064744095;0.010097067670832516;-0.00892863074430128;0.0
0.19624247236622563;-0.002741908752426525;-0.004494389587839542;1.0
0.13784407055799794;0.033040970849908646;0.013423020332140823;
0.23319227441679685;;;
0.11196289612262537;;;1.0
0.1621539532250883;0.002962621387760933;-0.013423020332140823;1.0
0.08857227939121898;0.015082540452940663;0.013423020332140823;0.0
0.153233708622746;-0.02109820669374507;-0.017937700686667668;1.0
0.2117609901220671;0.011522996503856575;-0.00453515516539138;1.0
0.21115836165059942;0.012248493442456265;0.009049835519918226;
0.21115836165059942;;;
0.06337493001662481;;;1.0
0.12129234465519498;0.016310957308736107;-0.02739897418811399;1.0
0.10531411413837492;0.003721341453861271;0.0;0.0
0.09432875309059204;-0.03881319026622343;-0.00930239266231414;0.0
0.12840293727408186;-0.002120663570757131;-0.03325722175648238;0.0
0.12939174851139784;-0.004140895857174698;0.004819286435949088;
0.09236823257146028;;;
0.11298421324863067;;;1.0
0.13249576978020106;0.011922142484678488;0.004796172263493048;0.0
0.13745618013710512;-0.012466231659690408;0.004773278752657539;1.0
0.12404507788364935;0.04002987478095932;0.009478743954543845;1.0
0.0987435775727684;0.0056323661124846325;0.02331107886844741;1.0
0.07680436327850082;0.02848343646689422;0.0;
0.1793727920234657;;;
0.1361714747423927;;;1.0
0.2235032677766867;0.07025467598734814;0.018265347977292734;1.0
0.14895502488638354;0.01908340475479875;0.035559302036487495;0.0
0.14917477744636173;-0.027844930240908283;0.03433813758089066;0.0
0.12770270505816572;-0.04093865398247587;-0.025642430613337375;1.0
0.16894313301188205;0.019506881099852436;-0.013072081567352178;
0.12735401850930134;;;
0.08122999064373569;;;1.0
0.11646881122884435;0.013521206897889826;0.04292504471703307;1.0
0.16264694338958513;0.019741453637537987;-0.008438868645864517;
0.12173411276167387;;;1.0
0.08847667692188739;0.01801343048898829;0.016807118316381597;0.0
0.20548295340586886;-0.007668926180196323;-0.004175371410481077;
0.18132187125215019;;;
0.226779357297346;;;0.0
0.11232906911802304;-0.017182753018245123;0.012474174225175716;
0.11232906911802304;;0.0;
