,correlation,random_forest,permutation,lstm_gradients,importance_avg
retorno_log_merval,1.0,1.0,1.0,0.6129859,0.9032464772462845
sentiment_neg_count,0.004876197831262978,0.024031640461805278,0.0,1.0,0.2572269595732671
sentiment_reddit_count,0.006362358432758409,0.021451922057918134,0.0,0.9966633,0.25611938821787633
sentiment_neg_ratio,0.05414078193779859,0.03508238964640632,0.0,0.8386401,0.23196581634690266
sentiment_min_confidence,0.015404205289787564,0.03607149482954342,0.0,0.8375522,0.22225697248657408
sentiment_avg_text_length,0.039307471545641626,0.03721287483717436,0.0,0.7970337,0.21838851838796322
sentiment_total_records,0.006362358432758409,0.019943098668594755,0.0,0.7777199,0.20100634300363265
sentiment_score,0.042187473196413965,0.029066834105676207,0.0,0.7102889,0.1953857973894111
polymarket_LLA (La Libertad Avanza),0.0955424093579838,0.02670692643152847,0.0,0.6520244,0.19356843102570143
sentiment_neu_count,0.007581757416787568,0.020526919100574036,0.0,0.74333835,0.1928617557496712
sentiment_pos_count,0.006894241805756102,0.02224828073265362,0.0,0.7392067,0.19208729856329812
sentiment_max_confidence,0.05276011391595092,0.044213315508827726,0.0,0.49749494,0.14861709135353962
sentiment_neu_ratio,0.15121271791736668,0.048606780142937976,0.0,0.39326125,0.14827018797351885
reddit_total_score,0.0,0.0,0.0,0.4947878,0.1236969530582428
sentiment_avg_confidence,0.056857217211105454,0.02609597021888481,0.0,0.41162595,0.12364478473963486
polymarket_UCR (Unión Cívica Radical),0.04534838482907213,0.01372497021932593,0.0,0.42768556,0.12168972846108175
polymarket_SER (SER Santa Cruz),0.04936317807130332,0.01540135451828063,0.0,0.40608308,0.11771190244547261
polymarket_UP (Unión por la Patria),0.05619906744506904,0.030561425897437523,0.0,0.3766888,0.11586232538631253
polymarket_FIT-U (Frente de Izquierda y de los Trabajadores – Unidad),0.10312334607767204,0.016821933164294586,0.0,0.31855622,0.10962537464533434
polymarket_HNP (Hacemos por Nuestro País),0.04984212392541171,0.019835508840785068,0.0,0.36296207,0.10815992497335614
polymarket_PRO (Propuesta Republicana),0.004045977741115846,0.020109498493984548,0.0,0.30322438,0.08184496525494972
sentiment_pos_ratio,0.0147081034681206,0.026172042487626786,0.0,0.23527709,0.06903930811302514
reddit_avg_score,0.0,0.0,0.0,0.23498252,0.05874563008546829
reddit_max_score,0.0,0.0,0.0,0.18231574,0.045578934252262115
sentiment_news_count,0.0,0.0,0.0,0.13012806,0.032532013952732086
