date;REDDIT;R USD;R MERVAL;actividad;prediccion
44929;0.025511441;0.009984221;-0.028613408;1;1
44930;0.025511441;0;0.005871802;1;1
44931;0.102425612;-0.001854641;0.020014311;1;1
44932;0.067256375;0.001854641;0.006654757;1;
44933;0.043142405;;;0;
44934;0.205818312;;;0;1
44935;0.143017798;0.001232042;0.002671811;1;0
44936;0.451890235;0.002453648;-0.002279984;1;1
44937;0.451890235;0.002439863;0.014949562;1;1
44938;0.05255829;0.002426232;0.01561183;1;1
44939;0.552680722;0.009571616;0.005019904;1;
44940;0.149564592;;;0;
44941;0.100759975;;;0;1
44942;0.161816284;0.001181754;0.013630561;1;1
44943;0.658250303;0.009340026;0.007979515;1;0
44944;0.094148934;-0.001156577;-0.043312269;1;1
44945;0.185907233;-0.003488328;0.003132661;1;1
44946;0.03562487;0.002328662;0.020162354;1;
44947;0.081991364;;;0;
44948;0.110654018;;;0;1
44949;0.113474766;0;0.004677942;1;0
44950;0.108884093;0.005767608;-0.002750068;1;1
44951;0.245550304;0.002285766;0.011224051;1;1
44952;0.024654111;0.002273798;9.96496E-05;1;0
44953;0.030053074;0.00113245;-0.013263528;1;
44954;0.065454445;;;0;
44955;0.029188177;;;0;0
44956;0.029188177;-0.003406249;-0.011217721;1;1
44957;0.029188177;-0.002285766;0.015632174;1;1
44958;0.074053649;-0.004607942;0.00032814;1;0
44959;0.14135992;0.001156577;-0.004992148;1;0
44960;0.14135992;0.001153505;-0.018029514;1;
44961;0.14135992;;;0;
44962;0.183177326;;;0;1
44963;0.032091538;-0.006967441;0.014588627;1;1
44964;0.032091538;0.004657358;0.001004302;1;1
44965;0.053437858;0.004034616;0.00177067;1;0
44966;0.106206195;-0.001724534;-0.001563932;1;1
44967;0.095547978;-0.002310082;0.005202698;1;
44968;0.095547978;;;0;
44969;0.095547978;;;0;1
44970;0.045793349;0.002310082;0.010917359;1;1
44971;0.045793349;0;0.001409834;1;0
44972;0.198230059;-0.001153505;-0.004756922;1;1
44973;0.165494859;-0.001156577;0.005018406;1;0
44974;0.024349621;0;-0.014187208;1;
44975;0.024349621;;;0;
44976;0.110669825;;;0;
44977;0.11012944;;;0;
44978;0.11274432;;;0;0
44979;0.098100839;0;-0.007495532;1;1
44980;0.213320006;0.002310082;0.003484852;1;1
44981;0.019453147;0;0.000557119;1;
44982;0.064130427;;;0;
44983;0.064130427;;;0;1
44984;0.081614653;-0.002310082;0.00603825;1;0
44985;0.081614653;-0.002322436;-0.002921888;1;1
44986;0.081614653;0;0.003706818;1;0
44987;0.081614653;0.002322436;-0.014375711;1;1
44988;0.112454737;-0.002322436;0.007862157;1;
44989;0.097854471;;;0;
44990;0.156272336;;;0;1
44991;0.091617179;-0.003507108;0.015962478;1;0
44992;0.133574946;-0.001175358;-0.010158301;1;1
44993;0.142750639;0.007583575;0.00011879;1;0
44994;0.347124018;-0.005236032;-0.000615387;1;0
44995;0.047882809;0;-0.019986483;1;
44996;0.177726522;;;0;
44997;0.222398196;;;0;0
44998;0.196207415;0.004657358;-0.025719088;1;0
44999;0.149745984;0;-0.009317163;1;0
45000;0.124062732;0.002310082;-0.023758798;1;1
45001;0.141422926;0.004583625;0.022621086;1;0
45002;0.109423704;0;-0.003215715;1;
45003;0.012676116;;;0;
45004;0.012676116;;;0;0
45005;0.123340383;0.003406249;-0.004742462;1;1
45006;0.126837515;0.008954843;0.005974274;1;0
45007;0.159567111;-0.003336466;-0.0040834;1;0
45008;0.5512584;-0.002238636;-0.008786427;1;
45009;0.5512584;;;0;
45010;0.387452245;;;0;
45011;0.387452245;;;0;1
45012;0.387452245;0.001120761;0.0266186;1;1
45013;0.387452245;0.00776537;0.008010202;1;1
45014;0.387452245;-0.004420338;0.016293718;1;1
45015;0.387452245;0;0.004397196;1;0
45016;0.387452245;0.002215793;-0.01256011;1;
45017;0.387452245;;;0;
45018;0.387452245;;;0;1
45019;0.156478517;-0.003327943;0.018917882;1;0
45020;0.126933439;0;-0.005505891;1;1
45021;0.088951314;0;0.002342974;1;
45022;0.102581942;;;0;
45023;0.166722521;;;0;
45024;0.084931268;;;0;
45025;0.132599287;;;0;1
45026;0.298066515;-0.001115006;0.007760859;1;1
45027;0.003904235;0.003336466;0.002069147;1;1
45028;0.07368205;0.004409119;0.006945912;1;1
45029;0.126707011;0.002187886;0.003437448;1;1
45030;0.048006439;0;0.008571601;1;
45031;0.135750828;;;0;
45032;0.138233526;;;0;1
45033;0.201180365;0.008642962;5.52469E-05;1;0
45034;0.161716125;0.010567297;-0.005954883;1;0
45035;0.082385471;0.005188765;-0.01899037;1;1
45036;0.120283924;0.008681072;0.001329041;1;1
45037;0.148083784;0.009995711;0.00375055;1;
45038;0.477303129;;;0;
45039;0.123675909;;;0;0
45040;0.113170449;0.019326636;-0.006772875;1;0
45041;0.0926634;0.030120719;-0.024877766;1;1
45042;0.065955104;-0.018924538;0.021408886;1;0
45043;0.100828971;-0.006495979;-0.005037776;1;0
45044;0.122996374;0.00186593;-0.000184854;1;
45045;0.095774953;;;0;
45046;0.095774953;;;0;
45047;0.095774953;;;0;0
45048;0.095774953;0.004630049;-0.008038086;1;0
45049;0.095774953;-0.004630049;-0.006715464;1;0
45050;0.095774953;-0.000931963;-0.008604675;1;1
45051;0.095774953;0.000931963;0.022161568;1;
45052;0.095774953;;;0;
45053;0.095774953;;;0;1
45054;0.095774953;0.000929967;0.009547579;1;1
45055;0.095774953;0.00092798;0.003864077;1;1
45056;0.064883209;0.000926001;0.002900718;1;1
45057;0.084909248;0.002766216;0.001110818;1;1
45058;0.101104307;-0.000920116;0.012206356;1;
45059;0.017569376;;;0;
45060;0.244530471;;;0;0
45061;0.157349852;0.008211695;-0.009492329;1;0
45062;0.221727241;0.004495842;-0.006928741;1;1
45063;0.220273607;-0.000895453;0.012981964;1;1
45064;0.076117699;0.000895453;0.003614929;1;1
45065;0.063779611;-0.001792756;0.011475001;1;
45066;0.270648582;;;0;
45067;0.270648582;;;0;0
45068;0.002376294;0.003578142;-0.003192013;1;1
45069;0.159259448;0.001778076;0.000530391;1;1
45070;0.109177015;0.000886316;0.000238547;1;
45071;0.125482498;;;0;
45072;0.003302995;;;0;
45073;0.003302995;;;0;
45074;0.042521556;;;0;1
45075;0.099163912;-0.000886316;0.006819361;1;0
45076;0.118405879;0.000886316;-0.00463531;1;1
45077;0.118405879;-0.002664392;0.001000111;1;1
45078;0.048676384;0;0.014108397;1;0
45079;0.015780328;0;-0.000537145;1;
45080;0.166839776;;;0;
45081;0.100567325;;;0;1
45082;0.127668437;-0.003129258;0.012729644;1;1
45083;0.107827637;-0.001348044;0.024699064;1;1
45084;0.155794159;-0.000901026;0.000528424;1;1
45085;0.115156449;0;0.000543694;1;1
45086;0.127210398;-0.000902899;0.001878246;1;
45087;0.066314251;;;0;
45088;0.131785813;;;0;0
45089;0.101625144;0.000902899;-0.0010069;1;0
45090;0.058674369;0.004486553;-0.004232131;1;0
45091;0.006431948;0.006204312;-0.009859563;1;1
45092;0.044856864;-0.007993376;0.022802582;1;1
45093;0.111981086;0.004458915;0.014607213;1;
45094;0.083237766;;;0;
45095;0.078243322;;;0;
45096;0.072435739;;;0;
45097;0.26545617;;;0;1
45098;0.054398253;0;0.021210782;1;0
45099;0.14281724;0.000886316;-0.01601934;1;1
45100;0.174874272;0.001767223;0.004000065;1;
45101;0.114748784;;;0;
45102;0.099283737;;;0;1
45103;0.087163518;-0.001767223;0.013648709;1;0
45104;0.169510045;0.002648145;-0.019054454;1;0
45105;0.30327169;0;-0.007101495;1;1
45106;0.02975729;-0.001763635;0.008959994;1;1
45107;0.02975729;0;0.010115518;1;
45108;0.02975729;;;0;
45109;0.02975729;;;0;1
45110;0.02975729;0.000882713;0.009523973;1;1
45111;0.063606;-0.001767223;0.006564746;1;0
45112;0.063606;-0.000886316;-0.003798237;1;0
45113;0.063606;-0.000888128;-0.018620348;1;1
45114;0.063606;0.000888128;0.005340644;1;
45115;0.063606;;;0;
45116;0.063606;;;0;0
45117;0.063606;0.002653539;-0.005542026;1;0
45118;0.053642095;0.002637424;-0.000585418;1;
45119;0.089020097;;;0;
45120;0.037846078;;;0;1
45121;0.152852239;0.020541893;5.99393E-05;1;
45122;0.078526986;;;0;
45123;0.079997245;;;0;1
45124;0.046910662;-0.001675198;0.014740715;1;1
45125;0.008261329;0;3.60374E-05;1;0
45126;0.185888516;0.004175941;-0.007682221;1;1
45127;0.065894015;0;0.005618338;1;1
45128;0.103389117;0.002486426;0.010435578;1;
45129;0.236782093;;;0;
45130;0.212723637;;;0;0
45131;0.41450928;0.019394976;-0.025228527;1;1
45132;0.319570839;-0.012833273;0.017265029;1;0
45133;0.258080326;0.008065125;-0.008384471;1;0
45134;0.258080326;0.005557775;-0.025257791;1;1
45135;0.066717749;-0.001580691;0.008829152;1;
45136;0.149469749;;;0;
45137;0.149469749;;;0;1
45138;0.149469749;-0.000792508;0.000175456;1;0
45139;0.149469749;0.007860748;-0.011786288;1;0
45140;0.123324866;0;-0.007540842;1;0
45141;0.10387474;0.007720994;-0.011355615;1;1
45142;0.048325183;0.003050369;0.006729168;1;
45143;0.084817221;;;0;
45144;0.098168304;;;0;0
45145;0.108036099;0.016404489;-0.015606697;1;1
45146;0.158378854;0.001461043;0.011582373;1;0
45147;0.164699816;0.001456144;-0.006057613;1;1
45148;0.124104256;0.001451278;0.007032644;1;1
45149;0.117934166;0.000362063;0.008658379;1;
45150;0.051774111;;;0;
45151;0.18296363;;;0;0
45152;0.120371037;0.051152522;-0.037040301;1;0
45153;0.073938399;0.031034234;-0.004605228;1;0
45154;0.057042401;0.028963696;-0.000370106;1;1
45155;0.16318976;-0.011354751;0.025914125;1;1
45156;0.137451839;-0.02364091;0.025107791;1;
45157;0.150901887;;;0;
45158;0.060765671;;;0;
45159;0.091522539;;;0;1
45160;0.083971178;0.004231156;0.002885669;1;1
45161;0.109299106;0.004785663;0.010694259;1;1
45162;0.041031166;-0.005990364;0.004583774;1;1
45163;0.073999084;0.00300551;0.009317147;1;
45164;0.020079935;;;0;
45165;0.097411913;;;0;1
45166;0.029096884;0.004765968;0.018254077;1;1
45167;0.03546695;0.007052298;0.004578253;1;1
45168;0.114945822;-0.005868934;0.000919235;1;0
45169;0.114945822;-0.002964479;-0.011566099;1;0
45170;0.122604675;-0.001489862;-0.011192862;1;
45171;0.109254064;;;0;
45172;0.152462997;;;0;0
45173;0.143101718;0;-0.001060622;1;0
45174;0.124761781;-0.002995146;-0.021777424;1;0
45175;0.079988691;-0.003015946;-0.007382164;1;0
45176;0.061389876;0;-0.027607381;1;0
45177;0.072231202;-0.006095461;-0.006336389;1;
45178;0.118141455;;;0;
45179;0.071558791;;;0;0
45180;0.036304585;0.004275789;-0.019611034;1;1
45181;0.15833511;0.007830765;0.011994264;1;1
45182;0.054984302;0.002974631;0.009221991;1;1
45183;0.116812178;-0.007776831;0.021938414;1;0
45184;0.080537036;0.004802199;-0.008034736;1;
45185;0.140365942;;;0;
45186;0.065553089;;;0;1
45187;0.074439572;0.004749679;0.008581782;1;0
45188;0.051583545;0.001179348;-0.007554985;1;0
45189;0.100549552;-0.002954396;-0.008216049;1;0
45190;0.131002947;0.005888829;-0.012332848;1;0
45191;0.083843019;0;-0.000284486;1;
45192;0.086635765;;;0;
45193;0.095650634;;;0;0
45194;0.067477824;0;-0.003820963;1;0
45195;0.099010712;0.007538011;-0.011748636;1;
45196;0.023406736;;;0;1
45197;0.060394415;0.018016094;0.01150899;1;0
45198;0.057783233;0.005480129;-0.01983124;1;
45199;0.057783233;;;0;
45200;0.094629468;;;0;0
45201;0.163472412;0;-0.004454345;1;0
45202;0.190595139;0.005411839;-0.00183961;1;1
45203;0.144436746;0.017395187;0.006907739;1;1
45204;0.162108793;0;0.013914999;1;0
45205;0.085046579;0.017470335;-0.006387703;1;
45206;0.088818698;;;0;
45207;0.067693088;;;0;0
45208;0.117113887;0.031119801;-0.017716119;1;1
45209;0.059404478;0.026872146;0.004882252;1;1
45210;0.044694474;0;0.011490743;1;1
45211;0.067759561;-0.013228266;0.039184019;1;
45212;0.075643186;;;0;
45213;0.06582226;;;0;
45214;0.063450323;;;0;
45215;0.150109233;;;0;1
45216;0.348869022;0.002232881;0.032328823;1;1
45217;0.06848445;-0.03718158;0.023917841;1;0
45218;0.134918602;-0.002433029;-0.016924853;1;1
45219;0.113808283;0;0.020388127;1;
45220;0.078304417;;;0;
45221;0.095506148;;;0;0
45222;0.024370565;0.082018458;-0.139699976;1;0
45223;0.090282551;0;-0.030176779;1;1
45224;0.071617932;-0.03577327;0.05657981;1;1
45225;0.160046273;-0.00886346;0.000469942;1;0
45226;0.187172337;0.002232881;-0.013698362;1;
45227;0.127100613;;;0;
45228;0.092133764;;;0;0
45229;0.035010449;-0.006733383;-0.037786944;1;1
45230;0.035010449;-0.023229841;0.013925343;1;1
45231;0.152246639;-0.002392813;0.029362476;1;1
45232;0.068866469;0.004772515;0.021107511;1;0
45233;0.033689079;0;-0.011307646;1;
45234;0.005751056;;;0;
45235;0.007171538;;;0;0
45236;0.196539981;0;0;1;0
45237;0.281111193;-0.016938422;-0.00120605;1;0
45238;0.126876662;0;-0.019055268;1;0
45239;0.098794914;0.028645181;-0.000597046;1;1
45240;0.13586772;0.004595752;0.019947399;1;
45241;0.048876923;;;0;
45242;0.080620343;;;0;1
45243;0.105745393;-0.016302511;0.000692919;1;0
45244;0.108504096;0;-0.001672309;1;0
45245;0.106061638;0.020850139;-0.024392716;1;0
45246;0.156383961;-0.011459622;-0.007643414;1;1
45247;0.131911774;0;0.029816144;1;
45248;0.05300503;;;0;
45249;0.14064186;;;0;
45250;0.191461012;;;0;1
45251;0.087511727;0.054494254;0.034860602;1;1
45252;0.098772331;0.004077912;0.02051742;1;1
45253;0.108425184;-0.014443428;0.034854628;1;1
45254;0.102951715;-0.021504119;0.040182528;1;
45255;0.075428531;;;0;
45256;0.092770049;;;0;0
45257;0.064134838;-0.002210155;-0.034272793;1;0
45258;0.31198845;-0.020414465;-0.017340407;1;1
45259;0.061673701;-0.009390517;0.018809349;1;1
45260;0.061673701;-0.009598059;0.022064901;1;1
45261;0.065412056;0.023608773;0.005693997;1;
45262;0.056927129;;;0;
45263;0.018968983;;;0;0
45264;0.048280995;-0.011643981;-0.000905538;1;1
45265;0.12348526;-0.009545318;0.029567068;1;0
45266;0.024437897;0.021189299;-0.016683766;1;1
45267;0.107712119;0.015794267;0.006596731;1;
45268;0.020586536;;;0;
45269;0.023428142;;;0;
45270;0.155559344;;;0;1
45271;0.068865255;0.004409119;0.01143432;1;0
45272;0.06138993;0.029670671;-0.015155792;1;0
45273;0.166661146;-0.002053406;-0.000767058;1;1
45274;0.117047189;-0.034247844;0.028239341;1;0
45275;0.061226462;-0.009001244;-0.02005004;1;
45276;0.093097079;;;0;
45277;0.073658329;;;0;0
45278;0.086867247;0.006768363;-0.00854597;1;0
45279;0.080281024;0.002232881;-0.005740707;1;1
45280;0.071427545;0.00222146;0.000359226;1;1
45281;0.1189362;-0.00222146;0.012943214;1;0
45282;0.158568501;0.004431615;-0.001873837;1;
45283;0.193451076;;;0;
45284;0.147063514;;;0;
45285;0.107729666;;;0;0
45286;0.004377591;0;-0.016495054;1;0
45287;0.089847268;0.002198964;-0.021728817;1;1
45288;0.090197202;0;0.0152003;1;1
45289;0.218900153;0.010830848;0.001313232;1;
45290;0.243904517;;;0;
45291;0.243904517;;;0;
45292;0.243904517;;;0;1
45293;0.243904517;-0.008642962;0.008977066;1;1
45294;0.031704308;0;0.019171279;1;1
45295;0.208166435;0.006498293;0.007726732;1;1
45296;0.122044111;0.002144668;0.01918946;1;
45297;0.122044111;;;0;
45298;0.122044111;;;0;1
45299;0.047592477;0.010567297;0.00935156;1;0
45300;0.08220489;0.028289639;-0.046073925;1;0
45301;0.098389111;0.011581873;-0.007569423;1;1
45302;0.109709325;-0.011581873;0.00069441;1;0
45303;0.104279841;0;-0.004516957;1;
45304;0.131174044;;;0;
45305;0.072067694;;;0;0
45306;0.078221352;0.003895044;-0.001699751;1;0
45307;0.280864092;0.018967839;-0.010924017;1;1
45308;0.062107121;0.016390416;0.010066907;1;0
45309;0.090149748;0.005328834;-0.001702898;1;1
45310;0.095175235;-0.007119741;0.022637245;1;
45311;0.049973787;;;0;
45312;0.086109407;;;0;1
45313;0.041271809;0.005350718;0.011002981;1;0
45314;0.06362902;0.007033263;-0.011862778;1;1
45315;0.100371125;0;0.015970299;1;1
45316;0.022169538;-0.003502394;0.014898915;1;0
45317;0.058976993;-0.008881587;-0.001835437;1;
45318;0.144726728;;;0;
45319;0.097143694;;;0;0
45320;0.122729807;0.001790908;-0.001794937;1;1
45321;0.10218891;-0.003589231;0.008249893;1;1
45322;0.10218891;-0.007268697;0.005010707;1;1
45323;0.041730108;0;0.014202344;1;1
45324;0.050919696;-0.007392425;0.011949024;1;
45325;0.040285384;;;0;
45326;0.062538847;;;0;0
45327;0.097214732;-0.005628085;-0.012980975;1;0
45328;0.053923291;-0.005701979;-0.01020226;1;0
45329;0.100010206;0.009462128;-0.03248527;1;0
45330;0.145403429;-0.009462128;-0.004696801;1;1
45331;0.160277554;0;0.004877749;1;
45332;0.160277554;;;0;
45333;0.127650299;;;0;
45334;0.112012388;;;0;
45335;0.288408655;;;0;1
45336;0.240276345;-0.015581742;0.00666602;1;1
45337;0.59687351;-0.012064511;0.007393196;1;0
45338;0.25845246;0.00808013;-0.019498939;1;
45339;0.068113523;;;0;
45340;0.169107549;;;0;0
45341;0.147891037;0.005962947;-0.003162341;1;0
45342;0.007429119;0.001969593;-0.007080816;1;0
45343;0.194441104;0;-0.008359884;1;1
45344;0.082823042;-0.011953814;0.026948791;1;1
45345;0.061835316;0;0.011777677;1;
45346;0.068684965;;;0;
45347;0.069616967;;;0;0
45348;0.071444843;-0.002024687;-0.007975007;1;0
45349;0.050701394;-0.004077912;-0.014863229;1;0
45350;0.030964404;-0.010365515;-0.004801871;1;1
45351;0.030964404;-0.006340178;0.013189114;1;1
45352;0.115117443;0.008433168;0.008459643;1;
45353;0.115180772;;;0;
45354;0.035236822;;;0;1
45355;0.15987434;-0.014867278;0.011833172;1;0
45356;0.056524224;-0.002166062;-0.021224445;1;1
45357;0.08404275;-0.008773924;0.011807506;1;1
45358;0.071498611;-0.00222146;0.000116344;1;0
45359;0.135060702;0.004431615;-0.001157803;1;
45360;0.129006907;;;0;
45361;0.126053917;;;0;0
45362;0.137570391;0.00438685;-0.024135466;1;1
45363;0.137497919;0.006498293;0.023738611;1;
45364;0.139499676;;;0;1
45365;0.158827614;0.002144668;0.003009236;1;1
45366;0.009627263;0;0.012311553;1;
45367;0.01019854;;;0;
45368;0.048767049;;;0;1
45369;0.100736699;-0.002144668;0.023996776;1;0
45370;0.065529356;0.004278798;-0.002043714;1;1
45371;0.058833171;0;0.02072917;1;
45372;0.103734464;;;0;
45373;0.061447766;;;0;
45374;0.085786909;;;0;
45375;0.085786909;;;0;1
45376;0.036883868;-0.004278798;0.014319323;1;1
45377;0.146805152;-0.002155312;0.002784644;1;1
45378;0.091434357;-0.002166062;0.001747131;1;
45379;0.112182891;;;0;
45380;0.120767223;;;0;
45381;0.098387211;;;0;
45382;0.098387211;;;0;
45383;0.133497457;;;0;
45384;0.20518931;;;0;1
45385;0.170544522;-0.002176919;0.001874171;1;0
45386;0.173766504;-0.002187886;-0.008512188;1;1
45387;0.076544946;-0.006630579;0.017950556;1;
45388;0.119009478;;;0;
45389;0.094645973;;;0;1
45390;0.141483024;0;0.005425888;1;1
45391;0.050352157;0.006630579;0.001615996;1;0
45392;0.061402229;0;-0.006726289;1;1
45393;0.085356079;0;0.008832761;1;0
45394;0.119336082;0.002187886;-0.007315066;1;
45395;0.146983949;;;0;
45396;0.092290924;;;0;0
45397;0.088930435;0.004342981;-0.021060809;1;0
45398;0.127918921;0.008557804;-0.006491716;1;0
45399;0.113970456;-0.002123694;-0.009169264;1;1
45400;0.058823336;-0.00213413;0.002310519;1;1
45401;0.01651988;-0.00429998;0.010323608;1;
45402;0.01651988;;;0;
45403;0.093892533;;;0;1
45404;0.077972863;0.008557804;0.019431618;1;0
45405;0.102900671;-0.002123694;-0.005692992;1;0
45406;0.12052808;0.002123694;-0.017408821;1;1
45407;0.066332083;0.008392425;0.006680951;1;1
45408;0.151559441;0;0.011806925;1;
45409;0.218338845;;;0;
45410;0.171293165;;;0;1
45411;0.18870807;-0.004175941;0.013780093;1;1
45412;0.18870807;-0.002103125;0.00722468;1;
45413;0.18870807;;;0;1
45414;0.096255541;0;0.014865086;1;1
45415;0.11957091;0;0.025349928;1;
45416;0.135175062;;;0;
45417;0.137407192;;;0;1
45418;0.129717734;0.002103125;0.010810996;1;0
45419;0.124192041;-0.002103125;-0.007348687;1;0
45420;0.37764129;0;-0.003912089;1;0
45421;0.37764129;0.002103125;-0.00679219;1;0
45422;0.37764129;-0.002103125;-0.006273526;1;
45423;0.37764129;;;0;
45424;0.016766139;;;0;0
45425;0.016766139;0.002103125;-0.011639989;1;0
45426;0.193724981;0.010365515;-9.64512E-05;1;1
45427;0.143083898;0.012120633;0.008309975;1;1
45428;0.222334669;0;0.001041251;1;0
45429;0.098065957;0.007896481;-0.010212875;1;
45430;0.095542962;;;0;
45431;0.408448672;;;0;0
45432;0.067933861;0.022862883;-0.004949118;1;0
45433;0.13183134;0.018173969;-0.005465745;1;0
45434;0.121503664;0.015730695;-0.020774867;1;0
45435;0.15383645;0.001713195;-0.015568309;1;1
45436;0.10769186;-0.021018351;0.023030979;1;
45437;0.100514775;;;0;
45438;0.495936526;;;0;1
45439;0.117374201;-0.005417465;0.005417465;1;1
45440;0.319696426;0.001813341;0.013507583;1;0
45441;0.198710483;0.007178585;-0.009302463;1;1
45442;0.198710483;0;0.020368689;1;1
45443;0.198710483;-0.001783553;0.00400003;1;
45444;0.198710483;;;0;
45445;0.198710483;;;0;0
45446;0.093573648;0.003559811;-0.001505456;1;0
45447;0.065776595;0.010507637;-0.031441821;1;1
45448;0.045254208;-0.005222041;0.002352018;1;0
45449;0.337447722;0;-0.018937603;1;0
45450;0.337447722;0.005222041;-0.000773875;1;
45451;0.099314058;;;0;
45452;0.05290023;;;0;1
45453;0.105472525;0.005159995;0.010951783;1;0
45454;0.13825492;0.005099407;-0.013937018;1;1
45455;0.080297002;-0.003392943;0.009873966;1;1
45456;0.116915357;-0.013843227;0.024001893;1;0
45457;0.041589025;0.012136763;-0.018359592;1;
45458;0.016889548;;;0;
45459;0.255814649;;;0;
45460;0.046300515;;;0;0
45461;0.148184123;0.008466047;-0.015366204;1;1
45462;0.218503454;-0.001680058;0.006955237;1;
45463;0.089254431;;;0;
45464;0.111031589;;;0;
45465;0.035835149;;;0;
45466;0.166132179;;;0;0
45467;0.008888067;0.009984221;-0.014635843;1;0
45468;0.143841968;0.011365364;-0.008326161;1;1
45469;0.108313261;0;0.001063818;1;1
45470;0.095815645;-0.003217011;0.019776993;1;0
45471;0.15425591;0.003217011;-0.009736909;1;
45472;0.139413699;;;0;
45473;0.139413699;;;0;0
45474;0.146736734;0.012634912;-0.017122058;1;1
45475;0.197728147;0.007714137;0.003485031;1;0
45476;0.084836695;-0.007714137;-0.001099411;1;1
45477;0.363590231;0;0.002492036;1;0
45478;0.109223669;0.004644905;-0.000281561;1;
45479;0.094872679;;;0;
45480;0.094872679;;;0;0
45481;0.155600711;0.006116925;-0.002349863;1;
45482;0.216953903;;;0;1
45483;0.0732879;0.003026455;0.009166552;1;0
45484;0.073288497;0.004500501;-0.000492853;1;0
45485;0.138046294;0.010323275;-0.007801372;1;
45486;0.104050716;;;0;
45487;0.051425399;;;0;0
45488;0.127986983;-0.025509944;-0.031376742;1;1
45489;0.069053956;-0.003102117;0.00920107;1;0
45490;0.024563609;0.015293639;-0.015798115;1;1
45491;0.050390073;0;0.001221652;1;1
45492;0.112962531;-0.003015946;0.014296067;1;
45493;0.112246638;;;0;
45494;0.224115059;;;0;1
45495;0.195591329;-0.001515864;0.007396009;1;1
45496;0.107486304;0.001515864;0.010672643;1;0
45497;0.225880941;0.001510591;-0.01596991;1;0
45498;0.187654418;-0.001510591;-0.010691482;1;1
45499;0.171385036;-0.003037037;0.004092143;1;
45500;0.149141727;;;0;
45501;0.149141727;;;0;0
45502;0.059216913;-0.00613854;-0.011326088;1;0
45503;0.059216913;-0.009373626;-0.011431888;1;1
45504;0.059216913;-0.00476379;0.025748703;1;1
45505;0.059216913;0.003181659;0.002167009;1;0
45506;0.121470861;0.004729206;-0.02453093;1;
45507;0.098988655;;;0;
45508;0.064312808;;;0;0
45509;0.114588293;-0.001570687;-0.002333258;1;1
45510;0.136347441;-0.004746435;0.015927884;1;0
45511;0.03068719;0.003170047;-0.004785072;1;1
45512;0.149393903;-0.003170047;0.02595059;1;1
45513;0.164754361;-0.009651386;0.024582503;1;
45514;0.189516921;;;0;
45515;0.221853247;;;0;0
45516;0.112374134;0.003241019;-0.001869406;1;1
45517;0.108249209;-0.001617486;0.002379884;1;1
45518;0.081585281;-0.001623533;0.00586285;1;1
45519;0.138293037;0.001623533;0.008145576;1;1
45520;0.037060451;-0.00488892;0.006327525;1;
45521;0.24265124;;;0;
45522;0.11802987;;;0;0
45523;0.076491179;0.00488892;-0.002854247;1;1
45524;0.113636136;-0.001623533;0.002199769;1;0
45525;0.143775297;0;-0.010115027;1;0
45526;0.052977533;-0.001629625;-0.010226342;1;1
45527;0.07054687;0;0.008059751;1;
45528;0.035593513;;;0;
45529;0.094672999;;;0;0
45530;0.05136816;0;-0.003790604;1;1
45531;0.083982099;0;0.006260945;1;1
45532;0.080467024;-0.001635763;0.002014566;1;1
45533;0.105643943;-0.006605367;0.017894922;1;1
45534;0.036273481;-0.006707384;0.021474679;1;
45535;0.036273481;;;0;
45536;0.036273481;;;0;1
45537;0.16146305;0;0.009322708;1;0
45538;0.084532789;0.001686583;-0.006559542;1;1
45539;0.099054467;0.001680058;0.013485912;1;1
45540;0.111829543;-0.013626043;0.005956381;1;0
45541;0.053342689;-0.005222041;-0.005687664;1;
45542;0.05446494;;;0;
45543;0.309073048;;;0;0
45544;0.01988371;0.00694886;-0.002709646;1;0
45545;0.023022066;0;-0.005877682;1;1
45546;0.195350635;0.00513964;0.007079637;1;1
45547;0.142732248;-0.001706464;0.008043382;1;1
45548;0.123682717;-0.005159995;0.011823191;1;
45549;0.105509097;;;0;
45550;0.154721602;;;0;0
45551;0.192234995;0;-0.001163098;1;0
45552;0.152703678;0.001726819;-0.001624869;1;1
45553;0.184578117;-0.00694886;0.007379966;1;1
45554;0.09524004;-0.003516574;0.011095673;1;0
45555;0.048832329;0.001761846;-0.007471659;1;
45556;0.060523098;;;0;
45557;0.11611019;;;0;0
45558;0.069929252;-0.003530869;-0.004330329;1;0
45559;0.011462528;0;-0.003791288;1;0
45560;0.039933194;-0.001776258;-0.005761667;1;0
45561;0.078303978;0;-0.007145247;1;0
45562;0.065151778;0.005307127;-0.002253481;1;
45563;0.135994566;;;0;
45564;0.144161512;;;0;0
45565;0.144161512;-0.00709068;-0.000612524;1;1
45566;0.058130715;-0.001790908;0.009741538;1;1
45567;0.085460769;-0.005417465;0.001986862;1;1
45568;0.104703638;-0.003649555;0.013620404;1;1
45569;0.049152409;-0.003680484;0.004056988;1;
45570;0.082491387;;;0;
45571;0.154883793;;;0;0
45572;0.174838075;-0.003711941;-0.006778592;1;1
45573;0.100334191;-0.003743941;0.00797253;1;1
45574;0.103303997;0;0.01005744;1;0
45575;0.09415441;0.005603878;-0.002902417;1;
45576;0.074439018;;;0;
45577;0.055645894;;;0;
45578;0.062314271;;;0;1
45579;0.055584183;0;0.005187644;1;0
45580;0.076662899;0.016390416;-0.013551009;1;0
45581;0.081663443;-0.005395032;-0.004322959;1;1
45582;0.114806945;0;0.006201553;1;0
45583;0.114806945;0.005395032;-0.000189122;1;
45584;0.593510687;;;0;
45585;0.011784565;;;0;0
45586;0.13638739;0.001783553;-0.002409095;1;0
45587;0.146371374;0.001776258;-0.004928197;1;0
45588;0.117545016;-0.001776258;-0.006279866;1;1
45589;0.118867326;-0.008991925;0.027130809;1;0
45590;0.155309398;0.007208373;-0.001891032;1;
45591;0.075407524;;;0;
45592;0.10245732;;;0;1
45593;0.152287237;-0.005395032;0.000527952;1;1
45594;0.082818413;-0.009143379;0.007669441;1;1
45595;0.088373106;-0.005579877;0.003668739;1;0
45596;0.088373106;0.007424018;-0.004782861;1;1
45597;0.097592203;-0.003696146;0.01094912;1;
45598;0.07664194;;;0;
45599;0.097332869;;;0;1
45600;0.096224458;-0.007488021;0.016448122;1;1
45601;0.224973348;-0.013422973;0.016178559;1;1
45602;0.09529609;0.003877655;0.006198495;1;1
45603;0.151137083;-0.009759837;0.018233436;1;0
45604;0.157981704;0.005882182;-0.017028214;1;
45605;0.013524937;;;0;
45606;0.316260075;;;0;1
45607;0.09295462;0;0.005133496;1;1
45608;0.103647224;0;0.00525409;1;1
45609;0.161476867;0.001943155;0.004592954;1;1
45610;0.16424448;0.003860421;0.005623659;1;0
45611;0.124099725;0;-0.004334319;1;
45612;0.110427804;;;0;
45613;0.158830863;;;0;
45614;0.162788217;;;0;1
45615;0.134336113;-0.001925921;0.0138421;1;1
45616;0.115073511;-0.003877655;0.008262807;1;1
45617;0.196242472;-0.001951889;0.000761194;1;1
45618;0.137844071;0.005829544;0.008519917;1;
45619;0.233192274;;;0;
45620;0.111962896;;;0;1
45621;0.162153953;-0.005829544;0.007116194;1;1
45622;0.088572279;0.005829544;0.000720769;1;0
45623;0.153233709;-0.007790244;-0.001372639;1;1
45624;0.21176099;-0.001969593;0.006974015;1;1
45625;0.211158362;0.003930294;0.001389111;1;
45626;0.211158362;;;0;
45627;0.06337493;;;0;1
45628;0.121292345;-0.011899223;0.018982887;1;1
45629;0.105314114;0;0.001616253;1;0
45630;0.094328753;-0.004039978;-0.012816426;1;1
45631;0.128402937;-0.014443428;0.013522484;1;0
45632;0.129391749;0.00209299;-0.003891308;1;
45633;0.092368233;;;0;
45634;0.112984213;;;0;1
45635;0.13249577;0.002082951;0.003094672;1;0
45636;0.13745618;0.002073009;-0.007487025;1;1
45637;0.124045078;0.004116566;0.013268284;1;0
45638;0.098743578;0.010123873;-0.007677909;1;1
45639;0.076804363;0;0.012370248;1;
45640;0.179372792;;;0;
45641;0.136171475;;;0;1
45642;0.223503268;0.00793254;0.022578724;1;0
45643;0.148955025;0.015443209;-0.007155475;1;0
45644;0.149174777;0.014912864;-0.027005766;1;0
45645;0.127702705;-0.011136366;-0.006642934;1;1
45646;0.168943133;-0.005677133;0.014148819;1;
45647;0.127354019;;;0;
45648;0.081229991;;;0;0
45649;0.116468811;0.01864211;-0.012769925;1;1
45650;0.162646943;-0.003664954;0.012238644;1;
45651;0.121734113;;;0;1
45652;0.088476677;0.007299239;0.000523726;1;0
45653;0.205482953;-0.001813341;-0.00151719;1;
45654;0.181321871;;;0;
45655;0.226779357;;;0;0
45656;0.112329069;0.005417465;-0.012879841;1;
45657;0.112329069;0;;0;
45658;0.05043678;;;0;1
45659;0.05043678;-0.005417465;0.032336397;1;1
45660;0.05043678;0;0.005326433;1;
45661;0.05043678;;;0;
45662;0.05043678;;;0;1
45663;0.120601727;-0.003649555;0.015007518;1;0
45664;0.068657595;0.003649555;-0.000413026;1;0
45665;0.105843101;0.001813341;-0.007965621;1;1
45666;0.092257438;0;0.007313493;1;0
45667;0.118608029;0.001805801;-0.005596374;1;
45668;0.118105662;;;0;
45669;0.050056265;;;0;0
45670;0.070798846;0.008918065;-0.032778844;1;1
45671;0.060814455;-0.003545281;0.016134609;1;1
45672;0.047391386;-0.005372784;0.000772503;1;0
45673;0.140559676;0.003589231;-0.015819142;1;0
45674;0.048533351;0;-0.020025865;1;
45675;0.072030511;;;0;
45676;0.101691585;;;0;1
45677;0.085413098;0.001783553;0.002682101;1;1
45678;0.08302753;-0.001783553;0.015745655;1;1
45679;0.039951149;0.001783553;0.008249722;1;0
45680;0.049843758;0;-0.009150446;1;0
45681;0.042290112;-0.005372784;-0.004494224;1;
45682;0.094397606;;;0;
45683;0.081146944;;;0;0
45684;0.105940399;0.001798323;-0.023839512;1;0
45685;0.079777033;0;-0.000618292;1;1
45686;0.142753619;-0.003604124;0.02274148;1;1
45687;0.07255067;0;0.009112721;1;0
45688;0.07255067;0;-0.00583154;1;
45689;0.130076582;;;0;
45690;0.124339987;;;0;0
45691;0.174610545;0;-0.013854304;1;1
45692;0.061278452;-0.001813341;0.008666623;1;0
45693;0.136372751;0;-0.007977432;1;1
45694;0.070451934;-0.001820944;0.006314503;1;0
45695;0.069711157;-0.001828611;-0.013550575;1;
45696;0.025280879;;;0;
45697;0.100367548;;;0;0
45698;0.084497832;0;-0.004519224;1;0
45699;0.052617299;0.003649555;-0.02558793;1;1
45700;0.095933339;0.001813341;0.000525774;1;1
45701;0.056898672;0.001805801;0.010906316;1;1
45702;0.058866028;-0.001805801;0.007969218;1;
45703;0.040904473;;;0;
45704;0.06006709;;;0;0
45705;0.06484912;0.005395032;-0.030327351;1;1
45706;0.08220332;0;0.02572092;1;1
45707;0.039430863;-0.003589231;0.005375046;1;1
45708;0.059397871;0;0.001559853;1;0
45709;0.070271927;0.001798323;-0.010110453;1;
45710;0.079736226;;;0;
45711;0.128217188;;;0;0
45712;0.12246116;0.00357446;-0.006547403;1;0
45713;0.073484951;0;-0.012285144;1;1
45714;0.102271021;-0.00357446;0.002076227;1;0
45715;0.067219278;-0.001798323;-0.01402142;1;1
45716;0.067219278;0.001798323;0.000599235;1;
45717;0.064271711;;;0;
45718;0.082776329;;;0;
45719;0.113245727;;;0;
45720;0.057661614;;;0;1
45721;0.055855665;-0.001798323;0.018077057;1;0
45722;0.066216345;-0.003619142;-0.000165291;1;0
45723;0.15491577;0;-0.001512401;1;
45724;0.026526961;;;0;
45725;0.130425426;;;0;0
45726;0.053498479;0.003619142;-0.027987707;1;1
45727;0.055837333;-0.001805801;0.005979392;1;1
45728;0.044063795;0.003604124;0.018630068;1;0
45729;0.077570956;0.001790908;-0.009649046;1;1
45730;0.063561546;0.001783553;0.017881006;1;
45731;0.11431427;;;0;
45732;0.088031645;;;0;0
45733;0.089519138;0.005307127;-0.00331634;1;0
45734;0.086800926;0.010423568;-0.021249998;1;1
45735;0.142123372;-0.00171998;0.020928474;1;0
45736;0.041417665;-0.005201194;-0.000362215;1;1
45737;0.03547979;0.005201194;0.007833769;1;
45738;0.127670507;;;0;
45739;0.126616913;;;0;
45740;0.096280644;;;0;1
45741;0.052173956;0.00513964;0.004416655;1;0
45742;0.085539072;0.005079526;-0.013490177;1;0
45743;0.105086798;-0.003379741;-0.001612101;1;0
45744;0.073208765;0;-0.006077365;1;
45745;0.07970799;;;0;
45746;0.065509672;;;0;0
45747;0.065509672;0.008400542;-0.015729359;1;1
45748;0.12568032;-0.003340743;0.006628058;1;
45749;0.146006685;;;0;0
45750;0.034169716;-0.001680058;-0.013485916;1;0
45751;0.100303879;0;-0.03327444;1;
45752;0.109354768;;;0;
45753;0.056172784;;;0;0
45754;0.051885806;0.011626168;-0.028826444;1;0
45755;0.060291624;0.00488892;-0.012532705;1;1
45756;0.042869104;-0.001623533;0.041803408;1;0
45757;0.064385179;0.003241019;-0.017820449;1;1
45758;0.045301522;0.003217011;0.024145321;1;
45759;0.0631736;;;0;
45760;0.042467304;;;0;1
45761;0.075073283;-0.033295569;0.055166121;1;0
45762;0.095436488;0;-0.015072721;1;0
45763;0.069611651;-0.012283895;-0.008412457;1;
45764;0.06922503;;;0;
45765;0.034957855;;;0;
45766;0.109040034;;;0;
45767;0.049263119;;;0;1
45768;0.047016562;-0.033281387;0.006072009;1;1
45769;0.059324221;0.016959423;0.007432446;1;1
45770;0.05144027;0.009143379;0.005753302;1;0
45771;0.051849171;0.005395032;-0.00668792;1;1
45772;0.079374659;-0.005395032;0.003933253;1;
45773;0.094814796;;;0;
45774;0.057155434;;;0;0
45775;0.108121525;-0.001813341;-0.007257248;1;0
45776;0.046437857;-0.001820944;-0.002263846;1;0
45777;0.046437857;-0.005509095;-0.006319168;1;
45778;0.039571729;;;0;
45779;0.063320383;;;0;
45780;0.100528722;;;0;
45781;0.045777294;;;0;0
45782;0.092223765;0.007330039;-0.015870985;1;1
45783;0.047521944;-0.005485898;0.020011574;1;0
45784;0.055376932;-0.007424018;-0.007105189;1;1
45785;0.041563135;-0.001876005;0.002256888;1;1
45786;0.130503106;0.003743941;0.007210073;1;
45787;0.016073933;;;0;
45788;0.028306225;;;0;1
45789;0.068968484;-0.001867936;0.025065498;1;1
45790;0.059264634;-0.003760149;0.014356457;1;1
45791;0.100629871;0.001884144;0.001175823;1;0
45792;0.079543353;0;-0.000598603;1;1
45793;0.128507487;0;0.003741469;1;
45794;0.170634901;;;0;
45795;0.080527787;;;0;1
45796;0.053310699;0;0.0094768;1;0
45797;0.046716748;0.003743941;-0.002105034;1;0
45798;0.065970571;0;-0.010893125;1;1
45799;0.085948906;-0.003743941;0.002872156;1;1
45800;0.067176314;0.001876005;0.003902235;1;
45801;0.066700172;;;0;
45802;0.089038586;;;0;1
45803;0.068532994;0;0.004585007;1;0
45804;0.061411189;-0.001876005;-0.001009884;1;0
45805;0.185602927;0.001876005;-0.003866382;1;0
45806;0.191981047;0;-0.006772358;1;0
45807;0.107492709;0.003727873;-0.009231462;1;
45808;0.107492709;;;0;
45809;0.070803946;;;0;0
45810;0.09338872;-0.005603878;-0.008475985;1;1
45811;0.088501007;-0.001884144;0.005480653;1;0
45812;0.150444883;0.007488021;-0.026997188;1;1
45813;0.098825829;-0.001859936;0.00129616;1;1
45814;0.097565531;-0.003743941;0.010363078;1;
45815;0.026556716;;;0;
45816;0.011581587;;;0;0
45817;0.106070302;0.011136366;-0.020413152;1;1
45818;0.143548829;-0.001836343;0.020256478;1;0
45819;0.088372004;0;-0.006234563;1;1
45820;0.06458556;0;0.003267678;1;0
45821;0.051793095;0;-0.012182618;1;
45822;0.039472627;;;0;
45823;0.086728911;;;0;
45824;0.128270374;;;0;0
45825;0.122275084;0.003664954;-0.014982328;1;0
45826;0.281489845;-0.003664954;-0.000854951;1;0
45827;0.055156358;0.003664954;-0.000896622;1;
45828;0.074989682;;;0;
45829;0.120564902;;;0;
45830;0.033270366;;;0;0
45831;0.083828445;0.003634285;-0.022332606;1;1
45832;0.042145626;0.001805801;0.016995789;1;0
45833;0.020262666;-0.001805801;-0.006733166;1;1
45834;0.037638785;0;0.003111509;1;1
45835;0.058965852;0;0.000453292;1;
45836;0.10733324;;;0;
45837;0.021455533;;;0;0
45838;0.021455533;0.001805801;-0.011760656;1;1
45839;0.054236015;0.003589231;0.004235913;1;1
45840;0.238216094;0.005328834;0.001446163;1;1
45841;0.010562557;-0.001769023;0.004943327;1;1
45842;0.191583512;-0.001776258;0.001888309;1;
45843;0.033964144;;;0;
45844;0.126844972;;;0;0
45845;0.093092301;0.014010714;-0.020061998;1;1
45846;0.046313544;0.003433176;0.013162784;1;
45847;0.066461323;;;0;0
45848;0.068407452;0.005099407;-0.017730201;1;0
45849;0.03879664;0.001686583;-0.014750676;1;
45850;0.116751458;;;0;
45851;0.266175818;;;0;0
45852;0.157903835;0.013261931;-0.001187877;1;1
45853;0.054285277;-0.00327771;0.005595794;1;0
45854;0.125278033;-0.009984221;-0.000136419;1;1
45855;0.085378545;-0.001686583;0.009932641;1;0
45856;0.14907013;0.003366641;-0.001447169;1;
45857;0.064405214;;;0;
45858;0.122025167;;;0;0
45859;0.044953251;0.005001527;-0.011924806;1;0
45860;0.067972343;-0.003327943;-0.003526569;1;1
45861;0.077819249;0;0.015530208;1;1
45862;0.080078639;0.003327943;0.007257106;1;1
45863;0.139825165;-0.001660784;0.014094837;1;
45864;0.03346811;;;0;
45865;0.076142001;;;0;1
45866;0.08302567;0.001660784;0.001582998;1;1
45867;0.176899895;0;0.01745372;1;1
45868;0.09869758;0;0.000454676;1;0
45869;0.09869758;0.004944583;-0.002549946;1;0
45870;0.01381905;0;-0.007680841;1;
45871;0.033501709;;;0;
45872;0.071228277;;;0;1
45873;0.04674632;-0.001641947;0.003255082;1;1
45874;0.059801758;-0.001648178;0.012808067;1;1
45875;0.046304033;-0.001654457;0.014090396;1;0
45876;0.072618967;0.001654457;-0.013692113;1;0
45877;0.103690535;0;-0.008984155;1;
45878;0.026823859;;;0;
45879;0.023883029;;;0;0
45880;0.087688255;0.003290125;-0.002841845;1;1
45881;0.081345843;-0.001641947;0.003248084;1;0
45882;0.081993216;0.00327771;-0.007848758;1;0
45883;0.094413106;-0.006580345;-0.012650691;1;
45884;0.043488843;;;0;
45885;0.039855889;;;0;
45886;0.231696664;;;0;0
45887;0.099850054;0.006580345;-0.004632171;1;0
45888;0.041977628;0;-0.02149882;1;0
45889;0.069363021;0;-0.002133808;1;1
45890;0.023299576;0;0.00440235;1;0
45891;0.035594265;0.001629625;-0.001002897;1;
45892;0.017471046;;;0;
45893;0.074128893;;;0;0
45894;0.032756267;0.00645803;-0.024208276;1;1
45895;0.086512094;-0.001605527;0.00406729;1;0
45896;0.066771679;-0.001611484;-0.011219355;1;1
45897;0.081577031;-0.001617486;0.006697624;1;0
45898;0.058836613;-0.001623533;-0.001110295;1;
45899;0.059828086;;;0;
45900;0.059828086;;;0;0
45901;0.07108583;0.008057643;-0.018039991;1;1
45902;0.06982921;-0.00320514;0.011188375;1;0
45903;0.06445425;-0.004852503;-0.004421543;1;1
45904;0.060107487;0.00645803;0.006011385;1;0
45905;0.043488766;0.001599613;-8.63598E-06;1;
45906;0.110755192;;;0;
45907;0.09411642;;;0;0
45908;0.056970247;0.00476379;-0.066498166;1;0
45909;0.069398265;0;-0.00112345;1;1
45910;0.055934686;0.001576388;0.022084611;1;0
45911;0.05730531;0.006248949;-0.011044958;1;0
45912;0.04874826;0.004628404;-0.015667823;1;
45913;0.056475349;;;0;
45914;0.061131486;;;0;0
45915;0.063931039;0.009111407;-0.011877268;1;1
45916;0.069449136;0.002995146;0.006721926;1;0
45917;0.058206544;0.007398722;-0.008553586;1;0
45918;0.058407424;0.005829544;-0.027801988;1;0
45919;0.048198775;0.002885688;-0.005859491;1;
45920;0.043931623;;;0;
45921;0.047390315;;;0;1
45922;0.050113355;-0.013139323;0.04473539;1;1
45923;0.082629116;-0.019709589;0.020749811;1;1
45924;0.05345994;-0.001553828;0.008186245;1;0
45925;0.071019623;0.001553828;-0.019709195;1;0
45926;0.073836178;0.009208002;-0.003546398;1;
45927;0.034750203;;;0;
45928;0.076095522;;;0;1
45929;0.076475609;-0.003047693;0.003566082;1;0
45930;0.076475609;0.004563557;-0.009372155;1;0
45931;0.036945487;0.004516101;-0.006688726;1;1
45932;0.056742031;-0.00300551;0.01371896;1;1
45933;0.064998806;-0.003026455;0.002152261;1;
45934;0.06532023;;;0;
45935;0.111345165;;;0;0
45936;0.072954926;0.003026455;-0.003617417;1;0
45937;0.043269165;0.00300551;-0.005086831;1;1
45938;0.089526947;0.004469622;0.001663027;1;1
45939;0.069693667;0;0.024471534;1;
45940;0.162234665;;;0;
45941;0.045150583;;;0;
45942;0.078976936;;;0;1
45943;0.080427531;-0.021263417;0.028695487;1;0
45944;0.10811987;0.004644905;-0.021232661;1;0
45945;0.062932966;0.009143379;-0.002747005;1;0
45946;0.10395683;0.004500501;-0.000710249;1;1
45947;0.054758779;0.005929027;0.007381124;1;
45948;0.062590547;;;0;
45949;0.109795443;;;0;0
45950;0.090823715;0.005849172;-0.008286931;1;0
45951;0.074867754;0.011467187;-0.006137362;1;1
45952;0.058506501;0.001412341;0.002035168;1;1
45953;0.078223059;-0.007108088;0.014934239;1;1
45954;0.050168176;0;0.004485176;1;
45955;0.038661971;;;0;
45956;0.148099151;;;0;1
45957;0.05429841;-0.01754964;0.103105958;1;1
45958;0.061346624;0.001489862;0.022121251;1;1
45959;0.054867262;-0.002984854;0.023860095;1;1
45960;0.058955664;-0.001500155;0.000202254;1;1
45961;0.058955664;-0.003015946;0.034362768;1;
45962;0.062357908;;;0;
45963;0.072944969;;;0;1
45964;0.077445872;0;0.014492471;1;0
45965;0.080143905;0.004516101;-0.007856283;1;1
45966;0.094556454;-0.006031965;0.001424107;1;
45967;0.055120107;;;0;0
45968;0.091911343;-0.007659713;-0.019312172;1;
45969;0.079891439;;;0;
45970;0.142349844;;;0;1
45971;0.070010145;0.003080116;0.009948832;1;0
45972;0.089566505;0.004579598;-0.003643609;1;1
45973;0.065430276;-0.001521173;0.005372425;1;0
45974;0.072715254;0;-0.014992497;1;1
45975;0.05236883;-0.00152652;0.017710684;1;
45976;0.049045061;;;0;
45977;0.030765528;;;0;0
45978;0.093433541;0.00152652;-0.011201941;1;1
45979;0.939742029;-0.00152652;0.002385321;1;0
45980;0.939742029;0;-0.009422254;1;
