REDDIT;R USD;R MERVAL;actividad;prediccion
0.025511441;0.009984221;-0.028613408;1;1
0.025511441;0;0.005871802;1;1
0.102425612;-0.001854641;0.020014311;1;1
0.067256375;0.001854641;0.006654757;1;
0.043142405;0;0;0;
0.205818312;0;0;0;1
0.143017798;0.001232042;0.002671811;1;0
0.451890235;0.002453648;-0.002279984;1;1
0.451890235;0.002439863;0.014949562;1;1
0.05255829;0.002426232;0.01561183;1;1
0.552680722;0.009571616;0.005019904;1;
0.149564592;0;0;0;
0.100759975;0;0;0;1
0.161816284;0.001181754;0.013630561;1;1
0.658250303;0.009340026;0.007979515;1;0
0.094148934;-0.001156577;-0.043312269;1;1
0.185907233;-0.003488328;0.003132661;1;1
0.03562487;0.002328662;0.020162354;1;
0.081991364;0;0;0;
0.110654018;0;0;0;1
0.113474766;0;0.004677942;1;0
0.108884093;0.005767608;-0.002750068;1;1
0.245550304;0.002285766;0.011224051;1;1
0.024654111;0.002273798;9.96496E-05;1;0
0.030053074;0.00113245;-0.013263528;1;
0.065454445;0;0;0;
0.029188177;0;0;0;0
0.029188177;-0.003406249;-0.011217721;1;1
0.029188177;-0.002285766;0.015632174;1;1
0.074053649;-0.004607942;0.00032814;1;0
0.14135992;0.001156577;-0.004992148;1;0
0.14135992;0.001153505;-0.018029514;1;
0.14135992;0;0;0;
0.183177326;0;0;0;1
0.032091538;-0.006967441;0.014588627;1;1
0.032091538;0.004657358;0.001004302;1;1
0.053437858;0.004034616;0.00177067;1;0
0.106206195;-0.001724534;-0.001563932;1;1
0.095547978;-0.002310082;0.005202698;1;
0.095547978;0;0;0;
0.095547978;0;0;0;1
0.045793349;0.002310082;0.010917359;1;1
0.045793349;0;0.001409834;1;0
0.198230059;-0.001153505;-0.004756922;1;1
0.165494859;-0.001156577;0.005018406;1;0
0.024349621;0;-0.014187208;1;
0.024349621;0;0;0;
0.110669825;0;0;0;
0.11012944;0;0;0;
0.11274432;0;0;0;0
0.098100839;0;-0.007495532;1;1
0.213320006;0.002310082;0.003484852;1;1
0.019453147;0;0.000557119;1;
0.064130427;0;0;0;
0.064130427;0;0;0;1
0.081614653;-0.002310082;0.00603825;1;0
0.081614653;-0.002322436;-0.002921888;1;1
0.081614653;0;0.003706818;1;0
0.081614653;0.002322436;-0.014375711;1;1
0.112454737;-0.002322436;0.007862157;1;
0.097854471;0;0;0;
0.156272336;0;0;0;1
0.091617179;-0.003507108;0.015962478;1;0
0.133574946;-0.001175358;-0.010158301;1;1
0.142750639;0.007583575;0.00011879;1;0
0.347124018;-0.005236032;-0.000615387;1;0
0.047882809;0;-0.019986483;1;
0.177726522;0;0;0;
0.222398196;0;0;0;0
0.196207415;0.004657358;-0.025719088;1;0
0.149745984;0;-0.009317163;1;0
0.124062732;0.002310082;-0.023758798;1;1
0.141422926;0.004583625;0.022621086;1;0
0.109423704;0;-0.003215715;1;
0.012676116;0;0;0;
0.012676116;0;0;0;0
0.123340383;0.003406249;-0.004742462;1;1
0.126837515;0.008954843;0.005974274;1;0
0.159567111;-0.003336466;-0.0040834;1;0
0.5512584;-0.002238636;-0.008786427;1;
0.5512584;0;0;0;
0.387452245;0;0;0;
0.387452245;0;0;0;1
0.387452245;0.001120761;0.0266186;1;1
0.387452245;0.00776537;0.008010202;1;1
0.387452245;-0.004420338;0.016293718;1;1
0.387452245;0;0.004397196;1;0
0.387452245;0.002215793;-0.01256011;1;
0.387452245;0;0;0;
0.387452245;0;0;0;1
0.156478517;-0.003327943;0.018917882;1;0
0.126933439;0;-0.005505891;1;1
0.088951314;0;0.002342974;1;
0.102581942;0;0;0;
0.166722521;0;0;0;
0.084931268;0;0;0;
0.132599287;0;0;0;1
0.298066515;-0.001115006;0.007760859;1;1
0.003904235;0.003336466;0.002069147;1;1
0.07368205;0.004409119;0.006945912;1;1
0.126707011;0.002187886;0.003437448;1;1
0.048006439;0;0.008571601;1;
0.135750828;0;0;0;
0.138233526;0;0;0;1
0.201180365;0.008642962;5.52469E-05;1;0
0.161716125;0.010567297;-0.005954883;1;0
0.082385471;0.005188765;-0.01899037;1;1
0.120283924;0.008681072;0.001329041;1;1
0.148083784;0.009995711;0.00375055;1;
0.477303129;0;0;0;
0.123675909;0;0;0;0
0.113170449;0.019326636;-0.006772875;1;0
0.0926634;0.030120719;-0.024877766;1;1
0.065955104;-0.018924538;0.021408886;1;0
0.100828971;-0.006495979;-0.005037776;1;0
0.122996374;0.00186593;-0.000184854;1;
0.095774953;0;0;0;
0.095774953;0;0;0;
0.095774953;0;0;0;0
0.095774953;0.004630049;-0.008038086;1;0
0.095774953;-0.004630049;-0.006715464;1;0
0.095774953;-0.000931963;-0.008604675;1;1
0.095774953;0.000931963;0.022161568;1;
0.095774953;0;0;0;
0.095774953;0;0;0;1
0.095774953;0.000929967;0.009547579;1;1
0.095774953;0.00092798;0.003864077;1;1
0.064883209;0.000926001;0.002900718;1;1
0.084909248;0.002766216;0.001110818;1;1
0.101104307;-0.000920116;0.012206356;1;
0.017569376;0;0;0;
0.244530471;0;0;0;0
0.157349852;0.008211695;-0.009492329;1;0
0.221727241;0.004495842;-0.006928741;1;1
0.220273607;-0.000895453;0.012981964;1;1
0.076117699;0.000895453;0.003614929;1;1
0.063779611;-0.001792756;0.011475001;1;
0.270648582;0;0;0;
0.270648582;0;0;0;0
0.002376294;0.003578142;-0.003192013;1;1
0.159259448;0.001778076;0.000530391;1;1
0.109177015;0.000886316;0.000238547;1;
0.125482498;0;0;0;
0.003302995;0;0;0;
0.003302995;0;0;0;
0.042521556;0;0;0;1
0.099163912;-0.000886316;0.006819361;1;0
0.118405879;0.000886316;-0.00463531;1;1
0.118405879;-0.002664392;0.001000111;1;1
0.048676384;0;0.014108397;1;0
0.015780328;0;-0.000537145;1;
0.166839776;0;0;0;
0.100567325;0;0;0;1
0.127668437;-0.003129258;0.012729644;1;1
0.107827637;-0.001348044;0.024699064;1;1
0.155794159;-0.000901026;0.000528424;1;1
0.115156449;0;0.000543694;1;1
0.127210398;-0.000902899;0.001878246;1;
0.066314251;0;0;0;
0.131785813;0;0;0;0
0.101625144;0.000902899;-0.0010069;1;0
0.058674369;0.004486553;-0.004232131;1;0
0.006431948;0.006204312;-0.009859563;1;1
0.044856864;-0.007993376;0.022802582;1;1
0.111981086;0.004458915;0.014607213;1;
0.083237766;0;0;0;
0.078243322;0;0;0;
0.072435739;0;0;0;
0.26545617;0;0;0;1
0.054398253;0;0.021210782;1;0
0.14281724;0.000886316;-0.01601934;1;1
0.174874272;0.001767223;0.004000065;1;
0.114748784;0;0;0;
0.099283737;0;0;0;1
0.087163518;-0.001767223;0.013648709;1;0
0.169510045;0.002648145;-0.019054454;1;0
0.30327169;0;-0.007101495;1;1
0.02975729;-0.001763635;0.008959994;1;1
0.02975729;0;0.010115518;1;
0.02975729;0;0;0;
0.02975729;0;0;0;1
0.02975729;0.000882713;0.009523973;1;1
0.063606;-0.001767223;0.006564746;1;0
0.063606;-0.000886316;-0.003798237;1;0
0.063606;-0.000888128;-0.018620348;1;1
0.063606;0.000888128;0.005340644;1;
0.063606;0;0;0;
0.063606;0;0;0;0
0.063606;0.002653539;-0.005542026;1;0
0.053642095;0.002637424;-0.000585418;1;
0.089020097;0;0;0;
0.037846078;0;0;0;1
0.152852239;0.020541893;5.99393E-05;1;
0.078526986;0;0;0;
0.079997245;0;0;0;1
0.046910662;-0.001675198;0.014740715;1;1
0.008261329;0;3.60374E-05;1;0
0.185888516;0.004175941;-0.007682221;1;1
0.065894015;0;0.005618338;1;1
0.103389117;0.002486426;0.010435578;1;
0.236782093;0;0;0;
0.212723637;0;0;0;0
0.41450928;0.019394976;-0.025228527;1;1
0.319570839;-0.012833273;0.017265029;1;0
0.258080326;0.008065125;-0.008384471;1;0
0.258080326;0.005557775;-0.025257791;1;1
0.066717749;-0.001580691;0.008829152;1;
0.149469749;0;0;0;
0.149469749;0;0;0;1
0.149469749;-0.000792508;0.000175456;1;0
0.149469749;0.007860748;-0.011786288;1;0
0.123324866;0;-0.007540842;1;0
0.10387474;0.007720994;-0.011355615;1;1
0.048325183;0.003050369;0.006729168;1;
0.084817221;0;0;0;
0.098168304;0;0;0;0
0.108036099;0.016404489;-0.015606697;1;1
0.158378854;0.001461043;0.011582373;1;0
0.164699816;0.001456144;-0.006057613;1;1
0.124104256;0.001451278;0.007032644;1;1
0.117934166;0.000362063;0.008658379;1;
0.051774111;0;0;0;
0.18296363;0;0;0;0
0.120371037;0.051152522;-0.037040301;1;0
0.073938399;0.031034234;-0.004605228;1;0
0.057042401;0.028963696;-0.000370106;1;1
0.16318976;-0.011354751;0.025914125;1;1
0.137451839;-0.02364091;0.025107791;1;
0.150901887;0;0;0;
0.060765671;0;0;0;
0.091522539;0;0;0;1
0.083971178;0.004231156;0.002885669;1;1
0.109299106;0.004785663;0.010694259;1;1
0.041031166;-0.005990364;0.004583774;1;1
0.073999084;0.00300551;0.009317147;1;
0.020079935;0;0;0;
0.097411913;0;0;0;1
0.029096884;0.004765968;0.018254077;1;1
0.03546695;0.007052298;0.004578253;1;1
0.114945822;-0.005868934;0.000919235;1;0
0.114945822;-0.002964479;-0.011566099;1;0
0.122604675;-0.001489862;-0.011192862;1;
0.109254064;0;0;0;
0.152462997;0;0;0;0
0.143101718;0;-0.001060622;1;0
0.124761781;-0.002995146;-0.021777424;1;0
0.079988691;-0.003015946;-0.007382164;1;0
0.061389876;0;-0.027607381;1;0
0.072231202;-0.006095461;-0.006336389;1;
0.118141455;0;0;0;
0.071558791;0;0;0;0
0.036304585;0.004275789;-0.019611034;1;1
0.15833511;0.007830765;0.011994264;1;1
0.054984302;0.002974631;0.009221991;1;1
0.116812178;-0.007776831;0.021938414;1;0
0.080537036;0.004802199;-0.008034736;1;
0.140365942;0;0;0;
0.065553089;0;0;0;1
0.074439572;0.004749679;0.008581782;1;0
0.051583545;0.001179348;-0.007554985;1;0
0.100549552;-0.002954396;-0.008216049;1;0
0.131002947;0.005888829;-0.012332848;1;0
0.083843019;0;-0.000284486;1;
0.086635765;0;0;0;
0.095650634;0;0;0;0
0.067477824;0;-0.003820963;1;0
0.099010712;0.007538011;-0.011748636;1;
0.023406736;0;0;0;1
0.060394415;0.018016094;0.01150899;1;0
0.057783233;0.005480129;-0.01983124;1;
0.057783233;0;0;0;
0.094629468;0;0;0;0
0.163472412;0;-0.004454345;1;0
0.190595139;0.005411839;-0.00183961;1;1
0.144436746;0.017395187;0.006907739;1;1
0.162108793;0;0.013914999;1;0
0.085046579;0.017470335;-0.006387703;1;
0.088818698;0;0;0;
0.067693088;0;0;0;0
0.117113887;0.031119801;-0.017716119;1;1
0.059404478;0.026872146;0.004882252;1;1
0.044694474;0;0.011490743;1;1
0.067759561;-0.013228266;0.039184019;1;
0.075643186;0;0;0;
0.06582226;0;0;0;
0.063450323;0;0;0;
0.150109233;0;0;0;1
0.348869022;0.002232881;0.032328823;1;1
0.06848445;-0.03718158;0.023917841;1;0
0.134918602;-0.002433029;-0.016924853;1;1
0.113808283;0;0.020388127;1;
0.078304417;0;0;0;
0.095506148;0;0;0;0
0.024370565;0.082018458;-0.139699976;1;0
0.090282551;0;-0.030176779;1;1
0.071617932;-0.03577327;0.05657981;1;1
0.160046273;-0.00886346;0.000469942;1;0
0.187172337;0.002232881;-0.013698362;1;
0.127100613;0;0;0;
0.092133764;0;0;0;0
0.035010449;-0.006733383;-0.037786944;1;1
0.035010449;-0.023229841;0.013925343;1;1
0.152246639;-0.002392813;0.029362476;1;1
0.068866469;0.004772515;0.021107511;1;0
0.033689079;0;-0.011307646;1;
0.005751056;0;0;0;
0.007171538;0;0;0;0
0.196539981;0;0;1;0
0.281111193;-0.016938422;-0.00120605;1;0
0.126876662;0;-0.019055268;1;0
0.098794914;0.028645181;-0.000597046;1;1
0.13586772;0.004595752;0.019947399;1;
0.048876923;0;0;0;
0.080620343;0;0;0;1
0.105745393;-0.016302511;0.000692919;1;0
0.108504096;0;-0.001672309;1;0
0.106061638;0.020850139;-0.024392716;1;0
0.156383961;-0.011459622;-0.007643414;1;1
0.131911774;0;0.029816144;1;
0.05300503;0;0;0;
0.14064186;0;0;0;
0.191461012;0;0;0;1
0.087511727;0.054494254;0.034860602;1;1
0.098772331;0.004077912;0.02051742;1;1
0.108425184;-0.014443428;0.034854628;1;1
0.102951715;-0.021504119;0.040182528;1;
0.075428531;0;0;0;
0.092770049;0;0;0;0
0.064134838;-0.002210155;-0.034272793;1;0
0.31198845;-0.020414465;-0.017340407;1;1
0.061673701;-0.009390517;0.018809349;1;1
0.061673701;-0.009598059;0.022064901;1;1
0.065412056;0.023608773;0.005693997;1;
0.056927129;0;0;0;
0.018968983;0;0;0;0
0.048280995;-0.011643981;-0.000905538;1;1
0.12348526;-0.009545318;0.029567068;1;0
0.024437897;0.021189299;-0.016683766;1;1
0.107712119;0.015794267;0.006596731;1;
0.020586536;0;0;0;
0.023428142;0;0;0;
0.155559344;0;0;0;1
0.068865255;0.004409119;0.01143432;1;0
0.06138993;0.029670671;-0.015155792;1;0
0.166661146;-0.002053406;-0.000767058;1;1
0.117047189;-0.034247844;0.028239341;1;0
0.061226462;-0.009001244;-0.02005004;1;
0.093097079;0;0;0;
0.073658329;0;0;0;0
0.086867247;0.006768363;-0.00854597;1;0
0.080281024;0.002232881;-0.005740707;1;1
0.071427545;0.00222146;0.000359226;1;1
0.1189362;-0.00222146;0.012943214;1;0
0.158568501;0.004431615;-0.001873837;1;
0.193451076;0;0;0;
0.147063514;0;0;0;
0.107729666;0;0;0;0
0.004377591;0;-0.016495054;1;0
0.089847268;0.002198964;-0.021728817;1;1
0.090197202;0;0.0152003;1;1
0.218900153;0.010830848;0.001313232;1;
0.243904517;0;0;0;
0.243904517;0;0;0;
0.243904517;0;0;0;1
0.243904517;-0.008642962;0.008977066;1;1
0.031704308;0;0.019171279;1;1
0.208166435;0.006498293;0.007726732;1;1
0.122044111;0.002144668;0.01918946;1;
0.122044111;0;0;0;
0.122044111;0;0;0;1
0.047592477;0.010567297;0.00935156;1;0
0.08220489;0.028289639;-0.046073925;1;0
0.098389111;0.011581873;-0.007569423;1;1
0.109709325;-0.011581873;0.00069441;1;0
0.104279841;0;-0.004516957;1;
0.131174044;0;0;0;
0.072067694;0;0;0;0
0.078221352;0.003895044;-0.001699751;1;0
0.280864092;0.018967839;-0.010924017;1;1
0.062107121;0.016390416;0.010066907;1;0
0.090149748;0.005328834;-0.001702898;1;1
0.095175235;-0.007119741;0.022637245;1;
0.049973787;0;0;0;
0.086109407;0;0;0;1
0.041271809;0.005350718;0.011002981;1;0
0.06362902;0.007033263;-0.011862778;1;1
0.100371125;0;0.015970299;1;1
0.022169538;-0.003502394;0.014898915;1;0
0.058976993;-0.008881587;-0.001835437;1;
0.144726728;0;0;0;
0.097143694;0;0;0;0
0.122729807;0.001790908;-0.001794937;1;1
0.10218891;-0.003589231;0.008249893;1;1
0.10218891;-0.007268697;0.005010707;1;1
0.041730108;0;0.014202344;1;1
0.050919696;-0.007392425;0.011949024;1;
0.040285384;0;0;0;
0.062538847;0;0;0;0
0.097214732;-0.005628085;-0.012980975;1;0
0.053923291;-0.005701979;-0.01020226;1;0
0.100010206;0.009462128;-0.03248527;1;0
0.145403429;-0.009462128;-0.004696801;1;1
0.160277554;0;0.004877749;1;
0.160277554;0;0;0;
0.127650299;0;0;0;
0.112012388;0;0;0;
0.288408655;0;0;0;1
0.240276345;-0.015581742;0.00666602;1;1
0.59687351;-0.012064511;0.007393196;1;0
0.25845246;0.00808013;-0.019498939;1;
0.068113523;0;0;0;
0.169107549;0;0;0;0
0.147891037;0.005962947;-0.003162341;1;0
0.007429119;0.001969593;-0.007080816;1;0
0.194441104;0;-0.008359884;1;1
0.082823042;-0.011953814;0.026948791;1;1
0.061835316;0;0.011777677;1;
0.068684965;0;0;0;
0.069616967;0;0;0;0
0.071444843;-0.002024687;-0.007975007;1;0
0.050701394;-0.004077912;-0.014863229;1;0
0.030964404;-0.010365515;-0.004801871;1;1
0.030964404;-0.006340178;0.013189114;1;1
0.115117443;0.008433168;0.008459643;1;
0.115180772;0;0;0;
0.035236822;0;0;0;1
0.15987434;-0.014867278;0.011833172;1;0
0.056524224;-0.002166062;-0.021224445;1;1
0.08404275;-0.008773924;0.011807506;1;1
0.071498611;-0.00222146;0.000116344;1;0
0.135060702;0.004431615;-0.001157803;1;
0.129006907;0;0;0;
0.126053917;0;0;0;0
0.137570391;0.00438685;-0.024135466;1;1
0.137497919;0.006498293;0.023738611;1;
0.139499676;0;0;0;1
0.158827614;0.002144668;0.003009236;1;1
0.009627263;0;0.012311553;1;
0.01019854;0;0;0;
0.048767049;0;0;0;1
0.100736699;-0.002144668;0.023996776;1;0
0.065529356;0.004278798;-0.002043714;1;1
0.058833171;0;0.02072917;1;
0.103734464;0;0;0;
0.061447766;0;0;0;
0.085786909;0;0;0;
0.085786909;0;0;0;1
0.036883868;-0.004278798;0.014319323;1;1
0.146805152;-0.002155312;0.002784644;1;1
0.091434357;-0.002166062;0.001747131;1;
0.112182891;0;0;0;
0.120767223;0;0;0;
0.098387211;0;0;0;
0.098387211;0;0;0;
0.133497457;0;0;0;
0.20518931;0;0;0;1
0.170544522;-0.002176919;0.001874171;1;0
0.173766504;-0.002187886;-0.008512188;1;1
0.076544946;-0.006630579;0.017950556;1;
0.119009478;0;0;0;
0.094645973;0;0;0;1
0.141483024;0;0.005425888;1;1
0.050352157;0.006630579;0.001615996;1;0
0.061402229;0;-0.006726289;1;1
0.085356079;0;0.008832761;1;0
0.119336082;0.002187886;-0.007315066;1;
0.146983949;0;0;0;
0.092290924;0;0;0;0
0.088930435;0.004342981;-0.021060809;1;0
0.127918921;0.008557804;-0.006491716;1;0
0.113970456;-0.002123694;-0.009169264;1;1
0.058823336;-0.00213413;0.002310519;1;1
0.01651988;-0.00429998;0.010323608;1;
0.01651988;0;0;0;
0.093892533;0;0;0;1
0.077972863;0.008557804;0.019431618;1;0
0.102900671;-0.002123694;-0.005692992;1;0
0.12052808;0.002123694;-0.017408821;1;1
0.066332083;0.008392425;0.006680951;1;1
0.151559441;0;0.011806925;1;
0.218338845;0;0;0;
0.171293165;0;0;0;1
0.18870807;-0.004175941;0.013780093;1;1
0.18870807;-0.002103125;0.00722468;1;
0.18870807;0;0;0;1
0.096255541;0;0.014865086;1;1
0.11957091;0;0.025349928;1;
0.135175062;0;0;0;
0.137407192;0;0;0;1
0.129717734;0.002103125;0.010810996;1;0
0.124192041;-0.002103125;-0.007348687;1;0
0.37764129;0;-0.003912089;1;0
0.37764129;0.002103125;-0.00679219;1;0
0.37764129;-0.002103125;-0.006273526;1;
0.37764129;0;0;0;
0.016766139;0;0;0;0
0.016766139;0.002103125;-0.011639989;1;0
0.193724981;0.010365515;-9.64512E-05;1;1
0.143083898;0.012120633;0.008309975;1;1
0.222334669;0;0.001041251;1;0
0.098065957;0.007896481;-0.010212875;1;
0.095542962;0;0;0;
0.408448672;0;0;0;0
0.067933861;0.022862883;-0.004949118;1;0
0.13183134;0.018173969;-0.005465745;1;0
0.121503664;0.015730695;-0.020774867;1;0
0.15383645;0.001713195;-0.015568309;1;1
0.10769186;-0.021018351;0.023030979;1;
0.100514775;0;0;0;
0.495936526;0;0;0;1
0.117374201;-0.005417465;0.005417465;1;1
0.319696426;0.001813341;0.013507583;1;0
0.198710483;0.007178585;-0.009302463;1;1
0.198710483;0;0.020368689;1;1
0.198710483;-0.001783553;0.00400003;1;
0.198710483;0;0;0;
0.198710483;0;0;0;0
0.093573648;0.003559811;-0.001505456;1;0
0.065776595;0.010507637;-0.031441821;1;1
0.045254208;-0.005222041;0.002352018;1;0
0.337447722;0;-0.018937603;1;0
0.337447722;0.005222041;-0.000773875;1;
0.099314058;0;0;0;
0.05290023;0;0;0;1
0.105472525;0.005159995;0.010951783;1;0
0.13825492;0.005099407;-0.013937018;1;1
0.080297002;-0.003392943;0.009873966;1;1
0.116915357;-0.013843227;0.024001893;1;0
0.041589025;0.012136763;-0.018359592;1;
0.016889548;0;0;0;
0.255814649;0;0;0;
0.046300515;0;0;0;0
0.148184123;0.008466047;-0.015366204;1;1
0.218503454;-0.001680058;0.006955237;1;
0.089254431;0;0;0;
0.111031589;0;0;0;
0.035835149;0;0;0;
0.166132179;0;0;0;0
0.008888067;0.009984221;-0.014635843;1;0
0.143841968;0.011365364;-0.008326161;1;1
0.108313261;0;0.001063818;1;1
0.095815645;-0.003217011;0.019776993;1;0
0.15425591;0.003217011;-0.009736909;1;
0.139413699;0;0;0;
0.139413699;0;0;0;0
0.146736734;0.012634912;-0.017122058;1;1
0.197728147;0.007714137;0.003485031;1;0
0.084836695;-0.007714137;-0.001099411;1;1
0.363590231;0;0.002492036;1;0
0.109223669;0.004644905;-0.000281561;1;
0.094872679;0;0;0;
0.094872679;0;0;0;0
0.155600711;0.006116925;-0.002349863;1;
0.216953903;0;0;0;1
0.0732879;0.003026455;0.009166552;1;0
0.073288497;0.004500501;-0.000492853;1;0
0.138046294;0.010323275;-0.007801372;1;
0.104050716;0;0;0;
0.051425399;0;0;0;0
0.127986983;-0.025509944;-0.031376742;1;1
0.069053956;-0.003102117;0.00920107;1;0
0.024563609;0.015293639;-0.015798115;1;1
0.050390073;0;0.001221652;1;1
0.112962531;-0.003015946;0.014296067;1;
0.112246638;0;0;0;
0.224115059;0;0;0;1
0.195591329;-0.001515864;0.007396009;1;1
0.107486304;0.001515864;0.010672643;1;0
0.225880941;0.001510591;-0.01596991;1;0
0.187654418;-0.001510591;-0.010691482;1;1
0.171385036;-0.003037037;0.004092143;1;
0.149141727;0;0;0;
0.149141727;0;0;0;0
0.059216913;-0.00613854;-0.011326088;1;0
0.059216913;-0.009373626;-0.011431888;1;1
0.059216913;-0.00476379;0.025748703;1;1
0.059216913;0.003181659;0.002167009;1;0
0.121470861;0.004729206;-0.02453093;1;
0.098988655;0;0;0;
0.064312808;0;0;0;0
0.114588293;-0.001570687;-0.002333258;1;1
0.136347441;-0.004746435;0.015927884;1;0
0.03068719;0.003170047;-0.004785072;1;1
0.149393903;-0.003170047;0.02595059;1;1
0.164754361;-0.009651386;0.024582503;1;
0.189516921;0;0;0;
0.221853247;0;0;0;0
0.112374134;0.003241019;-0.001869406;1;1
0.108249209;-0.001617486;0.002379884;1;1
0.081585281;-0.001623533;0.00586285;1;1
0.138293037;0.001623533;0.008145576;1;1
0.037060451;-0.00488892;0.006327525;1;
0.24265124;0;0;0;
0.11802987;0;0;0;0
0.076491179;0.00488892;-0.002854247;1;1
0.113636136;-0.001623533;0.002199769;1;0
0.143775297;0;-0.010115027;1;0
0.052977533;-0.001629625;-0.010226342;1;1
0.07054687;0;0.008059751;1;
0.035593513;0;0;0;
0.094672999;0;0;0;0
0.05136816;0;-0.003790604;1;1
0.083982099;0;0.006260945;1;1
0.080467024;-0.001635763;0.002014566;1;1
0.105643943;-0.006605367;0.017894922;1;1
0.036273481;-0.006707384;0.021474679;1;
0.036273481;0;0;0;
0.036273481;0;0;0;1
0.16146305;0;0.009322708;1;0
0.084532789;0.001686583;-0.006559542;1;1
0.099054467;0.001680058;0.013485912;1;1
0.111829543;-0.013626043;0.005956381;1;0
0.053342689;-0.005222041;-0.005687664;1;
0.05446494;0;0;0;
0.309073048;0;0;0;0
0.01988371;0.00694886;-0.002709646;1;0
0.023022066;0;-0.005877682;1;1
0.195350635;0.00513964;0.007079637;1;1
0.142732248;-0.001706464;0.008043382;1;1
0.123682717;-0.005159995;0.011823191;1;
0.105509097;0;0;0;
0.154721602;0;0;0;0
0.192234995;0;-0.001163098;1;0
0.152703678;0.001726819;-0.001624869;1;1
0.184578117;-0.00694886;0.007379966;1;1
0.09524004;-0.003516574;0.011095673;1;0
0.048832329;0.001761846;-0.007471659;1;
0.060523098;0;0;0;
0.11611019;0;0;0;0
0.069929252;-0.003530869;-0.004330329;1;0
0.011462528;0;-0.003791288;1;0
0.039933194;-0.001776258;-0.005761667;1;0
0.078303978;0;-0.007145247;1;0
0.065151778;0.005307127;-0.002253481;1;
0.135994566;0;0;0;
0.144161512;0;0;0;0
0.144161512;-0.00709068;-0.000612524;1;1
0.058130715;-0.001790908;0.009741538;1;1
0.085460769;-0.005417465;0.001986862;1;1
0.104703638;-0.003649555;0.013620404;1;1
0.049152409;-0.003680484;0.004056988;1;
0.082491387;0;0;0;
0.154883793;0;0;0;0
0.174838075;-0.003711941;-0.006778592;1;1
0.100334191;-0.003743941;0.00797253;1;1
0.103303997;0;0.01005744;1;0
0.09415441;0.005603878;-0.002902417;1;
0.074439018;0;0;0;
0.055645894;0;0;0;
0.062314271;0;0;0;1
0.055584183;0;0.005187644;1;0
0.076662899;0.016390416;-0.013551009;1;0
0.081663443;-0.005395032;-0.004322959;1;1
0.114806945;0;0.006201553;1;0
0.114806945;0.005395032;-0.000189122;1;
0.593510687;0;0;0;
0.011784565;0;0;0;0
0.13638739;0.001783553;-0.002409095;1;0
0.146371374;0.001776258;-0.004928197;1;0
0.117545016;-0.001776258;-0.006279866;1;1
0.118867326;-0.008991925;0.027130809;1;0
0.155309398;0.007208373;-0.001891032;1;
0.075407524;0;0;0;
0.10245732;0;0;0;1
0.152287237;-0.005395032;0.000527952;1;1
0.082818413;-0.009143379;0.007669441;1;1
0.088373106;-0.005579877;0.003668739;1;0
0.088373106;0.007424018;-0.004782861;1;1
0.097592203;-0.003696146;0.01094912;1;
0.07664194;0;0;0;
0.097332869;0;0;0;1
0.096224458;-0.007488021;0.016448122;1;1
0.224973348;-0.013422973;0.016178559;1;1
0.09529609;0.003877655;0.006198495;1;1
0.151137083;-0.009759837;0.018233436;1;0
0.157981704;0.005882182;-0.017028214;1;
0.013524937;0;0;0;
0.316260075;0;0;0;1
0.09295462;0;0.005133496;1;1
0.103647224;0;0.00525409;1;1
0.161476867;0.001943155;0.004592954;1;1
0.16424448;0.003860421;0.005623659;1;0
0.124099725;0;-0.004334319;1;
0.110427804;0;0;0;
0.158830863;0;0;0;
0.162788217;0;0;0;1
0.134336113;-0.001925921;0.0138421;1;1
0.115073511;-0.003877655;0.008262807;1;1
0.196242472;-0.001951889;0.000761194;1;1
0.137844071;0.005829544;0.008519917;1;
0.233192274;0;0;0;
0.111962896;0;0;0;1
0.162153953;-0.005829544;0.007116194;1;1
0.088572279;0.005829544;0.000720769;1;0
0.153233709;-0.007790244;-0.001372639;1;1
0.21176099;-0.001969593;0.006974015;1;1
0.211158362;0.003930294;0.001389111;1;
0.211158362;0;0;0;
0.06337493;0;0;0;1
0.121292345;-0.011899223;0.018982887;1;1
0.105314114;0;0.001616253;1;0
0.094328753;-0.004039978;-0.012816426;1;1
0.128402937;-0.014443428;0.013522484;1;0
0.129391749;0.00209299;-0.003891308;1;
0.092368233;0;0;0;
0.112984213;0;0;0;1
0.13249577;0.002082951;0.003094672;1;0
0.13745618;0.002073009;-0.007487025;1;1
0.124045078;0.004116566;0.013268284;1;0
0.098743578;0.010123873;-0.007677909;1;1
0.076804363;0;0.012370248;1;
0.179372792;0;0;0;
0.136171475;0;0;0;1
0.223503268;0.00793254;0.022578724;1;0
0.148955025;0.015443209;-0.007155475;1;0
0.149174777;0.014912864;-0.027005766;1;0
0.127702705;-0.011136366;-0.006642934;1;1
0.168943133;-0.005677133;0.014148819;1;
0.127354019;0;0;0;
0.081229991;0;0;0;0
0.116468811;0.01864211;-0.012769925;1;1
0.162646943;-0.003664954;0.012238644;1;
0.121734113;0;0;0;1
0.088476677;0.007299239;0.000523726;1;0
0.205482953;-0.001813341;-0.00151719;1;
0.181321871;0;0;0;
0.226779357;0;0;0;0
0.112329069;0.005417465;-0.012879841;1;
0.112329069;0;0;0;