"Date (UTC)","Timestamp (UTC)","LLA (La Libertad Avanza)","PRO (Propuesta Republicana)","UP (Unión por la Patria)","FIT-U (Frente de Izquierda y de los Trabajadores – Unidad)","SER (SER Santa Cruz)","UCR (Unión Cívica Radical)","HNP (Hacemos por Nuestro País)"
"02-07-2025 00:00","1738886404","0.715","0.0365","0.23","0.0175","0.0255","0.02","0.018"
"02-08-2025 00:00","1738972804","0.755","0.0165","0.23","0.008","0.003","0.0085","0.008"
"02-09-2025 00:00","1739059206","0.72","0.0215","0.225","0.0145","0.02","0.0175","0.013"
"02-10-2025 00:00","1739145605","0.715","0.019","0.225","0.016","0.02","0.0175","0.012"
"02-11-2025 00:00","1739232004","0.725","0.0165","0.225","0.0075","0.0185","0.009","0.0105"
"02-12-2025 00:00","1739318404","0.725","0.014","0.21","0.0085","0.017","0.0095","0.009"
"02-13-2025 00:00","1739404804","0.73","0.014","0.21","0.0085","0.0165","0.01","0.009"
"02-14-2025 00:00","1739491205","0.73","0.014","0.21","0.008","0.0155","0.01","0.009"
"02-15-2025 00:00","1739577604","0.735","0.0135","0.205","0.008","0.016","0.01","0.009"
"02-16-2025 00:00","1739664004","0.735","0.0135","0.2","0.0085","0.0155","0.01","0.009"
"02-17-2025 00:00","1739750404","0.735","0.013","0.195","0.009","0.0155","0.01","0.0105"
"02-18-2025 00:00","1739836804","0.745","0.0125","0.195","0.008","0.0155","0.0095","0.008"
"02-19-2025 00:00","1739923204","0.75","0.0125","0.2","0.008","0.015","0.0095","0.009"
"02-20-2025 00:00","1740009604","0.725","0.013","0.195","0.008","0.0155","0.015","0.009"
"02-21-2025 00:00","1740096005","0.655","0.0125","0.27","0.008","0.0145","0.0185","0.0095"
"02-22-2025 00:00","1740182405","0.7","0.0125","0.25","0.008","0.015","0.023","0.009"
"02-23-2025 00:00","1740268804","0.665","0.0125","0.27","0.008","0.015","0.023","0.0095"
"02-24-2025 00:00","1740355204","0.665","0.013","0.265","0.0145","0.0155","0.02","0.0095"
"02-25-2025 00:00","1740441604","0.71","0.0125","0.22","0.0145","0.015","0.02","0.0095"
"02-26-2025 00:00","1740528005","0.715","0.0125","0.225","0.015","0.013","0.019","0.0095"
"02-27-2025 00:00","1740614405","0.73","0.0105","0.205","0.0135","0.012","0.007","0.0105"
"02-28-2025 00:00","1740700805","0.745","0.0095","0.205","0.013","0.0095","0.013","0.0085"
"03-01-2025 00:00","1740787205","0.715","0.0085","0.205","0.013","0.008","0.0135","0.007"
"03-02-2025 00:00","1740873605","0.685","0.0085","0.205","0.013","0.0075","0.0135","0.007"
"03-03-2025 00:00","1740960005","0.71","0.0095","0.205","0.0125","0.007","0.0135","0.007"
"03-04-2025 00:00","1741046405","0.8","0.0085","0.165","0.01","0.0075","0.012","0.0065"
"03-05-2025 00:00","1741132804","0.775","0.008","0.135","0.01","0.0075","0.01","0.008"
"03-06-2025 00:00","1741219205","0.81","0.007","0.135","0.01","0.007","0.0065","0.0055"
"03-07-2025 00:00","1741305605","0.805","0.008","0.145","0.01","0.0075","0.0065","0.0065"
"03-08-2025 00:00","1741392005","0.775","0.007","0.135","0.01","0.0075","0.0065","0.006"
"03-09-2025 00:00","1741478405","0.75","0.0075","0.155","0.01","0.0075","0.0065","0.0065"
"03-10-2025 00:00","1741564804","0.755","0.006","0.155","0.01","0.007","0.0065","0.006"
"03-11-2025 00:00","1741651205","0.75","0.0115","0.155","0.01","0.006","0.0065","0.0095"
"03-12-2025 00:00","1741737605","0.765","0.0085","0.145","0.0115","0.006","0.0065","0.0065"
"03-13-2025 00:00","1741824006","0.78","0.007","0.145","0.0115","0.007","0.006","0.006"
"03-14-2025 00:00","1741910405","0.775","0.0045","0.145","0.0115","0.005","0.006","0.006"
"03-15-2025 00:00","1741996804","0.775","0.0055","0.145","0.0115","0.0055","0.0055","0.0055"
"03-16-2025 00:00","1742083204","0.765","0.0055","0.145","0.0115","0.007","0.0065","0.009"
"03-17-2025 00:00","1742169604","0.765","0.0055","0.145","0.0115","0.0075","0.0065","0.0125"
"03-18-2025 00:00","1742256005","0.765","0.0055","0.145","0.0115","0.0065","0.0065","0.0095"
"03-19-2025 00:00","1742342405","0.765","0.0055","0.145","0.0115","0.0075","0.006","0.008"
"03-20-2025 00:00","1742428805","0.765","0.0055","0.145","0.0115","0.0075","0.006","0.008"
"03-21-2025 00:00","1742515205","0.755","0.0055","0.145","0.0115","0.0075","0.0065","0.007"
"03-22-2025 00:00","1742601606","0.755","0.0055","0.145","0.0115","0.0075","0.007","0.005"
"03-23-2025 00:00","1742688006","0.755","0.0055","0.145","0.0115","0.0105","0.0075","0.005"
"03-24-2025 00:00","1742774405","0.755","0.007","0.145","0.0115","0.0115","0.0085","0.0065"
"03-25-2025 00:00","1742860806","0.755","0.0075","0.145","0.012","0.0095","0.0085","0.0065"
"03-26-2025 00:00","1742947205","0.755","0.0075","0.145","0.012","0.01","0.0085","0.0065"
"03-27-2025 00:00","1743033606","0.755","0.007","0.145","0.012","0.0085","0.008","0.006"
"03-28-2025 00:00","1743120006","0.755","0.008","0.145","0.012","0.009","0.008","0.006"
"03-29-2025 00:00","1743206406","0.755","0.0075","0.145","0.012","0.0085","0.0085","0.0075"
"03-30-2025 00:00","1743292806","0.755","0.0075","0.145","0.012","0.0085","0.0085","0.0085"
"03-31-2025 00:00","1743379205","0.745","0.0055","0.145","0.012","0.009","0.009","0.01"
"04-01-2025 00:00","1743465605","0.745","0.0055","0.145","0.012","0.0085","0.0075","0.01"
"04-02-2025 00:00","1743552006","0.745","0.0085","0.145","0.012","0.0105","0.0075","0.0075"
"04-03-2025 00:00","1743638405","0.745","0.0085","0.15","0.012","0.009","0.0075","0.0065"
"04-04-2025 00:00","1743724805","0.745","0.0085","0.145","0.012","0.0105","0.0075","0.0095"
"04-05-2025 00:00","1743811205","0.755","0.0095","0.145","0.0115","0.01","0.01","0.011"
"04-06-2025 00:00","1743897605","0.76","0.0095","0.155","0.0115","0.01","0.011","0.0105"
"04-07-2025 00:00","1743984006","0.76","0.0085","0.155","0.0115","0.011","0.011","0.011"
"04-08-2025 00:00","1744070406","0.76","0.007","0.145","0.0115","0.011","0.012","0.011"
"04-09-2025 00:00","1744156806","0.76","0.007","0.155","0.0115","0.0105","0.0105","0.011"
"04-10-2025 00:00","1744243205","0.745","0.007","0.155","0.0115","0.0105","0.0105","0.0105"
"04-11-2025 00:00","1744329605","0.745","0.007","0.155","0.0115","0.0105","0.0115","0.011"
"04-12-2025 00:00","1744416006","0.755","0.007","0.155","0.0115","0.0105","0.012","0.0115"
"04-13-2025 00:00","1744502405","0.75","0.007","0.16","0.0115","0.007","0.007","0.011"
"04-14-2025 00:00","1744588805","0.755","0.007","0.16","0.0115","0.0085","0.007","0.015"
"04-15-2025 00:00","1744675205","0.76","0.008","0.16","0.0115","0.008","0.007","0.0105"
"04-16-2025 00:00","1744761605","0.76","0.008","0.165","0.0115","0.0085","0.009","0.0145"
"04-17-2025 00:00","1744848006","0.77","0.008","0.155","0.0115","0.008","0.008","0.0145"
"04-18-2025 00:00","1744934404","0.77","0.008","0.155","0.0115","0.008","0.0075","0.015"
"04-19-2025 00:00","1745020806","0.77","0.008","0.155","0.0115","0.008","0.006","0.014"
"04-20-2025 00:00","1745107206","0.77","0.008","0.16","0.0115","0.008","0.0055","0.014"
"04-21-2025 00:00","1745193606","0.765","0.008","0.165","0.0115","0.008","0.0065","0.0125"
"04-22-2025 00:00","1745280006","0.755","0.008","0.16","0.0115","0.0095","0.007","0.0155"
"04-23-2025 00:00","1745366407","0.76","0.008","0.165","0.0115","0.0095","0.007","0.014"
"04-24-2025 00:00","1745452806","0.755","0.008","0.165","0.0115","0.0095","0.007","0.0115"
"04-25-2025 00:00","1745539206","0.755","0.008","0.175","0.0115","0.008","0.007","0.0155"
"04-26-2025 00:00","1745625606","0.69","0.008","0.215","0.0115","0.0095","0.007","0.0085"
"04-27-2025 00:00","1745712005","0.74","0.008","0.21","0.0115","0.0095","0.007","0.0085"
"04-28-2025 00:00","1745798405","0.72","0.008","0.235","0.0115","0.0095","0.007","0.008"
"04-29-2025 00:00","1745884805","0.72","0.008","0.235","0.0115","0.0095","0.007","0.008"
"04-30-2025 00:00","1745971206","0.715","0.008","0.235","0.0115","0.008","0.007","0.008"
"05-01-2025 00:00","1746057606","0.715","0.008","0.235","0.0115","0.008","0.007","0.011"
"05-02-2025 00:00","1746144006","0.72","0.008","0.235","0.0115","0.008","0.007","0.0085"
"05-03-2025 00:00","1746230406","0.725","0.0085","0.235","0.0115","0.008","0.007","0.008"
"05-04-2025 00:00","1746316805","0.72","0.0075","0.235","0.0115","0.0095","0.007","0.0085"
"05-05-2025 00:00","1746403205","0.72","0.0085","0.235","0.0115","0.008","0.007","0.011"
"05-06-2025 00:00","1746489606","0.725","0.0085","0.235","0.011","0.01","0.0065","0.012"
"05-07-2025 00:00","1746576005","0.725","0.008","0.235","0.011","0.01","0.0065","0.0125"
"05-08-2025 00:00","1746662406","0.74","0.0075","0.23","0.0115","0.007","0.0065","0.0115"
"05-09-2025 00:00","1746748807","0.74","0.008","0.23","0.0115","0.0105","0.0065","0.0115"
"05-10-2025 00:00","1746835206","0.725","0.0075","0.225","0.011","0.0175","0.0175","0.0095"
"05-11-2025 00:00","1746921606","0.725","0.0075","0.225","0.0115","0.016","0.016","0.0095"
"05-12-2025 00:00","1747008006","0.725","0.008","0.225","0.0115","0.0155","0.0155","0.0095"
"05-13-2025 00:00","1747094406","0.725","0.0085","0.225","0.011","0.0075","0.0065","0.012"
"05-14-2025 00:00","1747180807","0.725","0.008","0.215","0.011","0.0075","0.0165","0.01"
"05-15-2025 00:00","1747267207","0.725","0.009","0.215","0.0105","0.0075","0.006","0.0115"
"05-16-2025 00:00","1747353606","0.725","0.0095","0.215","0.0115","0.0075","0.007","0.0095"
"05-17-2025 00:00","1747440007","0.725","0.009","0.215","0.012","0.008","0.007","0.01"
"05-18-2025 00:00","1747526406","0.73","0.009","0.215","0.0115","0.0165","0.007","0.0145"
"05-19-2025 00:00","1747612806","0.73","0.01","0.215","0.0115","0.0135","0.0075","0.015"
"05-20-2025 00:00","1747699206","0.74","0.009","0.215","0.0115","0.017","0.008","0.0155"
"05-21-2025 00:00","1747785606","0.74","0.01","0.205","0.0115","0.0175","0.0075","0.0155"
"05-22-2025 00:00","1747872007","0.735","0.011","0.215","0.0105","0.018","0.0065","0.014"
"05-23-2025 00:00","1747958407","0.755","0.009","0.21","0.0105","0.0125","0.0065","0.014"
"05-24-2025 00:00","1748044807","0.745","0.007","0.215","0.0095","0.017","0.0075","0.014"
"05-25-2025 00:00","1748131206","0.745","0.0075","0.215","0.0095","0.0155","0.0065","0.0135"
"05-26-2025 00:00","1748217607","0.745","0.0075","0.21","0.0095","0.0185","0.0065","0.0145"
"05-27-2025 00:00","1748304006","0.75","0.0075","0.205","0.009","0.015","0.007","0.0155"
"05-28-2025 00:00","1748390406","0.75","0.0075","0.205","0.009","0.0185","0.007","0.0155"
"05-29-2025 00:00","1748476807","0.755","0.0075","0.19","0.009","0.018","0.007","0.0165"
"05-30-2025 00:00","1748563207","0.76","0.0075","0.19","0.0085","0.0165","0.007","0.0145"
"05-31-2025 00:00","1748649607","0.76","0.0075","0.19","0.0085","0.0155","0.007","0.015"
"06-01-2025 00:00","1748736007","0.785","0.0075","0.185","0.0085","0.0165","0.007","0.015"
"06-02-2025 00:00","1748822406","0.8","0.0075","0.17","0.008","0.0085","0.007","0.0085"
"06-03-2025 00:00","1748908807","0.78","0.0075","0.19","0.0065","0.0085","0.0065","0.0075"
"06-04-2025 00:00","1748995206","0.775","0.0075","0.195","0.0065","0.006","0.0065","0.0075"
"06-05-2025 00:00","1749081606","0.775","0.0075","0.19","0.008","0.008","0.005","0.0075"
"06-06-2025 00:00","1749168006","0.775","0.0075","0.19","0.008","0.008","0.005","0.0075"
"06-07-2025 00:00","1749254407","0.77","0.0065","0.19","0.008","0.008","0.005","0.0075"
"06-08-2025 00:00","1749340807","0.78","0.0065","0.185","0.008","0.008","0.005","0.0075"
"06-09-2025 00:00","1749427207","0.77","0.0065","0.195","0.008","0.007","0.0045","0.007"
"06-10-2025 00:00","1749513606","0.78","0.0065","0.185","0.0075","0.007","0.0045","0.007"
"06-11-2025 00:00","1749600007","0.79","0.0065","0.185","0.0075","0.007","0.0045","0.007"
"06-12-2025 00:00","1749686407","0.785","0.0055","0.2","0.0075","0.007","0.0045","0.006"
"06-13-2025 00:00","1749772807","0.785","0.0055","0.21","0.0075","0.007","0.0045","0.006"
"06-14-2025 00:00","1749859208","0.785","0.006","0.185","0.0075","0.007","0.0055","0.006"
"06-15-2025 00:00","1749945608","0.78","0.006","0.19","0.0075","0.007","0.0055","0.006"
"06-16-2025 00:00","1750032007","0.78","0.006","0.19","0.0075","0.0065","0.0055","0.006"
"06-17-2025 00:00","1750118408","0.78","0.006","0.185","0.0075","0.0065","0.0055","0.006"
"06-18-2025 00:00","1750204808","0.78","0.006","0.185","0.0075","0.0065","0.0055","0.006"
"06-19-2025 00:00","1750291207","0.78","0.006","0.185","0.0075","0.0065","0.0055","0.0055"
"06-20-2025 00:00","1750377608","0.795","0.006","0.185","0.0075","0.0075","0.0055","0.0055"
"06-21-2025 00:00","1750464008","0.77","0.006","0.195","0.0055","0.0065","0.0055","0.0055"
"06-22-2025 00:00","1750550406","0.77","0.006","0.195","0.0075","0.0065","0.005","0.0055"
"06-23-2025 00:00","1750636807","0.77","0.006","0.2","0.006","0.0065","0.005","0.0055"
"06-24-2025 00:00","1750723207","0.77","0.006","0.21","0.006","0.0065","0.0055","0.0055"
"06-25-2025 00:00","1750809607","0.78","0.006","0.195","0.006","0.006","0.006","0.0055"
"06-26-2025 00:00","1750896008","0.785","0.006","0.19","0.0065","0.0065","0.007","0.0065"
"06-27-2025 00:00","1750982407","0.785","0.006","0.185","0.0045","0.0055","0.0065","0.006"
"06-28-2025 00:00","1751068807","0.795","0.0065","0.185","0.006","0.0055","0.0065","0.0065"
"06-29-2025 00:00","1751155208","0.805","0.0065","0.175","0.006","0.0055","0.0065","0.0075"
"06-30-2025 00:00","1751241607","0.8","0.0075","0.18","0.006","0.0055","0.0065","0.005"
"07-01-2025 00:00","1751328008","0.81","0.0065","0.17","0.005","0.0055","0.0065","0.005"
"07-02-2025 00:00","1751414407","0.825","0.006","0.155","0.0055","0.0055","0.0055","0.005"
"07-03-2025 00:00","1751500808","0.82","0.0065","0.16","0.0045","0.0055","0.007","0.0065"
"07-04-2025 00:00","1751587208","0.825","0.006","0.155","0.0045","0.0055","0.007","0.0045"
"07-05-2025 00:00","1751673608","0.825","0.006","0.15","0.0045","0.0055","0.007","0.0045"
"07-06-2025 00:00","1751760007","0.825","0.0075","0.15","0.0045","0.0055","0.007","0.0045"
"07-07-2025 00:00","1751846407","0.83","0.006","0.15","0.0045","0.0055","0.007","0.0045"
"07-08-2025 00:00","1751932808","0.835","0.0065","0.145","0.0045","0.0055","0.007","0.0045"
"07-09-2025 00:00","1752019207","0.84","0.0065","0.14","0.0045","0.0055","0.007","0.0045"
"07-10-2025 00:00","1752105608","0.84","0.0065","0.14","0.0045","0.0075","0.008","0.0045"
"07-11-2025 00:00","1752192008","0.84","0.0065","0.13","0.0045","0.0055","0.0055","0.0045"
"07-12-2025 00:00","1752278409","0.84","0.0065","0.125","0.0045","0.0055","0.0055","0.0045"
"07-13-2025 00:00","1752364808","0.845","0.0065","0.13","0.0045","0.006","0.0055","0.0045"
"07-14-2025 00:00","1752451207","0.845","0.0065","0.13","0.0045","0.006","0.0055","0.0045"
"07-15-2025 00:00","1752537608","0.835","0.0065","0.13","0.0045","0.006","0.0055","0.0045"
"07-16-2025 00:00","1752624008","0.835","0.007","0.135","0.0045","0.006","0.0055","0.0045"
"07-17-2025 00:00","1752710408","0.835","0.006","0.135","0.0045","0.006","0.0055","0.0045"
"07-18-2025 00:00","1752796808","0.835","0.006","0.135","0.0045","0.006","0.0055","0.0045"
"07-19-2025 00:00","1752883209","0.835","0.006","0.14","0.0055","0.006","0.0055","0.0045"
"07-20-2025 00:00","1752969608","0.835","0.006","0.14","0.0055","0.006","0.0055","0.0045"
"07-21-2025 00:00","1753056007","0.835","0.006","0.14","0.0055","0.006","0.0055","0.0045"
"07-22-2025 00:00","1753142409","0.835","0.006","0.14","0.0055","0.006","0.0055","0.0045"
"07-23-2025 00:00","1753228809","0.835","0.006","0.14","0.005","0.006","0.0055","0.0045"
"07-24-2025 00:00","1753315209","0.835","0.006","0.135","0.005","0.006","0.0055","0.0045"
"07-25-2025 00:00","1753401609","0.835","0.006","0.135","0.005","0.006","0.0055","0.0045"
"07-26-2025 00:00","1753488009","0.835","0.006","0.125","0.005","0.006","0.0055","0.0045"
"07-27-2025 00:00","1753574410","0.86","0.006","0.12","0.0045","0.006","0.0055","0.0045"
"07-28-2025 00:00","1753660809","0.855","0.006","0.115","0.008","0.006","0.0055","0.0045"
"07-29-2025 00:00","1753747210","0.855","0.006","0.115","0.008","0.006","0.0055","0.0045"
"07-30-2025 00:00","1753833610","0.855","0.006","0.125","0.0055","0.006","0.0055","0.0075"
"07-31-2025 00:00","1753920008","0.855","0.006","0.125","0.0055","0.006","0.0055","0.007"
"08-01-2025 00:00","1754006409","0.855","0.006","0.125","0.006","0.006","0.0055","0.0095"
"08-02-2025 00:00","1754092809","0.85","0.006","0.125","0.006","0.006","0.0055","0.0095"
"08-03-2025 00:00","1754179208","0.855","0.0055","0.125","0.0055","0.0055","0.0055","0.0105"
"08-04-2025 00:00","1754265607","0.85","0.006","0.125","0.006","0.006","0.0055","0.0095"
"08-05-2025 00:00","1754352008","0.84","0.006","0.125","0.006","0.006","0.0055","0.01"
"08-06-2025 00:00","1754438409","0.845","0.006","0.12","0.006","0.006","0.0055","0.0135"
"08-07-2025 00:00","1754524804","0.85","0.0065","0.115","0.005","0.005","0.0055","0.005"
"08-08-2025 00:00","1754611202","0.85","0.0065","0.115","0.005","0.005","0.0055","0.005"
"08-09-2025 00:00","1754697602","0.855","0.0065","0.12","0.005","0.005","0.0055","0.005"
"08-10-2025 00:00","1754784002","0.86","0.0065","0.12","0.005","0.005","0.0055","0.005"
"08-11-2025 00:00","1754870406","0.86","0.0055","0.12","0.005","0.005","0.0055","0.005"
"08-12-2025 00:00","1754956802","0.86","0.0055","0.115","0.005","0.005","0.0055","0.0045"
"08-13-2025 00:00","1755043204","0.87","0.0055","0.11","0.005","0.005","0.0055","0.0045"
"08-14-2025 00:00","1755129604","0.885","0.0055","0.09","0.005","0.005","0.0055","0.0045"
"08-15-2025 00:00","1755216007","0.895","0.0055","0.095","0.005","0.005","0.0055","0.0045"
"08-16-2025 00:00","1755302403","0.895","0.0055","0.085","0.005","0.0045","0.0055","0.0045"
"08-17-2025 00:00","1755388805","0.895","0.0055","0.085","0.005","0.0045","0.0055","0.0045"
"08-18-2025 00:00","1755475202","0.895","0.005","0.085","0.005","0.0045","0.0055","0.0045"
"08-19-2025 00:00","1755561602","0.895","0.0045","0.085","0.005","0.0045","0.0055","0.0045"
"08-20-2025 00:00","1755648003","0.875","0.0045","0.105","0.005","0.0045","0.0055","0.0045"
"08-21-2025 00:00","1755734402","0.875","0.0055","0.105","0.005","0.0045","0.0055","0.0045"
"08-22-2025 00:00","1755820802","0.875","0.0045","0.11","0.005","0.0035","0.005","0.0045"
"08-23-2025 00:00","1755907205","0.875","0.0045","0.11","0.005","0.0035","0.005","0.0045"
"08-24-2025 00:00","1755993602","0.875","0.0045","0.11","0.005","0.0035","0.005","0.0045"
"08-25-2025 00:00","1756080004","0.87","0.005","0.115","0.005","0.0035","0.005","0.0045"
"08-26-2025 00:00","1756166402","0.87","0.005","0.115","0.005","0.0035","0.005","0.0045"
"08-27-2025 00:00","1756252802","0.825","0.005","0.115","0.005","0.0035","0.005","0.0045"
"08-28-2025 00:00","1756339206","0.855","0.003","0.115","0.005","0.0035","0.005","0.0035"
"08-29-2025 00:00","1756425606","0.855","0.003","0.135","0.005","0.0035","0.005","0.0035"
"08-30-2025 00:00","1756512004","0.85","0.0025","0.135","0.005","0.0035","0.005","0.0035"
"08-31-2025 00:00","1756598404","0.845","0.0025","0.145","0.005","0.0035","0.005","0.0035"
"09-01-2025 00:00","1756684805","0.845","0.005","0.14","0.005","0.0035","0.005","0.0035"
"09-02-2025 00:00","1756771205","0.825","0.005","0.155","0.005","0.0035","0.005","0.004"
"09-03-2025 00:00","1756857604","0.825","0.005","0.16","0.005","0.0035","0.005","0.004"
"09-04-2025 00:00","1756944004","0.775","0.004","0.205","0.003","0.0035","0.005","0.004"
"09-05-2025 00:00","1757030404","0.785","0.0035","0.185","0.0035","0.0035","0.0045","0.0035"
"09-06-2025 00:00","1757116805","0.8","0.004","0.185","0.0035","0.0035","0.004","0.0035"
"09-07-2025 00:00","1757203205","0.78","0.0055","0.195","0.0035","0.0035","0.004","0.0035"
"09-08-2025 00:00","1757289602","0.555","0.0035","0.425","0.0035","0.0035","0.0035","0.0035"
"09-09-2025 00:00","1757376008","0.67","0.0025","0.315","0.0025","0.003","0.0025","0.0025"
"09-10-2025 00:00","1757462404","0.67","0.0025","0.32","0.003","0.003","0.003","0.003"
"09-11-2025 00:00","1757548808","0.66","0.0015","0.315","0.0025","0.0025","0.0025","0.0025"
"09-12-2025 00:00","1757635203","0.685","0.0015","0.3","0.0025","0.0025","0.0025","0.0025"
"09-13-2025 00:00","1757721604","0.655","0.0015","0.34","0.0025","0.0025","0.0025","0.0025"
"09-14-2025 00:00","1757808009","0.655","0.0015","0.325","0.0025","0.0025","0.0025","0.0025"
"09-15-2025 00:00","1757894404","0.64","0.0015","0.335","0.0025","0.0025","0.0025","0.0025"
"09-16-2025 00:00","1757980802","0.635","0.0025","0.34","0.0035","0.0035","0.0035","0.0035"
"09-17-2025 00:00","1758067204","0.58","0.0025","0.39","0.0035","0.0035","0.0035","0.0035"
"09-18-2025 00:00","1758153604","0.585","0.0025","0.38","0.0035","0.0035","0.0035","0.0035"
"09-19-2025 00:00","1758240002","0.575","0.0025","0.385","0.0035","0.0035","0.0035","0.0035"
"09-20-2025 00:00","1758326405","0.6","0.0025","0.375","0.0035","0.0035","0.0035","0.0035"
"09-21-2025 00:00","1758412802","0.595","0.0025","0.38","0.0035","0.0035","0.0035","0.0035"
"09-22-2025 00:00","1758499204","0.605","0.0025","0.355","0.0035","0.0035","0.0035","0.0035"
"09-23-2025 00:00","1758585605","0.6","0.0025","0.345","0.0035","0.0035","0.0035","0.0035"
"09-24-2025 00:00","1758672003","0.595","0.0025","0.385","0.0035","0.0035","0.0035","0.0035"
"09-25-2025 00:00","1758758402","0.575","0.0025","0.395","0.0035","0.0035","0.0035","0.0035"
"09-26-2025 00:00","1758844803","0.525","0.0025","0.435","0.0035","0.0035","0.0035","0.0035"
"09-27-2025 00:00","1758931205","0.56","0.0025","0.415","0.0035","0.0035","0.0035","0.0035"
"09-28-2025 00:00","1759017603","0.525","0.0025","0.435","0.0035","0.0035","0.0035","0.0035"
"09-29-2025 00:00","1759104003","0.565","0.0025","0.415","0.0035","0.0035","0.0035","0.0035"
"09-30-2025 00:00","1759190403","0.605","0.0025","0.365","0.0035","0.0035","0.0035","0.0035"
"10-01-2025 00:00","1759276802","0.645","0.0025","0.345","0.0035","0.0035","0.0035","0.0035"
"10-02-2025 00:00","1759363204","0.645","0.0025","0.315","0.0035","0.0035","0.0035","0.0035"
"10-03-2025 00:00","1759449603","0.695","0.0025","0.28","0.0035","0.0035","0.0035","0.0035"
"10-04-2025 00:00","1759536006","0.655","0.0025","0.32","0.0035","0.0035","0.0035","0.0035"
"10-05-2025 00:00","1759622405","0.59","0.0015","0.39","0.0025","0.0025","0.0025","0.0025"
"10-06-2025 00:00","1759708803","0.57","0.0015","0.43","0.0025","0.0025","0.0025","0.0025"
"10-07-2025 00:00","1759795202","0.55","0.0015","0.435","0.0025","0.0025","0.0025","0.0025"
"10-08-2025 00:00","1759881603","0.58","0.0015","0.42","0.0025","0.0025","0.0025","0.0015"
"10-09-2025 00:00","1759968011","0.575","0.0015","0.425","0.0025","0.0025","0.0025","0.0015"
"10-10-2025 00:00","1760054404","0.67","0.001","0.325","0.0025","0.002","0.0025","0.0015"
"10-11-2025 00:00","1760140805","0.645","0.0015","0.345","0.0015","0.002","0.0025","0.0015"
"10-12-2025 00:00","1760227206","0.67","0.0015","0.315","0.0015","0.002","0.002","0.0015"
"10-13-2025 00:00","1760313602","0.63","0.0015","0.35","0.0015","0.0015","0.0015","0.0015"
"10-14-2025 00:00","1760400003","0.65","0.001","0.35","0.0015","0.0015","0.0015","0.0015"
"10-15-2025 00:00","1760486404","0.665","0.001","0.335","0.0015","0.0015","0.0015","0.0015"
"10-16-2025 00:00","1760572803","0.67","0.0025","0.325","0.001","0.002","0.0005","0.0005"
"10-17-2025 00:00","1760659208","0.675","0.0015","0.335","0.0005","0.0015","0.0005","0.0005"
"10-18-2025 00:00","1760745607","0.69","0.0015","0.31","0.0005","0.0015","0.0005","0.0005"
"10-19-2025 00:00","1760832008","0.665","0.001","0.31","0.0005","0.0015","0.0005","0.0005"
"10-20-2025 00:00","1760918411","0.705","0.001","0.305","0.0005","0.0015","0.0005","0.0005"
"10-21-2025 00:00","1761004808","0.71","0.001","0.29","0.0005","0.0015","0.0005","0.0005"
"10-22-2025 00:00","1761091205","0.735","0.001","0.265","0.0005","0.0005","0.0005","0.0005"
"10-23-2025 00:00","1761177606","0.755","0.0005","0.255","0.0005","0.0005","0.0005","0.0005"
"10-24-2025 00:00","1761264007","0.745","0.0005","0.255","0.0005","0.0005","0.0005","0.0005"
"10-25-2025 00:00","1761350407","0.74","0.001","0.225","0.0005","0.0005","0.0005","0.0005"
"10-26-2025 00:00","1761436807","0.685","0.0005","0.305","0.0005","0.0005","0.0005","0.0025"
"10-27-2025 00:00","1761523207","0.9835","0.0005","0.016","0.0005","0.0005","0.0005","0.0005"
"10-28-2025 00:00","1761609607","0.998","0.0005","0.0015","0.0005","0.0005","0.0005","0.0005"
"10-29-2025 00:00","1761696007","0.988","0.0065","0.002","0.0005","0.003","0.001","0.0005"
"10-30-2025 00:00","1761782407","0.987","0.0015","0.004","0.0015","0.0005","0.0015","0.0005"
"10-31-2025 00:00","1761868806","0.99","0.0015","0.0025","0.002","0.0005","0.0015","0.0005"
"11-01-2025 00:00","1761955207","0.9825","0.0015","0.0025","0.001","0.0005","0.0015","0.0005"
"11-02-2025 00:00","1762041607","0.989","0.001","0.0025","0.0005","0.0015","0.0005","0.0015"
"11-03-2025 00:00","1762128005","0.9915","0.001","0.004","0.001","0.001","0.001","0.001"
"11-04-2025 00:00","1762214406","0.9885","0.002","0.003","0.001","0.001","0.001","0.001"
"11-05-2025 00:00","1762300806","0.985","0.002","0.003","0.001","0.0005","0.0005","0.001"
"11-06-2025 00:00","1762387204","0.994","0.0015","0.003","0.001","0.0005","0.0005","0.001"
"11-07-2025 00:00","1762473606","0.987","0.0005","0.0025","0.0005","0.0005","0.0005","0.0005"
"11-08-2025 00:00","1762560006","0.988","0.001","0.003","0.001","0.001","0.0005","0.0005"
"11-09-2025 00:00","1762646419","0.9885","0.002","0.0025","0.001","0.001","0.001","0.0005"
"11-10-2025 00:00","1762732805","0.9915","0.002","0.0025","0.001","0.001","0.001","0.0005"
"11-11-2025 00:00","1762819208","0.996","0.002","0.0015","0.001","0.001","0.001","0.0005"
"11-12-2025 00:00","1762905609","0.991","0.002","0.0015","0.001","0.001","0.001","0.001"
"11-13-2025 00:00","1762992006","0.9905","0.002","0.0015","0.001","0.001","0.001","0.001"
"11-14-2025 00:00","1763078407","0.9895","0.002","0.0015","0.001","0.0005","0.0005","0.0005"
"11-15-2025 00:00","1763164807","0.9895","0.0025","0.0015","0.001","0.0005","0.0005","0.0005"
"11-16-2025 00:00","1763251206","0.993","0.002","0.0015","0.001","0.001","0.0005","0.0005"
"11-17-2025 00:00","1763337606","0.991","0.002","0.0015","0.001","0.001","0.0005","0.0005"
"11-18-2025 00:00","1763424006","0.989","0.002","0.0015","0.001","0.001","0.0005","0.0005"
"11-19-2025 00:00","1763510407","0.991","0.002","0.0015","0.001","0.001","0.0005","0.0005"