id,title,text,author,subreddit,score,upvote_ratio,num_comments,created_utc,url,permalink,is_self,type
1o5fkpg,Q&A: THREAD SEMANAL DE CONSULTAS BASICAS,"Este thread semanal se usa para consultas basicas, preguntas que se puedan responder sin mucha opinion y sin generar una discusion que amerite un post propio. Tambien se usa para consultas que se repiten seguido.

\- Antes de postear revisá los posteos anteriores, usa el buscador. Se recomienda usar Google directamente, de la siguiente manera: `site:reddit.com/r/merval como hacer factura E`

\- Revisá [la wiki del sub](https://www.reddit.com/r/merval/wiki/index) antes de postear.

\- Hay un grupo de Discord del sub, recomendado para consultas mas del día a día o cosas puntuales. Para unirte seguí [este link de invitacion](https://discord.gg/e2zMxEjj2j).

Algunas categoria destacadas:

* [**Consultas Básicas**](https://new.reddit.com/r/merval/search?sort=new&restrict_sr=on&q=flair%3A%22CONSULTAS%20BASICAS%22)
* [**Dólar, FX**](https://new.reddit.com/r/merval/search?sort=new&restrict_sr=on&q=flair%3A%22DOLAR%22)
* [**Criptomonedas**](https://new.reddit.com/r/merval/search?sort=new&restrict_sr=on&q=flair%3A%22CRYPTO%22) 
* [**Tutoriales**](https://new.reddit.com/r/merval/search/?q=flair%3A%22TUTORIALES%22&restrict_sr=1)
* [**Bancos y Fintech**](https://new.reddit.com/r/merval/search?sort=new&restrict_sr=on&q=flair%3A%22BANCOS%20%26%20FINTECH%22)",AutoModerator,merval,5,0.86,360,2025-10-13 10:00:33,https://www.reddit.com/r/merval/comments/1o5fkpg/qa_thread_semanal_de_consultas_basicas/,/r/merval/comments/1o5fkpg/qa_thread_semanal_de_consultas_basicas/,True,post
